typecheck, test, PostgreSQL, e2e, build	Set up job	﻿2026-10-06T03:36:34.6000811Z Current runner version: '2.337.0'
typecheck, test, PostgreSQL, e2e, build	Set up job	2026-10-06T03:36:34.6036335Z ##[group]Runner Image Provisioner
typecheck, test, PostgreSQL, e2e, build	Set up job	2026-10-06T03:36:34.6037564Z Hosted Compute Agent
typecheck, test, PostgreSQL, e2e, build	Set up job	2026-10-06T03:36:34.6038702Z Version: 20260901.588
typecheck, test, PostgreSQL, e2e, build	Set up job	2026-10-06T03:36:34.6039874Z Commit: f88ec8081b781fac6c440065ac7ff9e710ce3d0b
typecheck, test, PostgreSQL, e2e, build	Set up job	2026-10-06T03:36:34.6041199Z Build Date: 2026-09-01T19:56:44Z
typecheck, test, PostgreSQL, e2e, build	Set up job	2026-10-06T03:36:34.6042350Z Worker ID: {d37ae2df-3655-495c-a4bd-49651e1f8c61}
typecheck, test, PostgreSQL, e2e, build	Set up job	2026-10-06T03:36:34.6043540Z Azure Region: eastus2
typecheck, test, PostgreSQL, e2e, build	Set up job	2026-10-06T03:36:34.6044598Z ##[endgroup]
typecheck, test, PostgreSQL, e2e, build	Set up job	2026-10-06T03:36:34.6047257Z ##[group]Operating System
typecheck, test, PostgreSQL, e2e, build	Set up job	2026-10-06T03:36:34.6048399Z Ubuntu
typecheck, test, PostgreSQL, e2e, build	Set up job	2026-10-06T03:36:34.6049235Z 24.04.5
typecheck, test, PostgreSQL, e2e, build	Set up job	2026-10-06T03:36:34.6050070Z LTS
typecheck, test, PostgreSQL, e2e, build	Set up job	2026-10-06T03:36:34.6051015Z ##[endgroup]
typecheck, test, PostgreSQL, e2e, build	Set up job	2026-10-06T03:36:34.6051926Z ##[group]Runner Image
typecheck, test, PostgreSQL, e2e, build	Set up job	2026-10-06T03:36:34.6053096Z Image: ubuntu-24.04
typecheck, test, PostgreSQL, e2e, build	Set up job	2026-10-06T03:36:34.6054037Z Version: 20260927.320.1
typecheck, test, PostgreSQL, e2e, build	Set up job	2026-10-06T03:36:34.6056072Z Included Software: https://github.com/actions/runner-images/blob/ubuntu24/20260927.320/images/ubuntu/Ubuntu2404-Readme.md
typecheck, test, PostgreSQL, e2e, build	Set up job	2026-10-06T03:36:34.6059165Z Image Release: https://github.com/actions/runner-images/releases/tag/ubuntu24%2F20260927.320
typecheck, test, PostgreSQL, e2e, build	Set up job	2026-10-06T03:36:34.6060945Z ##[endgroup]
typecheck, test, PostgreSQL, e2e, build	Set up job	2026-10-06T03:36:34.6062700Z ##[group]GITHUB_TOKEN Permissions
typecheck, test, PostgreSQL, e2e, build	Set up job	2026-10-06T03:36:34.6065604Z Contents: read
typecheck, test, PostgreSQL, e2e, build	Set up job	2026-10-06T03:36:34.6066658Z Metadata: read
typecheck, test, PostgreSQL, e2e, build	Set up job	2026-10-06T03:36:34.6067617Z ##[endgroup]
typecheck, test, PostgreSQL, e2e, build	Set up job	2026-10-06T03:36:34.6070669Z Secret source: Actions
typecheck, test, PostgreSQL, e2e, build	Set up job	2026-10-06T03:36:34.6072299Z Cache mode: write
typecheck, test, PostgreSQL, e2e, build	Set up job	2026-10-06T03:36:34.6073493Z Prepare workflow directory
typecheck, test, PostgreSQL, e2e, build	Set up job	2026-10-06T03:36:34.6875922Z Prepare all required actions
typecheck, test, PostgreSQL, e2e, build	Set up job	2026-10-06T03:36:34.6950486Z Getting action download info
typecheck, test, PostgreSQL, e2e, build	Set up job	2026-10-06T03:36:34.8974321Z Download action repository 'actions/checkout@v4' (SHA:11d5960a326750d5838078e36cf38b85af677262)
typecheck, test, PostgreSQL, e2e, build	Set up job	2026-10-06T03:36:34.9973167Z Download action repository 'pnpm/action-setup@v4' (SHA:b906affcce14559ad1aafd4ab0e942779e9f58b1)
typecheck, test, PostgreSQL, e2e, build	Set up job	2026-10-06T03:36:35.2183603Z Download action repository 'actions/setup-node@v4' (SHA:49933ea5288caeca8642d1e84afbd3f7d6820020)
typecheck, test, PostgreSQL, e2e, build	Set up job	2026-10-06T03:36:35.3031800Z Download action repository 'actions/upload-artifact@v4' (SHA:ea165f8d65b6e75b540449e92b4886f43607fa02)
typecheck, test, PostgreSQL, e2e, build	Set up job	2026-10-06T03:36:35.5703455Z Complete job name: typecheck, test, PostgreSQL, e2e, build
typecheck, test, PostgreSQL, e2e, build	Initialize containers	﻿2026-10-06T03:36:35.6307029Z ##[group]Checking docker version
typecheck, test, PostgreSQL, e2e, build	Initialize containers	2026-10-06T03:36:35.6321208Z ##[command]/usr/bin/docker version --format '{{.Server.APIVersion}}'
typecheck, test, PostgreSQL, e2e, build	Initialize containers	2026-10-06T03:36:35.7620968Z '1.48'
typecheck, test, PostgreSQL, e2e, build	Initialize containers	2026-10-06T03:36:35.7634147Z Docker daemon API version: '1.48'
typecheck, test, PostgreSQL, e2e, build	Initialize containers	2026-10-06T03:36:35.7635901Z ##[command]/usr/bin/docker version --format '{{.Client.APIVersion}}'
typecheck, test, PostgreSQL, e2e, build	Initialize containers	2026-10-06T03:36:35.7801518Z '1.48'
typecheck, test, PostgreSQL, e2e, build	Initialize containers	2026-10-06T03:36:35.7815810Z Docker client API version: '1.48'
typecheck, test, PostgreSQL, e2e, build	Initialize containers	2026-10-06T03:36:35.7821879Z ##[endgroup]
typecheck, test, PostgreSQL, e2e, build	Initialize containers	2026-10-06T03:36:35.7826896Z ##[group]Clean up resources from previous jobs
typecheck, test, PostgreSQL, e2e, build	Initialize containers	2026-10-06T03:36:35.7832678Z ##[command]/usr/bin/docker ps --all --quiet --no-trunc --filter "label=ac8763"
typecheck, test, PostgreSQL, e2e, build	Initialize containers	2026-10-06T03:36:35.7982345Z ##[command]/usr/bin/docker network prune --force --filter "label=ac8763"
typecheck, test, PostgreSQL, e2e, build	Initialize containers	2026-10-06T03:36:35.8113330Z ##[endgroup]
typecheck, test, PostgreSQL, e2e, build	Initialize containers	2026-10-06T03:36:35.8114268Z ##[group]Create local container network
typecheck, test, PostgreSQL, e2e, build	Initialize containers	2026-10-06T03:36:35.8126239Z ##[command]/usr/bin/docker network create --label ac8763 github_network_4419afa3882c41e7a1cee337fea09e4c
typecheck, test, PostgreSQL, e2e, build	Initialize containers	2026-10-06T03:36:35.8631253Z 8d2d2cac6ba2d629029ff9940e1bfb6ef373a5bbc04918d12bdd55b03759bde2
typecheck, test, PostgreSQL, e2e, build	Initialize containers	2026-10-06T03:36:35.8653528Z ##[endgroup]
typecheck, test, PostgreSQL, e2e, build	Initialize containers	2026-10-06T03:36:35.8679451Z ##[group]Starting postgres service container
typecheck, test, PostgreSQL, e2e, build	Initialize containers	2026-10-06T03:36:35.8701826Z ##[command]/usr/bin/docker pull postgres:17
typecheck, test, PostgreSQL, e2e, build	Initialize containers	2026-10-06T03:36:36.1830512Z 17: Pulling from library/postgres
typecheck, test, PostgreSQL, e2e, build	Initialize containers	2026-10-06T03:36:36.2706299Z 6b37362b3da7: Pulling fs layer
typecheck, test, PostgreSQL, e2e, build	Initialize containers	2026-10-06T03:36:36.2707695Z 0725a8be915e: Pulling fs layer
typecheck, test, PostgreSQL, e2e, build	Initialize containers	2026-10-06T03:36:36.2709156Z 71f55f60a786: Pulling fs layer
typecheck, test, PostgreSQL, e2e, build	Initialize containers	2026-10-06T03:36:36.2710305Z 564dc3c4a6f9: Pulling fs layer
typecheck, test, PostgreSQL, e2e, build	Initialize containers	2026-10-06T03:36:36.2711294Z 752819419f50: Pulling fs layer
typecheck, test, PostgreSQL, e2e, build	Initialize containers	2026-10-06T03:36:36.2712017Z 8b51b9245051: Pulling fs layer
typecheck, test, PostgreSQL, e2e, build	Initialize containers	2026-10-06T03:36:36.2713137Z 498b9ff7d682: Pulling fs layer
typecheck, test, PostgreSQL, e2e, build	Initialize containers	2026-10-06T03:36:36.2713827Z 755a851127eb: Pulling fs layer
typecheck, test, PostgreSQL, e2e, build	Initialize containers	2026-10-06T03:36:36.2715364Z bbe7b3469b20: Pulling fs layer
typecheck, test, PostgreSQL, e2e, build	Initialize containers	2026-10-06T03:36:36.2716338Z 73872941ba23: Pulling fs layer
typecheck, test, PostgreSQL, e2e, build	Initialize containers	2026-10-06T03:36:36.2717056Z 2f9b6cf2e417: Pulling fs layer
typecheck, test, PostgreSQL, e2e, build	Initialize containers	2026-10-06T03:36:36.2717564Z 3feaebf93d15: Pulling fs layer
typecheck, test, PostgreSQL, e2e, build	Initialize containers	2026-10-06T03:36:36.2717998Z 50e228e2fe6d: Pulling fs layer
typecheck, test, PostgreSQL, e2e, build	Initialize containers	2026-10-06T03:36:36.2718451Z bed9376b51dc: Pulling fs layer
typecheck, test, PostgreSQL, e2e, build	Initialize containers	2026-10-06T03:36:36.2718836Z 498b9ff7d682: Waiting
typecheck, test, PostgreSQL, e2e, build	Initialize containers	2026-10-06T03:36:36.2719198Z 755a851127eb: Waiting
typecheck, test, PostgreSQL, e2e, build	Initialize containers	2026-10-06T03:36:36.2719550Z bbe7b3469b20: Waiting
typecheck, test, PostgreSQL, e2e, build	Initialize containers	2026-10-06T03:36:36.2719893Z 73872941ba23: Waiting
typecheck, test, PostgreSQL, e2e, build	Initialize containers	2026-10-06T03:36:36.2720244Z 2f9b6cf2e417: Waiting
typecheck, test, PostgreSQL, e2e, build	Initialize containers	2026-10-06T03:36:36.2720599Z 3feaebf93d15: Waiting
typecheck, test, PostgreSQL, e2e, build	Initialize containers	2026-10-06T03:36:36.2721103Z 50e228e2fe6d: Waiting
typecheck, test, PostgreSQL, e2e, build	Initialize containers	2026-10-06T03:36:36.2721624Z bed9376b51dc: Waiting
typecheck, test, PostgreSQL, e2e, build	Initialize containers	2026-10-06T03:36:36.2722149Z 564dc3c4a6f9: Waiting
typecheck, test, PostgreSQL, e2e, build	Initialize containers	2026-10-06T03:36:36.3560526Z 0725a8be915e: Verifying Checksum
typecheck, test, PostgreSQL, e2e, build	Initialize containers	2026-10-06T03:36:36.3561517Z 0725a8be915e: Download complete
typecheck, test, PostgreSQL, e2e, build	Initialize containers	2026-10-06T03:36:36.4280018Z 71f55f60a786: Download complete
typecheck, test, PostgreSQL, e2e, build	Initialize containers	2026-10-06T03:36:36.4481584Z 564dc3c4a6f9: Download complete
typecheck, test, PostgreSQL, e2e, build	Initialize containers	2026-10-06T03:36:36.5006376Z 6b37362b3da7: Verifying Checksum
typecheck, test, PostgreSQL, e2e, build	Initialize containers	2026-10-06T03:36:36.5009255Z 6b37362b3da7: Download complete
typecheck, test, PostgreSQL, e2e, build	Initialize containers	2026-10-06T03:36:36.5307098Z 8b51b9245051: Verifying Checksum
typecheck, test, PostgreSQL, e2e, build	Initialize containers	2026-10-06T03:36:36.5309368Z 8b51b9245051: Download complete
typecheck, test, PostgreSQL, e2e, build	Initialize containers	2026-10-06T03:36:36.5553661Z 498b9ff7d682: Verifying Checksum
typecheck, test, PostgreSQL, e2e, build	Initialize containers	2026-10-06T03:36:36.5554604Z 498b9ff7d682: Download complete
typecheck, test, PostgreSQL, e2e, build	Initialize containers	2026-10-06T03:36:36.5677920Z 752819419f50: Verifying Checksum
typecheck, test, PostgreSQL, e2e, build	Initialize containers	2026-10-06T03:36:36.5679519Z 752819419f50: Download complete
typecheck, test, PostgreSQL, e2e, build	Initialize containers	2026-10-06T03:36:36.5821861Z 755a851127eb: Verifying Checksum
typecheck, test, PostgreSQL, e2e, build	Initialize containers	2026-10-06T03:36:36.5826169Z 755a851127eb: Download complete
typecheck, test, PostgreSQL, e2e, build	Initialize containers	2026-10-06T03:36:36.6221166Z 73872941ba23: Verifying Checksum
typecheck, test, PostgreSQL, e2e, build	Initialize containers	2026-10-06T03:36:36.6229570Z 73872941ba23: Download complete
typecheck, test, PostgreSQL, e2e, build	Initialize containers	2026-10-06T03:36:36.6352075Z 2f9b6cf2e417: Verifying Checksum
typecheck, test, PostgreSQL, e2e, build	Initialize containers	2026-10-06T03:36:36.6360354Z 2f9b6cf2e417: Download complete
typecheck, test, PostgreSQL, e2e, build	Initialize containers	2026-10-06T03:36:36.6791820Z 3feaebf93d15: Verifying Checksum
typecheck, test, PostgreSQL, e2e, build	Initialize containers	2026-10-06T03:36:36.6794616Z 3feaebf93d15: Download complete
typecheck, test, PostgreSQL, e2e, build	Initialize containers	2026-10-06T03:36:36.6886010Z 50e228e2fe6d: Verifying Checksum
typecheck, test, PostgreSQL, e2e, build	Initialize containers	2026-10-06T03:36:36.6913945Z 50e228e2fe6d: Download complete
typecheck, test, PostgreSQL, e2e, build	Initialize containers	2026-10-06T03:36:36.7310089Z bed9376b51dc: Verifying Checksum
typecheck, test, PostgreSQL, e2e, build	Initialize containers	2026-10-06T03:36:36.7311369Z bed9376b51dc: Download complete
typecheck, test, PostgreSQL, e2e, build	Initialize containers	2026-10-06T03:36:37.0398642Z bbe7b3469b20: Verifying Checksum
typecheck, test, PostgreSQL, e2e, build	Initialize containers	2026-10-06T03:36:37.0399691Z bbe7b3469b20: Download complete
typecheck, test, PostgreSQL, e2e, build	Initialize containers	2026-10-06T03:36:37.7155964Z 6b37362b3da7: Pull complete
typecheck, test, PostgreSQL, e2e, build	Initialize containers	2026-10-06T03:36:40.7144024Z 0725a8be915e: Pull complete
typecheck, test, PostgreSQL, e2e, build	Initialize containers	2026-10-06T03:36:40.8881915Z 71f55f60a786: Pull complete
typecheck, test, PostgreSQL, e2e, build	Initialize containers	2026-10-06T03:36:40.9276412Z 564dc3c4a6f9: Pull complete
typecheck, test, PostgreSQL, e2e, build	Initialize containers	2026-10-06T03:36:41.2331606Z 752819419f50: Pull complete
typecheck, test, PostgreSQL, e2e, build	Initialize containers	2026-10-06T03:36:41.3103554Z 8b51b9245051: Pull complete
typecheck, test, PostgreSQL, e2e, build	Initialize containers	2026-10-06T03:36:41.3179962Z 498b9ff7d682: Pull complete
typecheck, test, PostgreSQL, e2e, build	Initialize containers	2026-10-06T03:36:41.3282115Z 755a851127eb: Pull complete
typecheck, test, PostgreSQL, e2e, build	Initialize containers	2026-10-06T03:36:44.3409510Z bbe7b3469b20: Pull complete
typecheck, test, PostgreSQL, e2e, build	Initialize containers	2026-10-06T03:36:44.3564709Z 73872941ba23: Pull complete
typecheck, test, PostgreSQL, e2e, build	Initialize containers	2026-10-06T03:36:44.3652274Z 2f9b6cf2e417: Pull complete
typecheck, test, PostgreSQL, e2e, build	Initialize containers	2026-10-06T03:36:44.3740676Z 3feaebf93d15: Pull complete
typecheck, test, PostgreSQL, e2e, build	Initialize containers	2026-10-06T03:36:44.3822229Z 50e228e2fe6d: Pull complete
typecheck, test, PostgreSQL, e2e, build	Initialize containers	2026-10-06T03:36:44.3940158Z bed9376b51dc: Pull complete
typecheck, test, PostgreSQL, e2e, build	Initialize containers	2026-10-06T03:36:44.3982355Z Digest: sha256:d74eeac9a635390a49bc21bd49fccd973de707e2a53a76ac49b552b8712ec46f
typecheck, test, PostgreSQL, e2e, build	Initialize containers	2026-10-06T03:36:44.3998724Z Status: Downloaded newer image for postgres:17
typecheck, test, PostgreSQL, e2e, build	Initialize containers	2026-10-06T03:36:44.4008060Z docker.io/library/postgres:17
typecheck, test, PostgreSQL, e2e, build	Initialize containers	2026-10-06T03:36:44.4073755Z ##[command]/usr/bin/docker create --name fc3f4fc2998e47e58e0823d981d4387f_postgres17_9b9b5e --label ac8763 --network github_network_4419afa3882c41e7a1cee337fea09e4c --network-alias postgres -p 5432:5432 --health-cmd pg_isready --health-interval 10s --health-timeout 5s --health-retries 5 -e "POSTGRES_PASSWORD=37409783030" -e GITHUB_ACTIONS=true -e CI=true postgres:17
typecheck, test, PostgreSQL, e2e, build	Initialize containers	2026-10-06T03:36:44.4333598Z ae9ff95e2db84f584b08a688aa576858532bd09c220ec68f17a5c93786bfa38c
typecheck, test, PostgreSQL, e2e, build	Initialize containers	2026-10-06T03:36:44.4357567Z ##[command]/usr/bin/docker start ae9ff95e2db84f584b08a688aa576858532bd09c220ec68f17a5c93786bfa38c
typecheck, test, PostgreSQL, e2e, build	Initialize containers	2026-10-06T03:36:44.6621091Z ae9ff95e2db84f584b08a688aa576858532bd09c220ec68f17a5c93786bfa38c
typecheck, test, PostgreSQL, e2e, build	Initialize containers	2026-10-06T03:36:44.6639076Z ##[command]/usr/bin/docker ps --all --filter id=ae9ff95e2db84f584b08a688aa576858532bd09c220ec68f17a5c93786bfa38c --filter status=running --no-trunc --format "{{.ID}} {{.Status}}"
typecheck, test, PostgreSQL, e2e, build	Initialize containers	2026-10-06T03:36:44.6783304Z ae9ff95e2db84f584b08a688aa576858532bd09c220ec68f17a5c93786bfa38c Up Less than a second (health: starting)
typecheck, test, PostgreSQL, e2e, build	Initialize containers	2026-10-06T03:36:44.6805536Z ##[command]/usr/bin/docker port ae9ff95e2db84f584b08a688aa576858532bd09c220ec68f17a5c93786bfa38c
typecheck, test, PostgreSQL, e2e, build	Initialize containers	2026-10-06T03:36:44.6939586Z 5432/tcp -> 0.0.0.0:5432
typecheck, test, PostgreSQL, e2e, build	Initialize containers	2026-10-06T03:36:44.6940319Z 5432/tcp -> [::]:5432
typecheck, test, PostgreSQL, e2e, build	Initialize containers	2026-10-06T03:36:44.6989951Z ##[endgroup]
typecheck, test, PostgreSQL, e2e, build	Initialize containers	2026-10-06T03:36:44.6999318Z ##[group]Waiting for all services to be ready
typecheck, test, PostgreSQL, e2e, build	Initialize containers	2026-10-06T03:36:44.7013209Z ##[command]/usr/bin/docker inspect --format="{{if .Config.Healthcheck}}{{print .State.Health.Status}}{{end}}" ae9ff95e2db84f584b08a688aa576858532bd09c220ec68f17a5c93786bfa38c
typecheck, test, PostgreSQL, e2e, build	Initialize containers	2026-10-06T03:36:44.7162352Z starting
typecheck, test, PostgreSQL, e2e, build	Initialize containers	2026-10-06T03:36:44.7172680Z postgres service is starting, waiting 2 seconds before checking again.
typecheck, test, PostgreSQL, e2e, build	Initialize containers	2026-10-06T03:36:46.7170101Z ##[command]/usr/bin/docker inspect --format="{{if .Config.Healthcheck}}{{print .State.Health.Status}}{{end}}" ae9ff95e2db84f584b08a688aa576858532bd09c220ec68f17a5c93786bfa38c
typecheck, test, PostgreSQL, e2e, build	Initialize containers	2026-10-06T03:36:46.7308488Z starting
typecheck, test, PostgreSQL, e2e, build	Initialize containers	2026-10-06T03:36:46.7321777Z postgres service is starting, waiting 3 seconds before checking again.
typecheck, test, PostgreSQL, e2e, build	Initialize containers	2026-10-06T03:36:50.3866730Z ##[command]/usr/bin/docker inspect --format="{{if .Config.Healthcheck}}{{print .State.Health.Status}}{{end}}" ae9ff95e2db84f584b08a688aa576858532bd09c220ec68f17a5c93786bfa38c
typecheck, test, PostgreSQL, e2e, build	Initialize containers	2026-10-06T03:36:50.3995442Z starting
typecheck, test, PostgreSQL, e2e, build	Initialize containers	2026-10-06T03:36:50.4007645Z postgres service is starting, waiting 7 seconds before checking again.
typecheck, test, PostgreSQL, e2e, build	Initialize containers	2026-10-06T03:36:57.5785436Z ##[command]/usr/bin/docker inspect --format="{{if .Config.Healthcheck}}{{print .State.Health.Status}}{{end}}" ae9ff95e2db84f584b08a688aa576858532bd09c220ec68f17a5c93786bfa38c
typecheck, test, PostgreSQL, e2e, build	Initialize containers	2026-10-06T03:36:57.5910437Z healthy
typecheck, test, PostgreSQL, e2e, build	Initialize containers	2026-10-06T03:36:57.5926945Z postgres service is healthy.
typecheck, test, PostgreSQL, e2e, build	Initialize containers	2026-10-06T03:36:57.5927918Z ##[endgroup]
typecheck, test, PostgreSQL, e2e, build	Run actions/checkout@v4	﻿2026-10-06T03:36:57.6212576Z ##[group]Run actions/checkout@v4
typecheck, test, PostgreSQL, e2e, build	Run actions/checkout@v4	2026-10-06T03:36:57.6213161Z with:
typecheck, test, PostgreSQL, e2e, build	Run actions/checkout@v4	2026-10-06T03:36:57.6213403Z   repository: nnnc8/line-couple-ledger-bot
typecheck, test, PostgreSQL, e2e, build	Run actions/checkout@v4	2026-10-06T03:36:57.6216260Z   token: ***
typecheck, test, PostgreSQL, e2e, build	Run actions/checkout@v4	2026-10-06T03:36:57.6216482Z   ssh-strict: true
typecheck, test, PostgreSQL, e2e, build	Run actions/checkout@v4	2026-10-06T03:36:57.6216692Z   ssh-user: git
typecheck, test, PostgreSQL, e2e, build	Run actions/checkout@v4	2026-10-06T03:36:57.6216909Z   persist-credentials: true
typecheck, test, PostgreSQL, e2e, build	Run actions/checkout@v4	2026-10-06T03:36:57.6217148Z   clean: true
typecheck, test, PostgreSQL, e2e, build	Run actions/checkout@v4	2026-10-06T03:36:57.6217370Z   sparse-checkout-cone-mode: true
typecheck, test, PostgreSQL, e2e, build	Run actions/checkout@v4	2026-10-06T03:36:57.6217630Z   fetch-depth: 1
typecheck, test, PostgreSQL, e2e, build	Run actions/checkout@v4	2026-10-06T03:36:57.6217835Z   fetch-tags: false
typecheck, test, PostgreSQL, e2e, build	Run actions/checkout@v4	2026-10-06T03:36:57.6218052Z   show-progress: true
typecheck, test, PostgreSQL, e2e, build	Run actions/checkout@v4	2026-10-06T03:36:57.6218276Z   lfs: false
typecheck, test, PostgreSQL, e2e, build	Run actions/checkout@v4	2026-10-06T03:36:57.6218472Z   submodules: false
typecheck, test, PostgreSQL, e2e, build	Run actions/checkout@v4	2026-10-06T03:36:57.6218687Z   set-safe-directory: true
typecheck, test, PostgreSQL, e2e, build	Run actions/checkout@v4	2026-10-06T03:36:57.6218943Z   allow-unsafe-pr-checkout: false
typecheck, test, PostgreSQL, e2e, build	Run actions/checkout@v4	2026-10-06T03:36:57.6219430Z ##[endgroup]
typecheck, test, PostgreSQL, e2e, build	Run actions/checkout@v4	2026-10-06T03:36:57.7230152Z Syncing repository: nnnc8/line-couple-ledger-bot
typecheck, test, PostgreSQL, e2e, build	Run actions/checkout@v4	2026-10-06T03:36:57.7231543Z ##[group]Getting Git version info
typecheck, test, PostgreSQL, e2e, build	Run actions/checkout@v4	2026-10-06T03:36:57.7232044Z Working directory is '/home/runner/work/line-couple-ledger-bot/line-couple-ledger-bot'
typecheck, test, PostgreSQL, e2e, build	Run actions/checkout@v4	2026-10-06T03:36:57.7232757Z [command]/usr/bin/git version
typecheck, test, PostgreSQL, e2e, build	Run actions/checkout@v4	2026-10-06T03:36:57.7357604Z git version 2.55.0
typecheck, test, PostgreSQL, e2e, build	Run actions/checkout@v4	2026-10-06T03:36:57.7395916Z ##[endgroup]
typecheck, test, PostgreSQL, e2e, build	Run actions/checkout@v4	2026-10-06T03:36:57.7403259Z Temporarily overriding HOME='/home/runner/work/_temp/f5e94c72-cc82-4d85-9f6a-fcc5ea9bd93b' before making global git config changes
typecheck, test, PostgreSQL, e2e, build	Run actions/checkout@v4	2026-10-06T03:36:57.7405428Z Adding repository directory to the temporary git global config as a safe directory
typecheck, test, PostgreSQL, e2e, build	Run actions/checkout@v4	2026-10-06T03:36:57.7410202Z [command]/usr/bin/git config --global --add safe.directory /home/runner/work/line-couple-ledger-bot/line-couple-ledger-bot
typecheck, test, PostgreSQL, e2e, build	Run actions/checkout@v4	2026-10-06T03:36:57.7467885Z Deleting the contents of '/home/runner/work/line-couple-ledger-bot/line-couple-ledger-bot'
typecheck, test, PostgreSQL, e2e, build	Run actions/checkout@v4	2026-10-06T03:36:57.7471663Z ##[group]Initializing the repository
typecheck, test, PostgreSQL, e2e, build	Run actions/checkout@v4	2026-10-06T03:36:57.7477739Z [command]/usr/bin/git init /home/runner/work/line-couple-ledger-bot/line-couple-ledger-bot
typecheck, test, PostgreSQL, e2e, build	Run actions/checkout@v4	2026-10-06T03:36:57.7616746Z hint: Using 'master' as the name for the initial branch. This default branch name
typecheck, test, PostgreSQL, e2e, build	Run actions/checkout@v4	2026-10-06T03:36:57.7617808Z hint: will change to "main" in Git 3.0. To configure the initial branch name
typecheck, test, PostgreSQL, e2e, build	Run actions/checkout@v4	2026-10-06T03:36:57.7618676Z hint: to use in all of your new repositories, which will suppress this warning,
typecheck, test, PostgreSQL, e2e, build	Run actions/checkout@v4	2026-10-06T03:36:57.7619295Z hint: call:
typecheck, test, PostgreSQL, e2e, build	Run actions/checkout@v4	2026-10-06T03:36:57.7619845Z hint:
typecheck, test, PostgreSQL, e2e, build	Run actions/checkout@v4	2026-10-06T03:36:57.7624822Z hint: 	git config --global init.defaultBranch <name>
typecheck, test, PostgreSQL, e2e, build	Run actions/checkout@v4	2026-10-06T03:36:57.7625739Z hint:
typecheck, test, PostgreSQL, e2e, build	Run actions/checkout@v4	2026-10-06T03:36:57.7626308Z hint: Names commonly chosen instead of 'master' are 'main', 'trunk' and
typecheck, test, PostgreSQL, e2e, build	Run actions/checkout@v4	2026-10-06T03:36:57.7627254Z hint: 'development'. The just-created branch can be renamed via this command:
typecheck, test, PostgreSQL, e2e, build	Run actions/checkout@v4	2026-10-06T03:36:57.7627974Z hint:
typecheck, test, PostgreSQL, e2e, build	Run actions/checkout@v4	2026-10-06T03:36:57.7628376Z hint: 	git branch -m <name>
typecheck, test, PostgreSQL, e2e, build	Run actions/checkout@v4	2026-10-06T03:36:57.7628790Z hint:
typecheck, test, PostgreSQL, e2e, build	Run actions/checkout@v4	2026-10-06T03:36:57.7629381Z hint: Disable this message with "git config set advice.defaultBranchName false"
typecheck, test, PostgreSQL, e2e, build	Run actions/checkout@v4	2026-10-06T03:36:57.7630805Z Initialized empty Git repository in /home/runner/work/line-couple-ledger-bot/line-couple-ledger-bot/.git/
typecheck, test, PostgreSQL, e2e, build	Run actions/checkout@v4	2026-10-06T03:36:57.7636387Z [command]/usr/bin/git remote add origin https://github.com/nnnc8/line-couple-ledger-bot
typecheck, test, PostgreSQL, e2e, build	Run actions/checkout@v4	2026-10-06T03:36:57.7696601Z ##[endgroup]
typecheck, test, PostgreSQL, e2e, build	Run actions/checkout@v4	2026-10-06T03:36:57.7697305Z ##[group]Disabling automatic garbage collection
typecheck, test, PostgreSQL, e2e, build	Run actions/checkout@v4	2026-10-06T03:36:57.7701914Z [command]/usr/bin/git config --local gc.auto 0
typecheck, test, PostgreSQL, e2e, build	Run actions/checkout@v4	2026-10-06T03:36:57.7734407Z ##[endgroup]
typecheck, test, PostgreSQL, e2e, build	Run actions/checkout@v4	2026-10-06T03:36:57.7735372Z ##[group]Setting up auth
typecheck, test, PostgreSQL, e2e, build	Run actions/checkout@v4	2026-10-06T03:36:57.7744710Z [command]/usr/bin/git config --local --name-only --get-regexp core\.sshCommand
typecheck, test, PostgreSQL, e2e, build	Run actions/checkout@v4	2026-10-06T03:36:57.7797529Z [command]/usr/bin/git submodule foreach --recursive sh -c "git config --local --name-only --get-regexp 'core\.sshCommand' && git config --local --unset-all 'core.sshCommand' || :"
typecheck, test, PostgreSQL, e2e, build	Run actions/checkout@v4	2026-10-06T03:36:57.8221126Z [command]/usr/bin/git config --local --name-only --get-regexp http\.https\:\/\/github\.com\/\.extraheader
typecheck, test, PostgreSQL, e2e, build	Run actions/checkout@v4	2026-10-06T03:36:57.8257346Z [command]/usr/bin/git submodule foreach --recursive sh -c "git config --local --name-only --get-regexp 'http\.https\:\/\/github\.com\/\.extraheader' && git config --local --unset-all 'http.https://github.com/.extraheader' || :"
typecheck, test, PostgreSQL, e2e, build	Run actions/checkout@v4	2026-10-06T03:36:57.8486806Z [command]/usr/bin/git config --local --name-only --get-regexp ^includeIf\.gitdir:
typecheck, test, PostgreSQL, e2e, build	Run actions/checkout@v4	2026-10-06T03:36:57.8524956Z [command]/usr/bin/git submodule foreach --recursive git config --local --show-origin --name-only --get-regexp remote.origin.url
typecheck, test, PostgreSQL, e2e, build	Run actions/checkout@v4	2026-10-06T03:36:57.8752188Z [command]/usr/bin/git config --local http.https://github.com/.extraheader AUTHORIZATION: basic ***
typecheck, test, PostgreSQL, e2e, build	Run actions/checkout@v4	2026-10-06T03:36:57.8797910Z ##[endgroup]
typecheck, test, PostgreSQL, e2e, build	Run actions/checkout@v4	2026-10-06T03:36:57.8798426Z ##[group]Fetching the repository
typecheck, test, PostgreSQL, e2e, build	Run actions/checkout@v4	2026-10-06T03:36:57.8808459Z [command]/usr/bin/git -c protocol.version=2 fetch --no-tags --prune --no-recurse-submodules --depth=1 origin +9e31e032a5bfaf5354ff967145bb8594ca380c94:refs/remotes/pull/20/merge
typecheck, test, PostgreSQL, e2e, build	Run actions/checkout@v4	2026-10-06T03:37:02.7989506Z From https://github.com/nnnc8/line-couple-ledger-bot
typecheck, test, PostgreSQL, e2e, build	Run actions/checkout@v4	2026-10-06T03:37:02.7990198Z  * [new ref]         9e31e032a5bfaf5354ff967145bb8594ca380c94 -> pull/20/merge
typecheck, test, PostgreSQL, e2e, build	Run actions/checkout@v4	2026-10-06T03:37:02.7995606Z ##[endgroup]
typecheck, test, PostgreSQL, e2e, build	Run actions/checkout@v4	2026-10-06T03:37:02.7996299Z ##[group]Determining the checkout info
typecheck, test, PostgreSQL, e2e, build	Run actions/checkout@v4	2026-10-06T03:37:02.7998469Z ##[endgroup]
typecheck, test, PostgreSQL, e2e, build	Run actions/checkout@v4	2026-10-06T03:37:02.8004419Z [command]/usr/bin/git sparse-checkout disable
typecheck, test, PostgreSQL, e2e, build	Run actions/checkout@v4	2026-10-06T03:37:02.8069524Z [command]/usr/bin/git config --local --unset-all extensions.worktreeConfig
typecheck, test, PostgreSQL, e2e, build	Run actions/checkout@v4	2026-10-06T03:37:02.8102961Z ##[group]Checking out the ref
typecheck, test, PostgreSQL, e2e, build	Run actions/checkout@v4	2026-10-06T03:37:02.8107454Z [command]/usr/bin/git checkout --progress --force refs/remotes/pull/20/merge
typecheck, test, PostgreSQL, e2e, build	Run actions/checkout@v4	2026-10-06T03:37:03.4105900Z Note: switching to 'refs/remotes/pull/20/merge'.
typecheck, test, PostgreSQL, e2e, build	Run actions/checkout@v4	2026-10-06T03:37:03.4106226Z 
typecheck, test, PostgreSQL, e2e, build	Run actions/checkout@v4	2026-10-06T03:37:03.4106594Z You are in 'detached HEAD' state. You can look around, make experimental
typecheck, test, PostgreSQL, e2e, build	Run actions/checkout@v4	2026-10-06T03:37:03.4107105Z changes and commit them, and you can discard any commits you make in this
typecheck, test, PostgreSQL, e2e, build	Run actions/checkout@v4	2026-10-06T03:37:03.4107579Z state without impacting any branches by switching back to a branch.
typecheck, test, PostgreSQL, e2e, build	Run actions/checkout@v4	2026-10-06T03:37:03.4107862Z 
typecheck, test, PostgreSQL, e2e, build	Run actions/checkout@v4	2026-10-06T03:37:03.4108405Z If you want to create a new branch to retain commits you create, you may
typecheck, test, PostgreSQL, e2e, build	Run actions/checkout@v4	2026-10-06T03:37:03.4108868Z do so (now or later) by using -c with the switch command. Example:
typecheck, test, PostgreSQL, e2e, build	Run actions/checkout@v4	2026-10-06T03:37:03.4109116Z 
typecheck, test, PostgreSQL, e2e, build	Run actions/checkout@v4	2026-10-06T03:37:03.4109227Z   git switch -c <new-branch-name>
typecheck, test, PostgreSQL, e2e, build	Run actions/checkout@v4	2026-10-06T03:37:03.4109399Z 
typecheck, test, PostgreSQL, e2e, build	Run actions/checkout@v4	2026-10-06T03:37:03.4109505Z Or undo this operation with:
typecheck, test, PostgreSQL, e2e, build	Run actions/checkout@v4	2026-10-06T03:37:03.4109660Z 
typecheck, test, PostgreSQL, e2e, build	Run actions/checkout@v4	2026-10-06T03:37:03.4109752Z   git switch -
typecheck, test, PostgreSQL, e2e, build	Run actions/checkout@v4	2026-10-06T03:37:03.4109896Z 
typecheck, test, PostgreSQL, e2e, build	Run actions/checkout@v4	2026-10-06T03:37:03.4110105Z Turn off this advice by setting config variable advice.detachedHead to false
typecheck, test, PostgreSQL, e2e, build	Run actions/checkout@v4	2026-10-06T03:37:03.4110413Z 
typecheck, test, PostgreSQL, e2e, build	Run actions/checkout@v4	2026-10-06T03:37:03.4110749Z HEAD is now at 9e31e03 Merge 6e61262c400c5fcdb440a4bae5ac0a4cccc140af into aa9799cdb78fab7bc91d0648113e77a76b58f70d
typecheck, test, PostgreSQL, e2e, build	Run actions/checkout@v4	2026-10-06T03:37:03.4144728Z ##[endgroup]
typecheck, test, PostgreSQL, e2e, build	Run actions/checkout@v4	2026-10-06T03:37:03.4193546Z [command]/usr/bin/git log -1 --format=%H
typecheck, test, PostgreSQL, e2e, build	Run actions/checkout@v4	2026-10-06T03:37:03.4227898Z 9e31e032a5bfaf5354ff967145bb8594ca380c94
typecheck, test, PostgreSQL, e2e, build	Setup pnpm	﻿2026-10-06T03:37:03.4472748Z ##[group]Run pnpm/action-setup@v4
typecheck, test, PostgreSQL, e2e, build	Setup pnpm	2026-10-06T03:37:03.4473050Z with:
typecheck, test, PostgreSQL, e2e, build	Setup pnpm	2026-10-06T03:37:03.4473239Z   version: 11.1.2
typecheck, test, PostgreSQL, e2e, build	Setup pnpm	2026-10-06T03:37:03.4473445Z   dest: ~/setup-pnpm
typecheck, test, PostgreSQL, e2e, build	Setup pnpm	2026-10-06T03:37:03.4473655Z   run_install: null
typecheck, test, PostgreSQL, e2e, build	Setup pnpm	2026-10-06T03:37:03.4473850Z   cache: false
typecheck, test, PostgreSQL, e2e, build	Setup pnpm	2026-10-06T03:37:03.4474061Z   cache_dependency_path: pnpm-lock.yaml
typecheck, test, PostgreSQL, e2e, build	Setup pnpm	2026-10-06T03:37:03.4474347Z   package_json_file: package.json
typecheck, test, PostgreSQL, e2e, build	Setup pnpm	2026-10-06T03:37:03.4474590Z   standalone: false
typecheck, test, PostgreSQL, e2e, build	Setup pnpm	2026-10-06T03:37:03.4474791Z ##[endgroup]
typecheck, test, PostgreSQL, e2e, build	Setup pnpm	2026-10-06T03:37:03.5960352Z ##[group]Running self-installer...
typecheck, test, PostgreSQL, e2e, build	Setup pnpm	2026-10-06T03:37:04.0475810Z (node:2747) [DEP0169] DeprecationWarning: `url.parse()` behavior is not standardized and prone to errors that have security implications. Use the WHATWG URL API instead. CVEs are not issued for `url.parse()` vulnerabilities.
typecheck, test, PostgreSQL, e2e, build	Setup pnpm	2026-10-06T03:37:04.0477922Z (Use `node --trace-deprecation ...` to show where the warning was created)
typecheck, test, PostgreSQL, e2e, build	Setup pnpm	2026-10-06T03:37:04.2074937Z Progress: resolved 1, reused 0, downloaded 0, added 0
typecheck, test, PostgreSQL, e2e, build	Setup pnpm	2026-10-06T03:37:04.2168643Z Packages: +1
typecheck, test, PostgreSQL, e2e, build	Setup pnpm	2026-10-06T03:37:04.2169352Z +
typecheck, test, PostgreSQL, e2e, build	Setup pnpm	2026-10-06T03:37:04.5083577Z Progress: resolved 1, reused 0, downloaded 1, added 1, done
typecheck, test, PostgreSQL, e2e, build	Setup pnpm	2026-10-06T03:37:04.5344582Z 
typecheck, test, PostgreSQL, e2e, build	Setup pnpm	2026-10-06T03:37:04.5345253Z dependencies:
typecheck, test, PostgreSQL, e2e, build	Setup pnpm	2026-10-06T03:37:04.5345726Z + pnpm 11.1.2 (12.9.1 is available)
typecheck, test, PostgreSQL, e2e, build	Setup pnpm	2026-10-06T03:37:04.5346076Z 
typecheck, test, PostgreSQL, e2e, build	Setup pnpm	2026-10-06T03:37:04.5415625Z Done in 735ms
typecheck, test, PostgreSQL, e2e, build	Setup pnpm	2026-10-06T03:37:04.5683381Z ##[endgroup]
typecheck, test, PostgreSQL, e2e, build	Setup pnpm	2026-10-06T03:37:04.5683847Z Installation Completed!
typecheck, test, PostgreSQL, e2e, build	Setup Node	﻿2026-10-06T03:37:04.5864630Z ##[group]Run actions/setup-node@v4
typecheck, test, PostgreSQL, e2e, build	Setup Node	2026-10-06T03:37:04.5864943Z with:
typecheck, test, PostgreSQL, e2e, build	Setup Node	2026-10-06T03:37:04.5865474Z   node-version-file: .nvmrc
typecheck, test, PostgreSQL, e2e, build	Setup Node	2026-10-06T03:37:04.5865717Z   cache: pnpm
typecheck, test, PostgreSQL, e2e, build	Setup Node	2026-10-06T03:37:04.5865918Z   always-auth: false
typecheck, test, PostgreSQL, e2e, build	Setup Node	2026-10-06T03:37:04.5866127Z   check-latest: false
typecheck, test, PostgreSQL, e2e, build	Setup Node	2026-10-06T03:37:04.5868655Z   token: ***
typecheck, test, PostgreSQL, e2e, build	Setup Node	2026-10-06T03:37:04.5868849Z env:
typecheck, test, PostgreSQL, e2e, build	Setup Node	2026-10-06T03:37:04.5869102Z   PNPM_HOME: /home/runner/setup-pnpm/node_modules/.bin
typecheck, test, PostgreSQL, e2e, build	Setup Node	2026-10-06T03:37:04.5869411Z ##[endgroup]
typecheck, test, PostgreSQL, e2e, build	Setup Node	2026-10-06T03:37:04.7234740Z Resolved .nvmrc as 22
typecheck, test, PostgreSQL, e2e, build	Setup Node	2026-10-06T03:37:04.7313729Z (node:2761) [DEP0040] DeprecationWarning: The `punycode` module is deprecated. Please use a userland alternative instead.
typecheck, test, PostgreSQL, e2e, build	Setup Node	2026-10-06T03:37:04.7315947Z (Use `node --trace-deprecation ...` to show where the warning was created)
typecheck, test, PostgreSQL, e2e, build	Setup Node	2026-10-06T03:37:04.7317553Z Found in cache @ /opt/hostedtoolcache/node/22.23.3/x64
typecheck, test, PostgreSQL, e2e, build	Setup Node	2026-10-06T03:37:04.7318693Z ##[group]Environment details
typecheck, test, PostgreSQL, e2e, build	Setup Node	2026-10-06T03:37:05.1684032Z node: v22.23.3
typecheck, test, PostgreSQL, e2e, build	Setup Node	2026-10-06T03:37:05.1684397Z npm: 10.9.9
typecheck, test, PostgreSQL, e2e, build	Setup Node	2026-10-06T03:37:05.1684662Z yarn: 1.22.22
typecheck, test, PostgreSQL, e2e, build	Setup Node	2026-10-06T03:37:05.1685704Z ##[endgroup]
typecheck, test, PostgreSQL, e2e, build	Setup Node	2026-10-06T03:37:05.1707314Z [command]/home/runner/setup-pnpm/node_modules/.bin/pnpm store path --silent
typecheck, test, PostgreSQL, e2e, build	Setup Node	2026-10-06T03:37:05.7160073Z /home/runner/setup-pnpm/node_modules/.bin/store/v11
typecheck, test, PostgreSQL, e2e, build	Setup Node	2026-10-06T03:37:05.8131367Z Cache hit for: node-cache-Linux-x64-pnpm-e7d34886c36189ac0706ab0effe3052f1de298b285a197a656e65164d3ec493b
typecheck, test, PostgreSQL, e2e, build	Setup Node	2026-10-06T03:37:05.8242930Z (node:2761) [DEP0169] DeprecationWarning: `url.parse()` behavior is not standardized and prone to errors that have security implications. Use the WHATWG URL API instead. CVEs are not issued for `url.parse()` vulnerabilities.
typecheck, test, PostgreSQL, e2e, build	Setup Node	2026-10-06T03:37:06.7026164Z Received 138606127 of 138606127 (100.0%), 154.2 MBs/sec
typecheck, test, PostgreSQL, e2e, build	Setup Node	2026-10-06T03:37:06.7027877Z Cache Size: ~132 MB (138606127 B)
typecheck, test, PostgreSQL, e2e, build	Setup Node	2026-10-06T03:37:06.7065602Z [command]/usr/bin/tar -xf /home/runner/work/_temp/57878e2e-0c02-48a2-a5f0-72aa49c4a477/cache.tzst -P -C /home/runner/work/line-couple-ledger-bot/line-couple-ledger-bot --use-compress-program unzstd
typecheck, test, PostgreSQL, e2e, build	Setup Node	2026-10-06T03:37:08.4617304Z Cache restored successfully
typecheck, test, PostgreSQL, e2e, build	Setup Node	2026-10-06T03:37:08.4686434Z Cache restored from key: node-cache-Linux-x64-pnpm-e7d34886c36189ac0706ab0effe3052f1de298b285a197a656e65164d3ec493b
typecheck, test, PostgreSQL, e2e, build	Install	﻿2026-10-06T03:37:08.4868904Z ##[group]Run pnpm install --frozen-lockfile
typecheck, test, PostgreSQL, e2e, build	Install	2026-10-06T03:37:08.4869362Z ^[[36;1mpnpm install --frozen-lockfile^[[0m
typecheck, test, PostgreSQL, e2e, build	Install	2026-10-06T03:37:08.5119141Z shell: /usr/bin/bash -e {0}
typecheck, test, PostgreSQL, e2e, build	Install	2026-10-06T03:37:08.5119483Z env:
typecheck, test, PostgreSQL, e2e, build	Install	2026-10-06T03:37:08.5119810Z   PNPM_HOME: /home/runner/setup-pnpm/node_modules/.bin
typecheck, test, PostgreSQL, e2e, build	Install	2026-10-06T03:37:08.5120230Z ##[endgroup]
typecheck, test, PostgreSQL, e2e, build	Install	2026-10-06T03:37:08.9982325Z Lockfile is up to date, resolution step is skipped
typecheck, test, PostgreSQL, e2e, build	Install	2026-10-06T03:37:09.0512650Z Progress: resolved 1, reused 0, downloaded 0, added 0
typecheck, test, PostgreSQL, e2e, build	Install	2026-10-06T03:37:09.1246365Z Packages: +438
typecheck, test, PostgreSQL, e2e, build	Install	2026-10-06T03:37:09.1247824Z ++++++++++++++++++++++++++++++++++++++++++++++++++++++++++++++++++++++++++++++++
typecheck, test, PostgreSQL, e2e, build	Install	2026-10-06T03:37:09.7869528Z Progress: resolved 438, reused 438, downloaded 0, added 438, done
typecheck, test, PostgreSQL, e2e, build	Install	2026-10-06T03:37:10.1272202Z .../node_modules/protobufjs postinstall$ node scripts/postinstall
typecheck, test, PostgreSQL, e2e, build	Install	2026-10-06T03:37:10.1360288Z .../sharp@0.34.5/node_modules/sharp install$ node install/check.js || npm run build
typecheck, test, PostgreSQL, e2e, build	Install	2026-10-06T03:37:10.1370798Z .../node_modules/unrs-resolver postinstall$ node postinstall.js
typecheck, test, PostgreSQL, e2e, build	Install	2026-10-06T03:37:10.1731529Z .../node_modules/protobufjs postinstall: Done
typecheck, test, PostgreSQL, e2e, build	Install	2026-10-06T03:37:10.1938686Z .../node_modules/unrs-resolver postinstall: Done
typecheck, test, PostgreSQL, e2e, build	Install	2026-10-06T03:37:10.2320198Z .../sharp@0.34.5/node_modules/sharp install: Done
typecheck, test, PostgreSQL, e2e, build	Install	2026-10-06T03:37:10.2428729Z .../node_modules/@google/genai preinstall$ echo 'preinstall: no-op'
typecheck, test, PostgreSQL, e2e, build	Install	2026-10-06T03:37:10.2475810Z .../node_modules/@google/genai preinstall: preinstall: no-op
typecheck, test, PostgreSQL, e2e, build	Install	2026-10-06T03:37:10.2482639Z .../node_modules/@google/genai preinstall: Done
typecheck, test, PostgreSQL, e2e, build	Install	2026-10-06T03:37:10.3741945Z 
typecheck, test, PostgreSQL, e2e, build	Install	2026-10-06T03:37:10.3742733Z dependencies:
typecheck, test, PostgreSQL, e2e, build	Install	2026-10-06T03:37:10.3743129Z + @ai-sdk/google 4.0.1
typecheck, test, PostgreSQL, e2e, build	Install	2026-10-06T03:37:10.3743405Z + @google/genai 2.9.0
typecheck, test, PostgreSQL, e2e, build	Install	2026-10-06T03:37:10.3743657Z + @line/bot-sdk 11.0.2
typecheck, test, PostgreSQL, e2e, build	Install	2026-10-06T03:37:10.3743935Z + @supabase/supabase-js 2.108.2
typecheck, test, PostgreSQL, e2e, build	Install	2026-10-06T03:37:10.3744205Z + ai 7.0.3
typecheck, test, PostgreSQL, e2e, build	Install	2026-10-06T03:37:10.3744470Z + class-variance-authority 0.7.1
typecheck, test, PostgreSQL, e2e, build	Install	2026-10-06T03:37:10.3744733Z + clsx 2.1.1
typecheck, test, PostgreSQL, e2e, build	Install	2026-10-06T03:37:10.3744949Z + lucide-react 1.21.0
typecheck, test, PostgreSQL, e2e, build	Install	2026-10-06T03:37:10.3745507Z + next 16.2.11
typecheck, test, PostgreSQL, e2e, build	Install	2026-10-06T03:37:10.3745735Z + next-themes 0.4.6
typecheck, test, PostgreSQL, e2e, build	Install	2026-10-06T03:37:10.3745946Z + pg 8.22.0
typecheck, test, PostgreSQL, e2e, build	Install	2026-10-06T03:37:10.3746147Z + react 19.2.7
typecheck, test, PostgreSQL, e2e, build	Install	2026-10-06T03:37:10.3746371Z + react-dom 19.2.7
typecheck, test, PostgreSQL, e2e, build	Install	2026-10-06T03:37:10.3746579Z + sonner 2.0.7
typecheck, test, PostgreSQL, e2e, build	Install	2026-10-06T03:37:10.3746799Z + tailwind-merge 3.6.0
typecheck, test, PostgreSQL, e2e, build	Install	2026-10-06T03:37:10.3747043Z + tw-animate-css 1.4.0
typecheck, test, PostgreSQL, e2e, build	Install	2026-10-06T03:37:10.3747269Z + zod 4.4.3
typecheck, test, PostgreSQL, e2e, build	Install	2026-10-06T03:37:10.3747386Z 
typecheck, test, PostgreSQL, e2e, build	Install	2026-10-06T03:37:10.3747487Z devDependencies:
typecheck, test, PostgreSQL, e2e, build	Install	2026-10-06T03:37:10.3747805Z + @playwright/test 1.61.0
typecheck, test, PostgreSQL, e2e, build	Install	2026-10-06T03:37:10.3748084Z + @tailwindcss/postcss 4.3.1
typecheck, test, PostgreSQL, e2e, build	Install	2026-10-06T03:37:10.3748346Z + @types/node 26.1.1
typecheck, test, PostgreSQL, e2e, build	Install	2026-10-06T03:37:10.3748573Z + @types/pg 8.20.0
typecheck, test, PostgreSQL, e2e, build	Install	2026-10-06T03:37:10.3748806Z + @types/react 19.2.17
typecheck, test, PostgreSQL, e2e, build	Install	2026-10-06T03:37:10.3749045Z + @types/react-dom 19.2.3
typecheck, test, PostgreSQL, e2e, build	Install	2026-10-06T03:37:10.3749277Z + eslint 9.39.4
typecheck, test, PostgreSQL, e2e, build	Install	2026-10-06T03:37:10.3749512Z + eslint-config-next 16.2.11
typecheck, test, PostgreSQL, e2e, build	Install	2026-10-06T03:37:10.3749761Z + postcss 8.5.15
typecheck, test, PostgreSQL, e2e, build	Install	2026-10-06T03:37:10.3749990Z + tailwindcss 4.3.1
typecheck, test, PostgreSQL, e2e, build	Install	2026-10-06T03:37:10.3750200Z + tsx 4.22.4
typecheck, test, PostgreSQL, e2e, build	Install	2026-10-06T03:37:10.3750442Z + typescript 6.0.3
typecheck, test, PostgreSQL, e2e, build	Install	2026-10-06T03:37:10.3750571Z 
typecheck, test, PostgreSQL, e2e, build	Install	2026-10-06T03:37:10.4085470Z Done in 1.8s using pnpm v11.1.2
typecheck, test, PostgreSQL, e2e, build	Typecheck	﻿2026-10-06T03:37:10.4327111Z ##[group]Run pnpm typecheck
typecheck, test, PostgreSQL, e2e, build	Typecheck	2026-10-06T03:37:10.4327433Z ^[[36;1mpnpm typecheck^[[0m
typecheck, test, PostgreSQL, e2e, build	Typecheck	2026-10-06T03:37:10.4392622Z shell: /usr/bin/bash -e {0}
typecheck, test, PostgreSQL, e2e, build	Typecheck	2026-10-06T03:37:10.4392894Z env:
typecheck, test, PostgreSQL, e2e, build	Typecheck	2026-10-06T03:37:10.4393169Z   PNPM_HOME: /home/runner/setup-pnpm/node_modules/.bin
typecheck, test, PostgreSQL, e2e, build	Typecheck	2026-10-06T03:37:10.4393696Z ##[endgroup]
typecheck, test, PostgreSQL, e2e, build	Typecheck	2026-10-06T03:37:10.8409684Z $ tsc --noEmit
typecheck, test, PostgreSQL, e2e, build	Unit tests	﻿2026-10-06T03:37:20.4491122Z ##[group]Run pnpm test
typecheck, test, PostgreSQL, e2e, build	Unit tests	2026-10-06T03:37:20.4491623Z ^[[36;1mpnpm test^[[0m
typecheck, test, PostgreSQL, e2e, build	Unit tests	2026-10-06T03:37:20.4571982Z shell: /usr/bin/bash -e {0}
typecheck, test, PostgreSQL, e2e, build	Unit tests	2026-10-06T03:37:20.4572249Z env:
typecheck, test, PostgreSQL, e2e, build	Unit tests	2026-10-06T03:37:20.4572518Z   PNPM_HOME: /home/runner/setup-pnpm/node_modules/.bin
typecheck, test, PostgreSQL, e2e, build	Unit tests	2026-10-06T03:37:20.4572840Z ##[endgroup]
typecheck, test, PostgreSQL, e2e, build	Unit tests	2026-10-06T03:37:20.8638509Z $ tsx --test src/lib/ledger.test.ts src/lib/v2-ledger.test.ts src/lib/v2-history.test.ts src/lib/v2-timeline.test.ts src/lib/v2-transaction-status.test.ts src/lib/v2-migration.test.ts src/lib/v2-migration-apply.test.ts src/lib/v2-workflow.test.ts src/lib/v2-outbox-dispatch.test.ts src/lib/onboarding-route.test.ts src/lib/v2-navigation.test.ts src/lib/v2-entry.test.ts src/lib/v2-entry-presentation.test.ts src/lib/v2-direct-command.test.ts src/lib/db/connection-config.test.ts scripts/v3-0-test-db.test.ts .github/scripts/check-lint-baseline.test.mjs
typecheck, test, PostgreSQL, e2e, build	Unit tests	2026-10-06T03:37:21.0196397Z TAP version 13
typecheck, test, PostgreSQL, e2e, build	Unit tests	2026-10-06T03:37:21.5939192Z # Subtest: lint baseline permits unchanged findings moved to other lines
typecheck, test, PostgreSQL, e2e, build	Unit tests	2026-10-06T03:37:21.5950823Z ok 1 - lint baseline permits unchanged findings moved to other lines
typecheck, test, PostgreSQL, e2e, build	Unit tests	2026-10-06T03:37:21.5956483Z   ---
typecheck, test, PostgreSQL, e2e, build	Unit tests	2026-10-06T03:37:21.5957343Z   duration_ms: 56.512273
typecheck, test, PostgreSQL, e2e, build	Unit tests	2026-10-06T03:37:21.5985862Z   type: 'test'
typecheck, test, PostgreSQL, e2e, build	Unit tests	2026-10-06T03:37:21.5987012Z   ...
typecheck, test, PostgreSQL, e2e, build	Unit tests	2026-10-06T03:37:21.5988500Z # Subtest: lint baseline still rejects a different offending expression
typecheck, test, PostgreSQL, e2e, build	Unit tests	2026-10-06T03:37:21.6018806Z ok 2 - lint baseline still rejects a different offending expression
typecheck, test, PostgreSQL, e2e, build	Unit tests	2026-10-06T03:37:21.6019982Z   ---
typecheck, test, PostgreSQL, e2e, build	Unit tests	2026-10-06T03:37:21.6021067Z   duration_ms: 58.052345
typecheck, test, PostgreSQL, e2e, build	Unit tests	2026-10-06T03:37:21.6022064Z   type: 'test'
typecheck, test, PostgreSQL, e2e, build	Unit tests	2026-10-06T03:37:21.6022688Z   ...
typecheck, test, PostgreSQL, e2e, build	Unit tests	2026-10-06T03:37:21.6023884Z # Subtest: lint baseline still rejects additional occurrences
typecheck, test, PostgreSQL, e2e, build	Unit tests	2026-10-06T03:37:21.6025258Z ok 3 - lint baseline still rejects additional occurrences
typecheck, test, PostgreSQL, e2e, build	Unit tests	2026-10-06T03:37:21.6026457Z   ---
typecheck, test, PostgreSQL, e2e, build	Unit tests	2026-10-06T03:37:21.6027026Z   duration_ms: 47.00113
typecheck, test, PostgreSQL, e2e, build	Unit tests	2026-10-06T03:37:21.6027933Z   type: 'test'
typecheck, test, PostgreSQL, e2e, build	Unit tests	2026-10-06T03:37:21.6028519Z   ...
typecheck, test, PostgreSQL, e2e, build	Unit tests	2026-10-06T03:37:21.6029668Z # Subtest: lint baseline still rejects a new rule
typecheck, test, PostgreSQL, e2e, build	Unit tests	2026-10-06T03:37:21.6031104Z ok 4 - lint baseline still rejects a new rule
typecheck, test, PostgreSQL, e2e, build	Unit tests	2026-10-06T03:37:21.6032326Z   ---
typecheck, test, PostgreSQL, e2e, build	Unit tests	2026-10-06T03:37:21.6033205Z   duration_ms: 59.569731
typecheck, test, PostgreSQL, e2e, build	Unit tests	2026-10-06T03:37:21.6034168Z   type: 'test'
typecheck, test, PostgreSQL, e2e, build	Unit tests	2026-10-06T03:37:21.6035183Z   ...
typecheck, test, PostgreSQL, e2e, build	Unit tests	2026-10-06T03:37:21.6036335Z # Subtest: lint baseline permits removed findings
typecheck, test, PostgreSQL, e2e, build	Unit tests	2026-10-06T03:37:21.6037674Z ok 5 - lint baseline permits removed findings
typecheck, test, PostgreSQL, e2e, build	Unit tests	2026-10-06T03:37:21.6038903Z   ---
typecheck, test, PostgreSQL, e2e, build	Unit tests	2026-10-06T03:37:21.6039581Z   duration_ms: 46.391755
typecheck, test, PostgreSQL, e2e, build	Unit tests	2026-10-06T03:37:21.6040266Z   type: 'test'
typecheck, test, PostgreSQL, e2e, build	Unit tests	2026-10-06T03:37:21.6041275Z   ...
typecheck, test, PostgreSQL, e2e, build	Unit tests	2026-10-06T03:37:21.6328081Z # Subtest: PG test guards reject missing, remote and overridden targets before connection
typecheck, test, PostgreSQL, e2e, build	Unit tests	2026-10-06T03:37:21.6356173Z ok 6 - PG test guards reject missing, remote and overridden targets before connection
typecheck, test, PostgreSQL, e2e, build	Unit tests	2026-10-06T03:37:21.6385628Z   ---
typecheck, test, PostgreSQL, e2e, build	Unit tests	2026-10-06T03:37:21.6415689Z   duration_ms: 2.919079
typecheck, test, PostgreSQL, e2e, build	Unit tests	2026-10-06T03:37:21.6445735Z   type: 'test'
typecheck, test, PostgreSQL, e2e, build	Unit tests	2026-10-06T03:37:21.6446162Z   ...
typecheck, test, PostgreSQL, e2e, build	Unit tests	2026-10-06T03:37:21.6446990Z # Subtest: remote TLS remains verified after pg parses require/libpq URL options
typecheck, test, PostgreSQL, e2e, build	Unit tests	2026-10-06T03:37:21.6448224Z ok 7 - remote TLS remains verified after pg parses require/libpq URL options
typecheck, test, PostgreSQL, e2e, build	Unit tests	2026-10-06T03:37:21.6448921Z   ---
typecheck, test, PostgreSQL, e2e, build	Unit tests	2026-10-06T03:37:21.6449258Z   duration_ms: 4.060536
typecheck, test, PostgreSQL, e2e, build	Unit tests	2026-10-06T03:37:21.6449665Z   type: 'test'
typecheck, test, PostgreSQL, e2e, build	Unit tests	2026-10-06T03:37:21.6450019Z   ...
typecheck, test, PostgreSQL, e2e, build	Unit tests	2026-10-06T03:37:21.6450725Z # Subtest: only explicitly local non-production databases may use plaintext
typecheck, test, PostgreSQL, e2e, build	Unit tests	2026-10-06T03:37:21.6451683Z ok 8 - only explicitly local non-production databases may use plaintext
typecheck, test, PostgreSQL, e2e, build	Unit tests	2026-10-06T03:37:21.6452309Z   ---
typecheck, test, PostgreSQL, e2e, build	Unit tests	2026-10-06T03:37:21.6452646Z   duration_ms: 0.685488
typecheck, test, PostgreSQL, e2e, build	Unit tests	2026-10-06T03:37:21.6453030Z   type: 'test'
typecheck, test, PostgreSQL, e2e, build	Unit tests	2026-10-06T03:37:21.6453364Z   ...
typecheck, test, PostgreSQL, e2e, build	Unit tests	2026-10-06T03:37:24.2487920Z # Subtest: routes fixed commands without calling the LLM
typecheck, test, PostgreSQL, e2e, build	Unit tests	2026-10-06T03:37:24.2544401Z ok 9 - routes fixed commands without calling the LLM
typecheck, test, PostgreSQL, e2e, build	Unit tests	2026-10-06T03:37:24.2585796Z   ---
typecheck, test, PostgreSQL, e2e, build	Unit tests	2026-10-06T03:37:24.2591536Z   duration_ms: 3.811302
typecheck, test, PostgreSQL, e2e, build	Unit tests	2026-10-06T03:37:24.2600971Z   type: 'test'
typecheck, test, PostgreSQL, e2e, build	Unit tests	2026-10-06T03:37:24.2601548Z   ...
typecheck, test, PostgreSQL, e2e, build	Unit tests	2026-10-06T03:37:24.2601957Z # Subtest: routes accountant commands before the expense parser
typecheck, test, PostgreSQL, e2e, build	Unit tests	2026-10-06T03:37:24.2602498Z ok 10 - routes accountant commands before the expense parser
typecheck, test, PostgreSQL, e2e, build	Unit tests	2026-10-06T03:37:24.2602832Z   ---
typecheck, test, PostgreSQL, e2e, build	Unit tests	2026-10-06T03:37:24.2603036Z   duration_ms: 1.251262
typecheck, test, PostgreSQL, e2e, build	Unit tests	2026-10-06T03:37:24.2603266Z   type: 'test'
typecheck, test, PostgreSQL, e2e, build	Unit tests	2026-10-06T03:37:24.2603479Z   ...
typecheck, test, PostgreSQL, e2e, build	Unit tests	2026-10-06T03:37:24.2603901Z # Subtest: parses multiple inline LINE expenses before falling back to Gemini
typecheck, test, PostgreSQL, e2e, build	Unit tests	2026-10-06T03:37:24.2604505Z ok 11 - parses multiple inline LINE expenses before falling back to Gemini
typecheck, test, PostgreSQL, e2e, build	Unit tests	2026-10-06T03:37:24.2604887Z   ---
typecheck, test, PostgreSQL, e2e, build	Unit tests	2026-10-06T03:37:24.2605424Z   duration_ms: 0.940993
typecheck, test, PostgreSQL, e2e, build	Unit tests	2026-10-06T03:37:24.2605851Z   type: 'test'
typecheck, test, PostgreSQL, e2e, build	Unit tests	2026-10-06T03:37:24.2606230Z   ...
typecheck, test, PostgreSQL, e2e, build	Unit tests	2026-10-06T03:37:24.2607145Z # Subtest: routes pending receipt retarget commands before expense parsing
typecheck, test, PostgreSQL, e2e, build	Unit tests	2026-10-06T03:37:24.2609483Z ok 12 - routes pending receipt retarget commands before expense parsing
typecheck, test, PostgreSQL, e2e, build	Unit tests	2026-10-06T03:37:24.2610840Z   ---
typecheck, test, PostgreSQL, e2e, build	Unit tests	2026-10-06T03:37:24.2612751Z   duration_ms: 0.555194
typecheck, test, PostgreSQL, e2e, build	Unit tests	2026-10-06T03:37:24.2614315Z   type: 'test'
typecheck, test, PostgreSQL, e2e, build	Unit tests	2026-10-06T03:37:24.2616286Z   ...
typecheck, test, PostgreSQL, e2e, build	Unit tests	2026-10-06T03:37:24.2617408Z # Subtest: retargets pending shared receipt payloads into private transport expenses
typecheck, test, PostgreSQL, e2e, build	Unit tests	2026-10-06T03:37:24.2619406Z ok 13 - retargets pending shared receipt payloads into private transport expenses
typecheck, test, PostgreSQL, e2e, build	Unit tests	2026-10-06T03:37:24.2622275Z   ---
typecheck, test, PostgreSQL, e2e, build	Unit tests	2026-10-06T03:37:24.2622803Z   duration_ms: 3.114103
typecheck, test, PostgreSQL, e2e, build	Unit tests	2026-10-06T03:37:24.2623457Z   type: 'test'
typecheck, test, PostgreSQL, e2e, build	Unit tests	2026-10-06T03:37:24.2624115Z   ...
typecheck, test, PostgreSQL, e2e, build	Unit tests	2026-10-06T03:37:24.2625007Z # Subtest: selects a mentioned LINE group instead of the active group
typecheck, test, PostgreSQL, e2e, build	Unit tests	2026-10-06T03:37:24.2626484Z ok 14 - selects a mentioned LINE group instead of the active group
typecheck, test, PostgreSQL, e2e, build	Unit tests	2026-10-06T03:37:24.2627507Z   ---
typecheck, test, PostgreSQL, e2e, build	Unit tests	2026-10-06T03:37:24.2628100Z   duration_ms: 2.589565
typecheck, test, PostgreSQL, e2e, build	Unit tests	2026-10-06T03:37:24.2629054Z   type: 'test'
typecheck, test, PostgreSQL, e2e, build	Unit tests	2026-10-06T03:37:24.2630326Z   ...
typecheck, test, PostgreSQL, e2e, build	Unit tests	2026-10-06T03:37:24.2631864Z # Subtest: resolves a mentioned LINE group into target group and cleaned text
typecheck, test, PostgreSQL, e2e, build	Unit tests	2026-10-06T03:37:24.2633250Z ok 15 - resolves a mentioned LINE group into target group and cleaned text
typecheck, test, PostgreSQL, e2e, build	Unit tests	2026-10-06T03:37:24.2634275Z   ---
typecheck, test, PostgreSQL, e2e, build	Unit tests	2026-10-06T03:37:24.2634874Z   duration_ms: 0.381832
typecheck, test, PostgreSQL, e2e, build	Unit tests	2026-10-06T03:37:24.2635750Z   type: 'test'
typecheck, test, PostgreSQL, e2e, build	Unit tests	2026-10-06T03:37:24.2636475Z   ...
typecheck, test, PostgreSQL, e2e, build	Unit tests	2026-10-06T03:37:24.2736008Z # Subtest: LINE payer hints cover natural self and partner wording
typecheck, test, PostgreSQL, e2e, build	Unit tests	2026-10-06T03:37:24.2744678Z ok 16 - LINE payer hints cover natural self and partner wording
typecheck, test, PostgreSQL, e2e, build	Unit tests	2026-10-06T03:37:24.2785771Z   ---
typecheck, test, PostgreSQL, e2e, build	Unit tests	2026-10-06T03:37:24.2786733Z   duration_ms: 60.826175
typecheck, test, PostgreSQL, e2e, build	Unit tests	2026-10-06T03:37:24.2787396Z   type: 'test'
typecheck, test, PostgreSQL, e2e, build	Unit tests	2026-10-06T03:37:24.2787946Z   ...
typecheck, test, PostgreSQL, e2e, build	Unit tests	2026-10-06T03:37:24.2788856Z # Subtest: LINE transfer parser preserves invalid amounts for rejection
typecheck, test, PostgreSQL, e2e, build	Unit tests	2026-10-06T03:37:24.2790056Z ok 17 - LINE transfer parser preserves invalid amounts for rejection
typecheck, test, PostgreSQL, e2e, build	Unit tests	2026-10-06T03:37:24.2790841Z   ---
typecheck, test, PostgreSQL, e2e, build	Unit tests	2026-10-06T03:37:24.2791392Z   duration_ms: 9.231011
typecheck, test, PostgreSQL, e2e, build	Unit tests	2026-10-06T03:37:24.2792006Z   type: 'test'
typecheck, test, PostgreSQL, e2e, build	Unit tests	2026-10-06T03:37:24.2792512Z   ...
typecheck, test, PostgreSQL, e2e, build	Unit tests	2026-10-06T03:37:24.2976143Z # Subtest: LINE money movement parser keeps transfer direction deterministic
typecheck, test, PostgreSQL, e2e, build	Unit tests	2026-10-06T03:37:24.3006240Z ok 18 - LINE money movement parser keeps transfer direction deterministic
typecheck, test, PostgreSQL, e2e, build	Unit tests	2026-10-06T03:37:24.3020380Z   ---
typecheck, test, PostgreSQL, e2e, build	Unit tests	2026-10-06T03:37:24.3021062Z   duration_ms: 3.147124
typecheck, test, PostgreSQL, e2e, build	Unit tests	2026-10-06T03:37:24.3021734Z   type: 'test'
typecheck, test, PostgreSQL, e2e, build	Unit tests	2026-10-06T03:37:24.3022302Z   ...
typecheck, test, PostgreSQL, e2e, build	Unit tests	2026-10-06T03:37:24.3023295Z # Subtest: ledger agent treats historical maximum questions as all-history queries
typecheck, test, PostgreSQL, e2e, build	Unit tests	2026-10-06T03:37:24.3024653Z ok 19 - ledger agent treats historical maximum questions as all-history queries
typecheck, test, PostgreSQL, e2e, build	Unit tests	2026-10-06T03:37:24.3025851Z   ---
typecheck, test, PostgreSQL, e2e, build	Unit tests	2026-10-06T03:37:24.3026414Z   duration_ms: 0.480526
typecheck, test, PostgreSQL, e2e, build	Unit tests	2026-10-06T03:37:24.3027089Z   type: 'test'
typecheck, test, PostgreSQL, e2e, build	Unit tests	2026-10-06T03:37:24.3027673Z   ...
typecheck, test, PostgreSQL, e2e, build	Unit tests	2026-10-06T03:37:24.3028552Z # Subtest: compares setup codes without accepting different lengths
typecheck, test, PostgreSQL, e2e, build	Unit tests	2026-10-06T03:37:24.3029838Z ok 20 - compares setup codes without accepting different lengths
typecheck, test, PostgreSQL, e2e, build	Unit tests	2026-10-06T03:37:24.3031227Z   ---
typecheck, test, PostgreSQL, e2e, build	Unit tests	2026-10-06T03:37:24.3031882Z   duration_ms: 0.227524
typecheck, test, PostgreSQL, e2e, build	Unit tests	2026-10-06T03:37:24.3032530Z   type: 'test'
typecheck, test, PostgreSQL, e2e, build	Unit tests	2026-10-06T03:37:24.3033380Z   ...
typecheck, test, PostgreSQL, e2e, build	Unit tests	2026-10-06T03:37:24.3034297Z # Subtest: rejects tampered and expired application sessions
typecheck, test, PostgreSQL, e2e, build	Unit tests	2026-10-06T03:37:24.3035621Z ok 21 - rejects tampered and expired application sessions
typecheck, test, PostgreSQL, e2e, build	Unit tests	2026-10-06T03:37:24.3036624Z   ---
typecheck, test, PostgreSQL, e2e, build	Unit tests	2026-10-06T03:37:24.3037286Z   duration_ms: 0.772369
typecheck, test, PostgreSQL, e2e, build	Unit tests	2026-10-06T03:37:24.3037923Z   type: 'test'
typecheck, test, PostgreSQL, e2e, build	Unit tests	2026-10-06T03:37:24.3038511Z   ...
typecheck, test, PostgreSQL, e2e, build	Unit tests	2026-10-06T03:37:24.3039355Z # Subtest: neutralizes spreadsheet formulas in CSV exports
typecheck, test, PostgreSQL, e2e, build	Unit tests	2026-10-06T03:37:24.3040417Z ok 22 - neutralizes spreadsheet formulas in CSV exports
typecheck, test, PostgreSQL, e2e, build	Unit tests	2026-10-06T03:37:24.3041212Z   ---
typecheck, test, PostgreSQL, e2e, build	Unit tests	2026-10-06T03:37:24.3041826Z   duration_ms: 0.629964
typecheck, test, PostgreSQL, e2e, build	Unit tests	2026-10-06T03:37:24.3042472Z   type: 'test'
typecheck, test, PostgreSQL, e2e, build	Unit tests	2026-10-06T03:37:24.3043047Z   ...
typecheck, test, PostgreSQL, e2e, build	Unit tests	2026-10-06T03:37:24.3044025Z # Subtest: splits even and odd TWD amounts with the payer taking the remainder
typecheck, test, PostgreSQL, e2e, build	Unit tests	2026-10-06T03:37:24.3045535Z ok 23 - splits even and odd TWD amounts with the payer taking the remainder
typecheck, test, PostgreSQL, e2e, build	Unit tests	2026-10-06T03:37:24.3046431Z   ---
typecheck, test, PostgreSQL, e2e, build	Unit tests	2026-10-06T03:37:24.3046971Z   duration_ms: 0.201316
typecheck, test, PostgreSQL, e2e, build	Unit tests	2026-10-06T03:37:24.3047644Z   type: 'test'
typecheck, test, PostgreSQL, e2e, build	Unit tests	2026-10-06T03:37:24.3048260Z   ...
typecheck, test, PostgreSQL, e2e, build	Unit tests	2026-10-06T03:37:24.3049260Z # Subtest: validates exact shares and percentage rounding
typecheck, test, PostgreSQL, e2e, build	Unit tests	2026-10-06T03:37:24.3050745Z ok 24 - validates exact shares and percentage rounding
typecheck, test, PostgreSQL, e2e, build	Unit tests	2026-10-06T03:37:24.3051646Z   ---
typecheck, test, PostgreSQL, e2e, build	Unit tests	2026-10-06T03:37:24.3052400Z   duration_ms: 0.871484
typecheck, test, PostgreSQL, e2e, build	Unit tests	2026-10-06T03:37:24.3053247Z   type: 'test'
typecheck, test, PostgreSQL, e2e, build	Unit tests	2026-10-06T03:37:24.3053932Z   ...
typecheck, test, PostgreSQL, e2e, build	Unit tests	2026-10-06T03:37:24.3055353Z # Subtest: ledger core normalizes private expense drafts
typecheck, test, PostgreSQL, e2e, build	Unit tests	2026-10-06T03:37:24.3056761Z ok 25 - ledger core normalizes private expense drafts
typecheck, test, PostgreSQL, e2e, build	Unit tests	2026-10-06T03:37:24.3057829Z   ---
typecheck, test, PostgreSQL, e2e, build	Unit tests	2026-10-06T03:37:24.3058636Z   duration_ms: 0.336878
typecheck, test, PostgreSQL, e2e, build	Unit tests	2026-10-06T03:37:24.3059523Z   type: 'test'
typecheck, test, PostgreSQL, e2e, build	Unit tests	2026-10-06T03:37:24.3060267Z   ...
typecheck, test, PostgreSQL, e2e, build	Unit tests	2026-10-06T03:37:24.3061224Z # Subtest: ledger core rejects private expenses paid by partner
typecheck, test, PostgreSQL, e2e, build	Unit tests	2026-10-06T03:37:24.3062712Z ok 26 - ledger core rejects private expenses paid by partner
typecheck, test, PostgreSQL, e2e, build	Unit tests	2026-10-06T03:37:24.3063821Z   ---
typecheck, test, PostgreSQL, e2e, build	Unit tests	2026-10-06T03:37:24.3064691Z   duration_ms: 0.409413
typecheck, test, PostgreSQL, e2e, build	Unit tests	2026-10-06T03:37:24.3065690Z   type: 'test'
typecheck, test, PostgreSQL, e2e, build	Unit tests	2026-10-06T03:37:24.3066419Z   ...
typecheck, test, PostgreSQL, e2e, build	Unit tests	2026-10-06T03:37:24.3067474Z # Subtest: ledger core builds settlement drafts from balances
typecheck, test, PostgreSQL, e2e, build	Unit tests	2026-10-06T03:37:24.3068738Z ok 27 - ledger core builds settlement drafts from balances
typecheck, test, PostgreSQL, e2e, build	Unit tests	2026-10-06T03:37:24.3069896Z   ---
typecheck, test, PostgreSQL, e2e, build	Unit tests	2026-10-06T03:37:24.3070681Z   duration_ms: 0.318333
typecheck, test, PostgreSQL, e2e, build	Unit tests	2026-10-06T03:37:24.3071508Z   type: 'test'
typecheck, test, PostgreSQL, e2e, build	Unit tests	2026-10-06T03:37:24.3072215Z   ...
typecheck, test, PostgreSQL, e2e, build	Unit tests	2026-10-06T03:37:24.3098269Z # Subtest: ledger core creates versioned pending-action envelopes
typecheck, test, PostgreSQL, e2e, build	Unit tests	2026-10-06T03:37:24.3106380Z ok 28 - ledger core creates versioned pending-action envelopes
typecheck, test, PostgreSQL, e2e, build	Unit tests	2026-10-06T03:37:24.3133573Z   ---
typecheck, test, PostgreSQL, e2e, build	Unit tests	2026-10-06T03:37:24.3166031Z   duration_ms: 3.949068
typecheck, test, PostgreSQL, e2e, build	Unit tests	2026-10-06T03:37:24.3196210Z   type: 'test'
typecheck, test, PostgreSQL, e2e, build	Unit tests	2026-10-06T03:37:24.3197027Z   ...
typecheck, test, PostgreSQL, e2e, build	Unit tests	2026-10-06T03:37:24.3206866Z # Subtest: accountant snapshot does not leak the partner private ledger
typecheck, test, PostgreSQL, e2e, build	Unit tests	2026-10-06T03:37:24.3208483Z ok 29 - accountant snapshot does not leak the partner private ledger
typecheck, test, PostgreSQL, e2e, build	Unit tests	2026-10-06T03:37:24.3210006Z   ---
typecheck, test, PostgreSQL, e2e, build	Unit tests	2026-10-06T03:37:24.3210831Z   duration_ms: 0.679265
typecheck, test, PostgreSQL, e2e, build	Unit tests	2026-10-06T03:37:24.3211807Z   type: 'test'
typecheck, test, PostgreSQL, e2e, build	Unit tests	2026-10-06T03:37:24.3212704Z   ...
typecheck, test, PostgreSQL, e2e, build	Unit tests	2026-10-06T03:37:24.3213989Z # Subtest: ledger agent filters time ranges without leaking partner private expenses
typecheck, test, PostgreSQL, e2e, build	Unit tests	2026-10-06T03:37:24.3216024Z ok 30 - ledger agent filters time ranges without leaking partner private expenses
typecheck, test, PostgreSQL, e2e, build	Unit tests	2026-10-06T03:37:24.3217388Z   ---
typecheck, test, PostgreSQL, e2e, build	Unit tests	2026-10-06T03:37:24.3218312Z   duration_ms: 0.587344
typecheck, test, PostgreSQL, e2e, build	Unit tests	2026-10-06T03:37:24.3219202Z   type: 'test'
typecheck, test, PostgreSQL, e2e, build	Unit tests	2026-10-06T03:37:24.3220149Z   ...
typecheck, test, PostgreSQL, e2e, build	Unit tests	2026-10-06T03:37:24.3221423Z # Subtest: category analytics use free category labels instead of enum categories
typecheck, test, PostgreSQL, e2e, build	Unit tests	2026-10-06T03:37:24.3223045Z ok 31 - category analytics use free category labels instead of enum categories
typecheck, test, PostgreSQL, e2e, build	Unit tests	2026-10-06T03:37:24.3224181Z   ---
typecheck, test, PostgreSQL, e2e, build	Unit tests	2026-10-06T03:37:24.3224909Z   duration_ms: 0.869049
typecheck, test, PostgreSQL, e2e, build	Unit tests	2026-10-06T03:37:24.3226162Z   type: 'test'
typecheck, test, PostgreSQL, e2e, build	Unit tests	2026-10-06T03:37:24.3226957Z   ...
typecheck, test, PostgreSQL, e2e, build	Unit tests	2026-10-06T03:37:24.3228387Z # Subtest: category analytics uses tags directly
typecheck, test, PostgreSQL, e2e, build	Unit tests	2026-10-06T03:37:24.3229580Z ok 32 - category analytics uses tags directly
typecheck, test, PostgreSQL, e2e, build	Unit tests	2026-10-06T03:37:24.3230792Z   ---
typecheck, test, PostgreSQL, e2e, build	Unit tests	2026-10-06T03:37:24.3231828Z   duration_ms: 0.239366
typecheck, test, PostgreSQL, e2e, build	Unit tests	2026-10-06T03:37:24.3232689Z   type: 'test'
typecheck, test, PostgreSQL, e2e, build	Unit tests	2026-10-06T03:37:24.3233630Z   ...
typecheck, test, PostgreSQL, e2e, build	Unit tests	2026-10-06T03:37:24.3234969Z # Subtest: group-aware category fallback keeps food groups coarse and parking specific
typecheck, test, PostgreSQL, e2e, build	Unit tests	2026-10-06T03:37:24.3237111Z ok 33 - group-aware category fallback keeps food groups coarse and parking specific
typecheck, test, PostgreSQL, e2e, build	Unit tests	2026-10-06T03:37:24.3238392Z   ---
typecheck, test, PostgreSQL, e2e, build	Unit tests	2026-10-06T03:37:24.3239164Z   duration_ms: 0.881793
typecheck, test, PostgreSQL, e2e, build	Unit tests	2026-10-06T03:37:24.3240147Z   type: 'test'
typecheck, test, PostgreSQL, e2e, build	Unit tests	2026-10-06T03:37:24.3240937Z   ...
typecheck, test, PostgreSQL, e2e, build	Unit tests	2026-10-06T03:37:24.3242315Z # Subtest: category classifier keeps rules and history off the LLM path
typecheck, test, PostgreSQL, e2e, build	Unit tests	2026-10-06T03:37:24.3243853Z ok 34 - category classifier keeps rules and history off the LLM path
typecheck, test, PostgreSQL, e2e, build	Unit tests	2026-10-06T03:37:24.3244958Z   ---
typecheck, test, PostgreSQL, e2e, build	Unit tests	2026-10-06T03:37:24.3246239Z   duration_ms: 0.759916
typecheck, test, PostgreSQL, e2e, build	Unit tests	2026-10-06T03:37:24.3247074Z   type: 'test'
typecheck, test, PostgreSQL, e2e, build	Unit tests	2026-10-06T03:37:24.3248028Z   ...
typecheck, test, PostgreSQL, e2e, build	Unit tests	2026-10-06T03:37:28.2996760Z # Subtest: category classifier uses injected generator and always falls back safely
typecheck, test, PostgreSQL, e2e, build	Unit tests	2026-10-06T03:37:28.2998822Z ok 35 - category classifier uses injected generator and always falls back safely
typecheck, test, PostgreSQL, e2e, build	Unit tests	2026-10-06T03:37:28.2999937Z   ---
typecheck, test, PostgreSQL, e2e, build	Unit tests	2026-10-06T03:37:28.3000667Z   duration_ms: 4004.71227
typecheck, test, PostgreSQL, e2e, build	Unit tests	2026-10-06T03:37:28.3001457Z   type: 'test'
typecheck, test, PostgreSQL, e2e, build	Unit tests	2026-10-06T03:37:28.3002056Z   ...
typecheck, test, PostgreSQL, e2e, build	Unit tests	2026-10-06T03:37:28.3394515Z # Subtest: tag frequency for prompts excludes both generic other labels
typecheck, test, PostgreSQL, e2e, build	Unit tests	2026-10-06T03:37:28.3396540Z ok 36 - tag frequency for prompts excludes both generic other labels
typecheck, test, PostgreSQL, e2e, build	Unit tests	2026-10-06T03:37:28.3398004Z   ---
typecheck, test, PostgreSQL, e2e, build	Unit tests	2026-10-06T03:37:28.3398642Z   duration_ms: 2.860346
typecheck, test, PostgreSQL, e2e, build	Unit tests	2026-10-06T03:37:28.3399454Z   type: 'test'
typecheck, test, PostgreSQL, e2e, build	Unit tests	2026-10-06T03:37:28.3400351Z   ...
typecheck, test, PostgreSQL, e2e, build	Unit tests	2026-10-06T03:37:28.3401699Z # Subtest: shared expense private mirror records only the requester split
typecheck, test, PostgreSQL, e2e, build	Unit tests	2026-10-06T03:37:28.3406563Z ok 37 - shared expense private mirror records only the requester split
typecheck, test, PostgreSQL, e2e, build	Unit tests	2026-10-06T03:37:28.3408283Z   ---
typecheck, test, PostgreSQL, e2e, build	Unit tests	2026-10-06T03:37:28.3409220Z   duration_ms: 0.285653
typecheck, test, PostgreSQL, e2e, build	Unit tests	2026-10-06T03:37:28.3410246Z   type: 'test'
typecheck, test, PostgreSQL, e2e, build	Unit tests	2026-10-06T03:37:28.3411068Z   ...
typecheck, test, PostgreSQL, e2e, build	Unit tests	2026-10-06T03:37:28.3412480Z # Subtest: bootstrap expense split keeps shared groups and private ledger separate
typecheck, test, PostgreSQL, e2e, build	Unit tests	2026-10-06T03:37:28.3414204Z ok 38 - bootstrap expense split keeps shared groups and private ledger separate
typecheck, test, PostgreSQL, e2e, build	Unit tests	2026-10-06T03:37:28.3415770Z   ---
typecheck, test, PostgreSQL, e2e, build	Unit tests	2026-10-06T03:37:28.3416694Z   duration_ms: 0.339532
typecheck, test, PostgreSQL, e2e, build	Unit tests	2026-10-06T03:37:28.3417651Z   type: 'test'
typecheck, test, PostgreSQL, e2e, build	Unit tests	2026-10-06T03:37:28.3418537Z   ...
typecheck, test, PostgreSQL, e2e, build	Unit tests	2026-10-06T03:37:28.3419846Z # Subtest: batch category cleanup only updates accessible current expenses
typecheck, test, PostgreSQL, e2e, build	Unit tests	2026-10-06T03:37:28.3421559Z ok 39 - batch category cleanup only updates accessible current expenses
typecheck, test, PostgreSQL, e2e, build	Unit tests	2026-10-06T03:37:28.3422733Z   ---
typecheck, test, PostgreSQL, e2e, build	Unit tests	2026-10-06T03:37:28.3423741Z   duration_ms: 0.661303
typecheck, test, PostgreSQL, e2e, build	Unit tests	2026-10-06T03:37:28.3424715Z   type: 'test'
typecheck, test, PostgreSQL, e2e, build	Unit tests	2026-10-06T03:37:28.3425805Z   ...
typecheck, test, PostgreSQL, e2e, build	Unit tests	2026-10-06T03:37:28.3427310Z # Subtest: rejects accountant reports whose facts do not match the ledger snapshot
typecheck, test, PostgreSQL, e2e, build	Unit tests	2026-10-06T03:37:28.3429003Z ok 40 - rejects accountant reports whose facts do not match the ledger snapshot
typecheck, test, PostgreSQL, e2e, build	Unit tests	2026-10-06T03:37:28.3430369Z   ---
typecheck, test, PostgreSQL, e2e, build	Unit tests	2026-10-06T03:37:28.3431269Z   duration_ms: 0.242662
typecheck, test, PostgreSQL, e2e, build	Unit tests	2026-10-06T03:37:28.3432267Z   type: 'test'
typecheck, test, PostgreSQL, e2e, build	Unit tests	2026-10-06T03:37:28.3433209Z   ...
typecheck, test, PostgreSQL, e2e, build	Unit tests	2026-10-06T03:37:28.3434360Z # Subtest: only safe accountant suggestions can become pending actions
typecheck, test, PostgreSQL, e2e, build	Unit tests	2026-10-06T03:37:28.3436309Z ok 41 - only safe accountant suggestions can become pending actions
typecheck, test, PostgreSQL, e2e, build	Unit tests	2026-10-06T03:37:28.3437521Z   ---
typecheck, test, PostgreSQL, e2e, build	Unit tests	2026-10-06T03:37:28.3438578Z   duration_ms: 0.64364
typecheck, test, PostgreSQL, e2e, build	Unit tests	2026-10-06T03:37:28.3439471Z   type: 'test'
typecheck, test, PostgreSQL, e2e, build	Unit tests	2026-10-06T03:37:28.3440578Z   ...
typecheck, test, PostgreSQL, e2e, build	Unit tests	2026-10-06T03:37:28.3441987Z # Subtest: learns an other category from matching historical merchants and descriptions
typecheck, test, PostgreSQL, e2e, build	Unit tests	2026-10-06T03:37:28.3452103Z ok 42 - learns an other category from matching historical merchants and descriptions
typecheck, test, PostgreSQL, e2e, build	Unit tests	2026-10-06T03:37:28.3457213Z   ---
typecheck, test, PostgreSQL, e2e, build	Unit tests	2026-10-06T03:37:28.3457992Z   duration_ms: 0.447273
typecheck, test, PostgreSQL, e2e, build	Unit tests	2026-10-06T03:37:28.3459022Z   type: 'test'
typecheck, test, PostgreSQL, e2e, build	Unit tests	2026-10-06T03:37:28.3460197Z   ...
typecheck, test, PostgreSQL, e2e, build	Unit tests	2026-10-06T03:37:28.3461331Z # Subtest: advances recurring dates without drifting month end
typecheck, test, PostgreSQL, e2e, build	Unit tests	2026-10-06T03:37:28.3462771Z ok 43 - advances recurring dates without drifting month end
typecheck, test, PostgreSQL, e2e, build	Unit tests	2026-10-06T03:37:28.3464211Z   ---
typecheck, test, PostgreSQL, e2e, build	Unit tests	2026-10-06T03:37:28.3465393Z   duration_ms: 0.35968
typecheck, test, PostgreSQL, e2e, build	Unit tests	2026-10-06T03:37:28.3466242Z   type: 'test'
typecheck, test, PostgreSQL, e2e, build	Unit tests	2026-10-06T03:37:28.3466976Z   ...
typecheck, test, PostgreSQL, e2e, build	Unit tests	2026-10-06T03:37:28.3468015Z # Subtest: retargets batch pending payloads into private transport expenses
typecheck, test, PostgreSQL, e2e, build	Unit tests	2026-10-06T03:37:28.3469531Z ok 44 - retargets batch pending payloads into private transport expenses
typecheck, test, PostgreSQL, e2e, build	Unit tests	2026-10-06T03:37:28.3470532Z   ---
typecheck, test, PostgreSQL, e2e, build	Unit tests	2026-10-06T03:37:28.3471192Z   duration_ms: 0.878417
typecheck, test, PostgreSQL, e2e, build	Unit tests	2026-10-06T03:37:28.3472062Z   type: 'test'
typecheck, test, PostgreSQL, e2e, build	Unit tests	2026-10-06T03:37:28.3472756Z   ...
typecheck, test, PostgreSQL, e2e, build	Unit tests	2026-10-06T03:37:28.3473640Z # Subtest: retarget updates envelope command alongside legacy payload
typecheck, test, PostgreSQL, e2e, build	Unit tests	2026-10-06T03:37:28.3474728Z ok 45 - retarget updates envelope command alongside legacy payload
typecheck, test, PostgreSQL, e2e, build	Unit tests	2026-10-06T03:37:28.3475739Z   ---
typecheck, test, PostgreSQL, e2e, build	Unit tests	2026-10-06T03:37:28.3476258Z   duration_ms: 0.505652
typecheck, test, PostgreSQL, e2e, build	Unit tests	2026-10-06T03:37:28.3476828Z   type: 'test'
typecheck, test, PostgreSQL, e2e, build	Unit tests	2026-10-06T03:37:28.3477347Z   ...
typecheck, test, PostgreSQL, e2e, build	Unit tests	2026-10-06T03:37:28.3478218Z # Subtest: receipt service purges expired deleted receipts from storage and db
typecheck, test, PostgreSQL, e2e, build	Unit tests	2026-10-06T03:37:28.3479420Z ok 46 - receipt service purges expired deleted receipts from storage and db
typecheck, test, PostgreSQL, e2e, build	Unit tests	2026-10-06T03:37:28.3480259Z   ---
typecheck, test, PostgreSQL, e2e, build	Unit tests	2026-10-06T03:37:28.3480765Z   duration_ms: 0.388093
typecheck, test, PostgreSQL, e2e, build	Unit tests	2026-10-06T03:37:28.3481324Z   type: 'test'
typecheck, test, PostgreSQL, e2e, build	Unit tests	2026-10-06T03:37:28.3481826Z   ...
typecheck, test, PostgreSQL, e2e, build	Unit tests	2026-10-06T03:37:28.3482597Z # Subtest: daily jobs expire only pending actions past their deadline
typecheck, test, PostgreSQL, e2e, build	Unit tests	2026-10-06T03:37:28.3483783Z ok 47 - daily jobs expire only pending actions past their deadline
typecheck, test, PostgreSQL, e2e, build	Unit tests	2026-10-06T03:37:28.3484734Z   ---
typecheck, test, PostgreSQL, e2e, build	Unit tests	2026-10-06T03:37:28.3485636Z   duration_ms: 0.298096
typecheck, test, PostgreSQL, e2e, build	Unit tests	2026-10-06T03:37:28.3486670Z   type: 'test'
typecheck, test, PostgreSQL, e2e, build	Unit tests	2026-10-06T03:37:28.3487335Z   ...
typecheck, test, PostgreSQL, e2e, build	Unit tests	2026-10-06T03:37:28.3488218Z # Subtest: calculates who owes whom and applies settlements
typecheck, test, PostgreSQL, e2e, build	Unit tests	2026-10-06T03:37:28.3489398Z ok 48 - calculates who owes whom and applies settlements
typecheck, test, PostgreSQL, e2e, build	Unit tests	2026-10-06T03:37:28.3490325Z   ---
typecheck, test, PostgreSQL, e2e, build	Unit tests	2026-10-06T03:37:28.3490955Z   duration_ms: 0.249144
typecheck, test, PostgreSQL, e2e, build	Unit tests	2026-10-06T03:37:28.3491654Z   type: 'test'
typecheck, test, PostgreSQL, e2e, build	Unit tests	2026-10-06T03:37:28.3492292Z   ...
typecheck, test, PostgreSQL, e2e, build	Unit tests	2026-10-06T03:37:28.3493361Z # Subtest: monthly totals exclude private, deleted, other users, and other months
typecheck, test, PostgreSQL, e2e, build	Unit tests	2026-10-06T03:37:28.3494740Z ok 49 - monthly totals exclude private, deleted, other users, and other months
typecheck, test, PostgreSQL, e2e, build	Unit tests	2026-10-06T03:37:28.3495823Z   ---
typecheck, test, PostgreSQL, e2e, build	Unit tests	2026-10-06T03:37:28.3496315Z   duration_ms: 0.217235
typecheck, test, PostgreSQL, e2e, build	Unit tests	2026-10-06T03:37:28.3496861Z   type: 'test'
typecheck, test, PostgreSQL, e2e, build	Unit tests	2026-10-06T03:37:28.3497241Z   ...
typecheck, test, PostgreSQL, e2e, build	Unit tests	2026-10-06T03:37:28.3497736Z # Subtest: rejects malformed Gemini structured output
typecheck, test, PostgreSQL, e2e, build	Unit tests	2026-10-06T03:37:28.3498337Z ok 50 - rejects malformed Gemini structured output
typecheck, test, PostgreSQL, e2e, build	Unit tests	2026-10-06T03:37:28.3498793Z   ---
typecheck, test, PostgreSQL, e2e, build	Unit tests	2026-10-06T03:37:28.3499172Z   duration_ms: 0.88606
typecheck, test, PostgreSQL, e2e, build	Unit tests	2026-10-06T03:37:28.3499548Z   type: 'test'
typecheck, test, PostgreSQL, e2e, build	Unit tests	2026-10-06T03:37:28.3499896Z   ...
typecheck, test, PostgreSQL, e2e, build	Unit tests	2026-10-06T03:37:28.3500444Z # Subtest: Gemini JSON schema only contains supported top-level keys
typecheck, test, PostgreSQL, e2e, build	Unit tests	2026-10-06T03:37:28.3501173Z ok 51 - Gemini JSON schema only contains supported top-level keys
typecheck, test, PostgreSQL, e2e, build	Unit tests	2026-10-06T03:37:28.3501695Z   ---
typecheck, test, PostgreSQL, e2e, build	Unit tests	2026-10-06T03:37:28.3502237Z   duration_ms: 0.097451
typecheck, test, PostgreSQL, e2e, build	Unit tests	2026-10-06T03:37:28.3502872Z   type: 'test'
typecheck, test, PostgreSQL, e2e, build	Unit tests	2026-10-06T03:37:28.3503452Z   ...
typecheck, test, PostgreSQL, e2e, build	Unit tests	2026-10-06T03:37:28.3504480Z # Subtest: accepts natural language parser output with multiple expenses and group hint
typecheck, test, PostgreSQL, e2e, build	Unit tests	2026-10-06T03:37:28.3506266Z ok 52 - accepts natural language parser output with multiple expenses and group hint
typecheck, test, PostgreSQL, e2e, build	Unit tests	2026-10-06T03:37:28.3507244Z   ---
typecheck, test, PostgreSQL, e2e, build	Unit tests	2026-10-06T03:37:28.3507807Z   duration_ms: 0.891341
typecheck, test, PostgreSQL, e2e, build	Unit tests	2026-10-06T03:37:28.3508444Z   type: 'test'
typecheck, test, PostgreSQL, e2e, build	Unit tests	2026-10-06T03:37:28.3508999Z   ...
typecheck, test, PostgreSQL, e2e, build	Unit tests	2026-10-06T03:37:28.3509934Z # Subtest: notification delivery attempts LINE push without quota preflight
typecheck, test, PostgreSQL, e2e, build	Unit tests	2026-10-06T03:37:28.3511294Z ok 53 - notification delivery attempts LINE push without quota preflight
typecheck, test, PostgreSQL, e2e, build	Unit tests	2026-10-06T03:37:28.3512229Z   ---
typecheck, test, PostgreSQL, e2e, build	Unit tests	2026-10-06T03:37:28.3512806Z   duration_ms: 29.16288
typecheck, test, PostgreSQL, e2e, build	Unit tests	2026-10-06T03:37:28.3513413Z   type: 'test'
typecheck, test, PostgreSQL, e2e, build	Unit tests	2026-10-06T03:37:28.3513960Z   ...
typecheck, test, PostgreSQL, e2e, build	Unit tests	2026-10-06T03:37:28.3514916Z # Subtest: notification delivery skips rows already claimed by another worker
typecheck, test, PostgreSQL, e2e, build	Unit tests	2026-10-06T03:37:28.3516697Z ok 54 - notification delivery skips rows already claimed by another worker
typecheck, test, PostgreSQL, e2e, build	Unit tests	2026-10-06T03:37:28.3517512Z   ---
typecheck, test, PostgreSQL, e2e, build	Unit tests	2026-10-06T03:37:28.3517722Z   duration_ms: 0.210091
typecheck, test, PostgreSQL, e2e, build	Unit tests	2026-10-06T03:37:28.3517957Z   type: 'test'
typecheck, test, PostgreSQL, e2e, build	Unit tests	2026-10-06T03:37:28.3518149Z   ...
typecheck, test, PostgreSQL, e2e, build	Unit tests	2026-10-06T03:37:28.3550438Z # Subtest: notification flush for cron does not need a user lookup
typecheck, test, PostgreSQL, e2e, build	Unit tests	2026-10-06T03:37:28.3551396Z ok 55 - notification flush for cron does not need a user lookup
typecheck, test, PostgreSQL, e2e, build	Unit tests	2026-10-06T03:37:28.3552028Z   ---
typecheck, test, PostgreSQL, e2e, build	Unit tests	2026-10-06T03:37:28.3552384Z   duration_ms: 15.658487
typecheck, test, PostgreSQL, e2e, build	Unit tests	2026-10-06T03:37:28.3552784Z   type: 'test'
typecheck, test, PostgreSQL, e2e, build	Unit tests	2026-10-06T03:37:28.3553129Z   ...
typecheck, test, PostgreSQL, e2e, build	Unit tests	2026-10-06T03:37:28.3607735Z # Subtest: LINE postback confirms only the signed-in user's pending action
typecheck, test, PostgreSQL, e2e, build	Unit tests	2026-10-06T03:37:28.3609145Z ok 56 - LINE postback confirms only the signed-in user's pending action
typecheck, test, PostgreSQL, e2e, build	Unit tests	2026-10-06T03:37:28.3610180Z   ---
typecheck, test, PostgreSQL, e2e, build	Unit tests	2026-10-06T03:37:28.3610755Z   duration_ms: 4.511542
typecheck, test, PostgreSQL, e2e, build	Unit tests	2026-10-06T03:37:28.3611168Z   type: 'test'
typecheck, test, PostgreSQL, e2e, build	Unit tests	2026-10-06T03:37:28.3611520Z   ...
typecheck, test, PostgreSQL, e2e, build	Unit tests	2026-10-06T03:37:28.3726490Z # Subtest: LINE invalid and stale actions return one safe restart card
typecheck, test, PostgreSQL, e2e, build	Unit tests	2026-10-06T03:37:28.3739807Z ok 57 - LINE invalid and stale actions return one safe restart card
typecheck, test, PostgreSQL, e2e, build	Unit tests	2026-10-06T03:37:28.3740461Z   ---
typecheck, test, PostgreSQL, e2e, build	Unit tests	2026-10-06T03:37:28.3740926Z   duration_ms: 2.995732
typecheck, test, PostgreSQL, e2e, build	Unit tests	2026-10-06T03:37:28.3741466Z   type: 'test'
typecheck, test, PostgreSQL, e2e, build	Unit tests	2026-10-06T03:37:28.3741884Z   ...
typecheck, test, PostgreSQL, e2e, build	Unit tests	2026-10-06T03:37:28.3742547Z # Subtest: LINE menu postback shares a strict stage contract with its encoder
typecheck, test, PostgreSQL, e2e, build	Unit tests	2026-10-06T03:37:28.3743565Z ok 58 - LINE menu postback shares a strict stage contract with its encoder
typecheck, test, PostgreSQL, e2e, build	Unit tests	2026-10-06T03:37:28.3748208Z   ---
typecheck, test, PostgreSQL, e2e, build	Unit tests	2026-10-06T03:37:28.3748780Z   duration_ms: 2.370136
typecheck, test, PostgreSQL, e2e, build	Unit tests	2026-10-06T03:37:28.3749287Z   type: 'test'
typecheck, test, PostgreSQL, e2e, build	Unit tests	2026-10-06T03:37:28.3749793Z   ...
typecheck, test, PostgreSQL, e2e, build	Unit tests	2026-10-06T03:37:28.3750555Z # Subtest: LINE menu amount parser accepts common TWD formats and rejects commands
typecheck, test, PostgreSQL, e2e, build	Unit tests	2026-10-06T03:37:28.3751665Z ok 59 - LINE menu amount parser accepts common TWD formats and rejects commands
typecheck, test, PostgreSQL, e2e, build	Unit tests	2026-10-06T03:37:28.3752325Z   ---
typecheck, test, PostgreSQL, e2e, build	Unit tests	2026-10-06T03:37:28.3752666Z   duration_ms: 0.521712
typecheck, test, PostgreSQL, e2e, build	Unit tests	2026-10-06T03:37:28.3753053Z   type: 'test'
typecheck, test, PostgreSQL, e2e, build	Unit tests	2026-10-06T03:37:28.3753379Z   ...
typecheck, test, PostgreSQL, e2e, build	Unit tests	2026-10-06T03:37:28.3754013Z # Subtest: LINE expense and transfer choices open the keyboard and start amount drafts
typecheck, test, PostgreSQL, e2e, build	Unit tests	2026-10-06T03:37:28.3754723Z ok 60 - LINE expense and transfer choices open the keyboard and start amount drafts
typecheck, test, PostgreSQL, e2e, build	Unit tests	2026-10-06T03:37:28.3755423Z   ---
typecheck, test, PostgreSQL, e2e, build	Unit tests	2026-10-06T03:37:28.3755641Z   duration_ms: 6.607051
typecheck, test, PostgreSQL, e2e, build	Unit tests	2026-10-06T03:37:28.3755868Z   type: 'test'
typecheck, test, PostgreSQL, e2e, build	Unit tests	2026-10-06T03:37:28.3756071Z   ...
typecheck, test, PostgreSQL, e2e, build	Unit tests	2026-10-06T03:37:28.3858119Z # Subtest: LINE text amount consumes the draft before the agent and creates one pending expense
typecheck, test, PostgreSQL, e2e, build	Unit tests	2026-10-06T03:37:28.3873001Z ok 61 - LINE text amount consumes the draft before the agent and creates one pending expense
typecheck, test, PostgreSQL, e2e, build	Unit tests	2026-10-06T03:37:28.3873515Z   ---
typecheck, test, PostgreSQL, e2e, build	Unit tests	2026-10-06T03:37:28.3873754Z   duration_ms: 10.755632
typecheck, test, PostgreSQL, e2e, build	Unit tests	2026-10-06T03:37:28.3873999Z   type: 'test'
typecheck, test, PostgreSQL, e2e, build	Unit tests	2026-10-06T03:37:28.3874300Z   ...
typecheck, test, PostgreSQL, e2e, build	Unit tests	2026-10-06T03:37:28.3874786Z # Subtest: LINE rich-menu switches are strict and silent
typecheck, test, PostgreSQL, e2e, build	Unit tests	2026-10-06T03:37:28.3875630Z ok 62 - LINE rich-menu switches are strict and silent
typecheck, test, PostgreSQL, e2e, build	Unit tests	2026-10-06T03:37:28.3875958Z   ---
typecheck, test, PostgreSQL, e2e, build	Unit tests	2026-10-06T03:37:28.3876335Z   duration_ms: 0.249134
typecheck, test, PostgreSQL, e2e, build	Unit tests	2026-10-06T03:37:28.3876597Z   type: 'test'
typecheck, test, PostgreSQL, e2e, build	Unit tests	2026-10-06T03:37:28.3876826Z   ...
typecheck, test, PostgreSQL, e2e, build	Unit tests	2026-10-06T03:37:28.3877254Z # Subtest: LINE category actions round-trip and custom actions stay inside LIFF
typecheck, test, PostgreSQL, e2e, build	Unit tests	2026-10-06T03:37:28.3877865Z ok 63 - LINE category actions round-trip and custom actions stay inside LIFF
typecheck, test, PostgreSQL, e2e, build	Unit tests	2026-10-06T03:37:28.3878239Z   ---
typecheck, test, PostgreSQL, e2e, build	Unit tests	2026-10-06T03:37:28.3878443Z   duration_ms: 2.281662
typecheck, test, PostgreSQL, e2e, build	Unit tests	2026-10-06T03:37:28.3878672Z   type: 'test'
typecheck, test, PostgreSQL, e2e, build	Unit tests	2026-10-06T03:37:28.3878863Z   ...
typecheck, test, PostgreSQL, e2e, build	Unit tests	2026-10-06T03:37:28.3879283Z # Subtest: LIFF URL helper preserves deep-link state and rejects missing IDs
typecheck, test, PostgreSQL, e2e, build	Unit tests	2026-10-06T03:37:28.3879867Z ok 64 - LIFF URL helper preserves deep-link state and rejects missing IDs
typecheck, test, PostgreSQL, e2e, build	Unit tests	2026-10-06T03:37:28.3880502Z   ---
typecheck, test, PostgreSQL, e2e, build	Unit tests	2026-10-06T03:37:28.3880903Z   duration_ms: 0.279521
typecheck, test, PostgreSQL, e2e, build	Unit tests	2026-10-06T03:37:28.3881283Z   type: 'test'
typecheck, test, PostgreSQL, e2e, build	Unit tests	2026-10-06T03:37:28.3881634Z   ...
typecheck, test, PostgreSQL, e2e, build	Unit tests	2026-10-06T03:37:28.7471381Z # Subtest: Rich Menu actions round-trip and plan/apply require a LIFF ID
typecheck, test, PostgreSQL, e2e, build	Unit tests	2026-10-06T03:37:28.7472726Z ok 65 - Rich Menu actions round-trip and plan/apply require a LIFF ID
typecheck, test, PostgreSQL, e2e, build	Unit tests	2026-10-06T03:37:28.7473925Z   ---
typecheck, test, PostgreSQL, e2e, build	Unit tests	2026-10-06T03:37:28.7474343Z   duration_ms: 360.883676
typecheck, test, PostgreSQL, e2e, build	Unit tests	2026-10-06T03:37:28.7474680Z   type: 'test'
typecheck, test, PostgreSQL, e2e, build	Unit tests	2026-10-06T03:37:28.7475393Z   ...
typecheck, test, PostgreSQL, e2e, build	Unit tests	2026-10-06T03:37:28.7586347Z # Subtest: LINE quick expense creates a pending action and never confirms directly
typecheck, test, PostgreSQL, e2e, build	Unit tests	2026-10-06T03:37:28.7639317Z ok 66 - LINE quick expense creates a pending action and never confirms directly
typecheck, test, PostgreSQL, e2e, build	Unit tests	2026-10-06T03:37:28.7715482Z   ---
typecheck, test, PostgreSQL, e2e, build	Unit tests	2026-10-06T03:37:28.7766024Z   duration_ms: 7.918833
typecheck, test, PostgreSQL, e2e, build	Unit tests	2026-10-06T03:37:28.7791828Z   type: 'test'
typecheck, test, PostgreSQL, e2e, build	Unit tests	2026-10-06T03:37:28.7815878Z   ...
typecheck, test, PostgreSQL, e2e, build	Unit tests	2026-10-06T03:37:28.7873798Z # Subtest: LINE quick transfer preserves direction and uses pending confirmation
typecheck, test, PostgreSQL, e2e, build	Unit tests	2026-10-06T03:37:28.7908627Z ok 67 - LINE quick transfer preserves direction and uses pending confirmation
typecheck, test, PostgreSQL, e2e, build	Unit tests	2026-10-06T03:37:28.7996095Z   ---
typecheck, test, PostgreSQL, e2e, build	Unit tests	2026-10-06T03:37:28.7996753Z   duration_ms: 5.274048
typecheck, test, PostgreSQL, e2e, build	Unit tests	2026-10-06T03:37:28.7997254Z   type: 'test'
typecheck, test, PostgreSQL, e2e, build	Unit tests	2026-10-06T03:37:28.7997699Z   ...
typecheck, test, PostgreSQL, e2e, build	Unit tests	2026-10-06T03:37:28.7998424Z # Subtest: LINE menu rejects a forged group outside the requester's couple
typecheck, test, PostgreSQL, e2e, build	Unit tests	2026-10-06T03:37:28.7999525Z ok 68 - LINE menu rejects a forged group outside the requester's couple
typecheck, test, PostgreSQL, e2e, build	Unit tests	2026-10-06T03:37:28.8000245Z   ---
typecheck, test, PostgreSQL, e2e, build	Unit tests	2026-10-06T03:37:28.8000676Z   duration_ms: 1.065506
typecheck, test, PostgreSQL, e2e, build	Unit tests	2026-10-06T03:37:28.8001152Z   type: 'test'
typecheck, test, PostgreSQL, e2e, build	Unit tests	2026-10-06T03:37:28.8001555Z   ...
typecheck, test, PostgreSQL, e2e, build	Unit tests	2026-10-06T03:37:28.8002048Z # Subtest: bank csv parser and matcher
typecheck, test, PostgreSQL, e2e, build	Unit tests	2026-10-06T03:37:28.8002722Z ok 69 - bank csv parser and matcher
typecheck, test, PostgreSQL, e2e, build	Unit tests	2026-10-06T03:37:28.8003250Z   ---
typecheck, test, PostgreSQL, e2e, build	Unit tests	2026-10-06T03:37:28.8003660Z   duration_ms: 1.202089
typecheck, test, PostgreSQL, e2e, build	Unit tests	2026-10-06T03:37:28.8004132Z   type: 'test'
typecheck, test, PostgreSQL, e2e, build	Unit tests	2026-10-06T03:37:28.8004592Z   ...
typecheck, test, PostgreSQL, e2e, build	Unit tests	2026-10-06T03:37:28.8005537Z # Subtest: phase 4 search filters chinese expense text and ranges
typecheck, test, PostgreSQL, e2e, build	Unit tests	2026-10-06T03:37:28.8006462Z ok 70 - phase 4 search filters chinese expense text and ranges
typecheck, test, PostgreSQL, e2e, build	Unit tests	2026-10-06T03:37:28.8007048Z   ---
typecheck, test, PostgreSQL, e2e, build	Unit tests	2026-10-06T03:37:28.8007398Z   duration_ms: 0.44039
typecheck, test, PostgreSQL, e2e, build	Unit tests	2026-10-06T03:37:28.8007774Z   type: 'test'
typecheck, test, PostgreSQL, e2e, build	Unit tests	2026-10-06T03:37:28.8008113Z   ...
typecheck, test, PostgreSQL, e2e, build	Unit tests	2026-10-06T03:37:28.8008796Z # Subtest: notification service skips proactive insight scan when disabled
typecheck, test, PostgreSQL, e2e, build	Unit tests	2026-10-06T03:37:28.8009798Z ok 71 - notification service skips proactive insight scan when disabled
typecheck, test, PostgreSQL, e2e, build	Unit tests	2026-10-06T03:37:28.8010433Z   ---
typecheck, test, PostgreSQL, e2e, build	Unit tests	2026-10-06T03:37:28.8010739Z   duration_ms: 3.427898
typecheck, test, PostgreSQL, e2e, build	Unit tests	2026-10-06T03:37:28.8011126Z   type: 'test'
typecheck, test, PostgreSQL, e2e, build	Unit tests	2026-10-06T03:37:28.8011462Z   ...
typecheck, test, PostgreSQL, e2e, build	Unit tests	2026-10-06T03:37:28.8012146Z # Subtest: write tools: record_expense returns pending_action with expense
typecheck, test, PostgreSQL, e2e, build	Unit tests	2026-10-06T03:37:28.8013140Z ok 72 - write tools: record_expense returns pending_action with expense
typecheck, test, PostgreSQL, e2e, build	Unit tests	2026-10-06T03:37:28.8013727Z   ---
typecheck, test, PostgreSQL, e2e, build	Unit tests	2026-10-06T03:37:28.8014063Z   duration_ms: 5.709228
typecheck, test, PostgreSQL, e2e, build	Unit tests	2026-10-06T03:37:28.8014487Z   type: 'test'
typecheck, test, PostgreSQL, e2e, build	Unit tests	2026-10-06T03:37:28.8014892Z   ...
typecheck, test, PostgreSQL, e2e, build	Unit tests	2026-10-06T03:37:28.8015987Z # Subtest: write tools: record_expense fills a missing tag before building the action
typecheck, test, PostgreSQL, e2e, build	Unit tests	2026-10-06T03:37:28.8017198Z ok 73 - write tools: record_expense fills a missing tag before building the action
typecheck, test, PostgreSQL, e2e, build	Unit tests	2026-10-06T03:37:28.8017874Z   ---
typecheck, test, PostgreSQL, e2e, build	Unit tests	2026-10-06T03:37:28.8045429Z   duration_ms: 4.542805
typecheck, test, PostgreSQL, e2e, build	Unit tests	2026-10-06T03:37:28.8045944Z   type: 'test'
typecheck, test, PostgreSQL, e2e, build	Unit tests	2026-10-06T03:37:28.8046294Z   ...
typecheck, test, PostgreSQL, e2e, build	Unit tests	2026-10-06T03:37:28.8047091Z # Subtest: write tools: record_expense keeps private expenses out of shared group payload
typecheck, test, PostgreSQL, e2e, build	Unit tests	2026-10-06T03:37:28.8048256Z ok 74 - write tools: record_expense keeps private expenses out of shared group payload
typecheck, test, PostgreSQL, e2e, build	Unit tests	2026-10-06T03:37:28.8048964Z   ---
typecheck, test, PostgreSQL, e2e, build	Unit tests	2026-10-06T03:37:28.8049292Z   duration_ms: 2.585648
typecheck, test, PostgreSQL, e2e, build	Unit tests	2026-10-06T03:37:28.8049665Z   type: 'test'
typecheck, test, PostgreSQL, e2e, build	Unit tests	2026-10-06T03:37:28.8049990Z   ...
typecheck, test, PostgreSQL, e2e, build	Unit tests	2026-10-06T03:37:28.8050592Z # Subtest: write tools: record_expense rejects exact split method
typecheck, test, PostgreSQL, e2e, build	Unit tests	2026-10-06T03:37:28.8051453Z ok 75 - write tools: record_expense rejects exact split method
typecheck, test, PostgreSQL, e2e, build	Unit tests	2026-10-06T03:37:28.8051996Z   ---
typecheck, test, PostgreSQL, e2e, build	Unit tests	2026-10-06T03:37:28.8052314Z   duration_ms: 1.09453
typecheck, test, PostgreSQL, e2e, build	Unit tests	2026-10-06T03:37:28.8052662Z   type: 'test'
typecheck, test, PostgreSQL, e2e, build	Unit tests	2026-10-06T03:37:28.8052993Z   ...
typecheck, test, PostgreSQL, e2e, build	Unit tests	2026-10-06T03:37:28.8053863Z # Subtest: pending action service proposes batch-created expenses at couple scope when groups differ
typecheck, test, PostgreSQL, e2e, build	Unit tests	2026-10-06T03:37:28.8055953Z ok 76 - pending action service proposes batch-created expenses at couple scope when groups differ
typecheck, test, PostgreSQL, e2e, build	Unit tests	2026-10-06T03:37:28.8056937Z   ---
typecheck, test, PostgreSQL, e2e, build	Unit tests	2026-10-06T03:37:28.8057252Z   duration_ms: 3.169566
typecheck, test, PostgreSQL, e2e, build	Unit tests	2026-10-06T03:37:28.8057617Z   type: 'test'
typecheck, test, PostgreSQL, e2e, build	Unit tests	2026-10-06T03:37:28.8057926Z   ...
typecheck, test, PostgreSQL, e2e, build	Unit tests	2026-10-06T03:37:28.8058619Z # Subtest: pending action service proposes settlement from current group balances
typecheck, test, PostgreSQL, e2e, build	Unit tests	2026-10-06T03:37:28.8059681Z ok 77 - pending action service proposes settlement from current group balances
typecheck, test, PostgreSQL, e2e, build	Unit tests	2026-10-06T03:37:28.8065286Z   ---
typecheck, test, PostgreSQL, e2e, build	Unit tests	2026-10-06T03:37:28.8066258Z   duration_ms: 2.162569
typecheck, test, PostgreSQL, e2e, build	Unit tests	2026-10-06T03:37:28.8066684Z   type: 'test'
typecheck, test, PostgreSQL, e2e, build	Unit tests	2026-10-06T03:37:28.8067007Z   ...
typecheck, test, PostgreSQL, e2e, build	Unit tests	2026-10-06T03:37:28.8067676Z # Subtest: actionResultMessage never treats stale auto-confirm as success
typecheck, test, PostgreSQL, e2e, build	Unit tests	2026-10-06T03:37:28.8068670Z ok 78 - actionResultMessage never treats stale auto-confirm as success
typecheck, test, PostgreSQL, e2e, build	Unit tests	2026-10-06T03:37:28.8069277Z   ---
typecheck, test, PostgreSQL, e2e, build	Unit tests	2026-10-06T03:37:28.8069606Z   duration_ms: 0.121106
typecheck, test, PostgreSQL, e2e, build	Unit tests	2026-10-06T03:37:28.8069967Z   type: 'test'
typecheck, test, PostgreSQL, e2e, build	Unit tests	2026-10-06T03:37:28.8070277Z   ...
typecheck, test, PostgreSQL, e2e, build	Unit tests	2026-10-06T03:37:28.8070911Z # Subtest: write tools: settle_debt returns pending_action when user owes
typecheck, test, PostgreSQL, e2e, build	Unit tests	2026-10-06T03:37:28.8071827Z ok 79 - write tools: settle_debt returns pending_action when user owes
typecheck, test, PostgreSQL, e2e, build	Unit tests	2026-10-06T03:37:28.8072410Z   ---
typecheck, test, PostgreSQL, e2e, build	Unit tests	2026-10-06T03:37:28.8072732Z   duration_ms: 2.841475
typecheck, test, PostgreSQL, e2e, build	Unit tests	2026-10-06T03:37:28.8073085Z   type: 'test'
typecheck, test, PostgreSQL, e2e, build	Unit tests	2026-10-06T03:37:28.8073395Z   ...
typecheck, test, PostgreSQL, e2e, build	Unit tests	2026-10-06T03:37:28.8074012Z # Subtest: write tools: settle_debt returns message when user does not owe
typecheck, test, PostgreSQL, e2e, build	Unit tests	2026-10-06T03:37:28.8074961Z ok 80 - write tools: settle_debt returns message when user does not owe
typecheck, test, PostgreSQL, e2e, build	Unit tests	2026-10-06T03:37:28.8081983Z   ---
typecheck, test, PostgreSQL, e2e, build	Unit tests	2026-10-06T03:37:28.8082324Z   duration_ms: 1.004381
typecheck, test, PostgreSQL, e2e, build	Unit tests	2026-10-06T03:37:28.8082770Z   type: 'test'
typecheck, test, PostgreSQL, e2e, build	Unit tests	2026-10-06T03:37:28.8083117Z   ...
typecheck, test, PostgreSQL, e2e, build	Unit tests	2026-10-06T03:37:28.8083707Z # Subtest: write tools: record_expense validates required params
typecheck, test, PostgreSQL, e2e, build	Unit tests	2026-10-06T03:37:28.8084354Z ok 81 - write tools: record_expense validates required params
typecheck, test, PostgreSQL, e2e, build	Unit tests	2026-10-06T03:37:28.8085527Z   ---
typecheck, test, PostgreSQL, e2e, build	Unit tests	2026-10-06T03:37:28.8085965Z   duration_ms: 2.107808
typecheck, test, PostgreSQL, e2e, build	Unit tests	2026-10-06T03:37:28.8086400Z   type: 'test'
typecheck, test, PostgreSQL, e2e, build	Unit tests	2026-10-06T03:37:28.8086783Z   ...
typecheck, test, PostgreSQL, e2e, build	Unit tests	2026-10-06T03:37:28.8087542Z # Subtest: accountant service lists shared and own reports newest first
typecheck, test, PostgreSQL, e2e, build	Unit tests	2026-10-06T03:37:28.8088500Z ok 82 - accountant service lists shared and own reports newest first
typecheck, test, PostgreSQL, e2e, build	Unit tests	2026-10-06T03:37:28.8089166Z   ---
typecheck, test, PostgreSQL, e2e, build	Unit tests	2026-10-06T03:37:28.8089513Z   duration_ms: 14.10366
typecheck, test, PostgreSQL, e2e, build	Unit tests	2026-10-06T03:37:28.8089877Z   type: 'test'
typecheck, test, PostgreSQL, e2e, build	Unit tests	2026-10-06T03:37:28.8090200Z   ...
typecheck, test, PostgreSQL, e2e, build	Unit tests	2026-10-06T03:37:28.8091000Z # Subtest: accountant service generates monthly reports and targets notifications correctly
typecheck, test, PostgreSQL, e2e, build	Unit tests	2026-10-06T03:37:28.8093788Z ok 83 - accountant service generates monthly reports and targets notifications correctly
typecheck, test, PostgreSQL, e2e, build	Unit tests	2026-10-06T03:37:28.8094884Z   ---
typecheck, test, PostgreSQL, e2e, build	Unit tests	2026-10-06T03:37:28.8095847Z   duration_ms: 2.487415
typecheck, test, PostgreSQL, e2e, build	Unit tests	2026-10-06T03:37:28.8096414Z   type: 'test'
typecheck, test, PostgreSQL, e2e, build	Unit tests	2026-10-06T03:37:28.8096765Z   ...
typecheck, test, PostgreSQL, e2e, build	Unit tests	2026-10-06T03:37:28.8117994Z # Subtest: agent chat service transcribes audio with injected generator
typecheck, test, PostgreSQL, e2e, build	Unit tests	2026-10-06T03:37:28.8121223Z ok 84 - agent chat service transcribes audio with injected generator
typecheck, test, PostgreSQL, e2e, build	Unit tests	2026-10-06T03:37:28.8121880Z   ---
typecheck, test, PostgreSQL, e2e, build	Unit tests	2026-10-06T03:37:28.8122161Z   duration_ms: 2.878023
typecheck, test, PostgreSQL, e2e, build	Unit tests	2026-10-06T03:37:28.8122416Z   type: 'test'
typecheck, test, PostgreSQL, e2e, build	Unit tests	2026-10-06T03:37:28.8122619Z   ...
typecheck, test, PostgreSQL, e2e, build	Unit tests	2026-10-06T03:37:28.8141098Z # Subtest: secretary: createTask returns uuid
typecheck, test, PostgreSQL, e2e, build	Unit tests	2026-10-06T03:37:28.8141980Z ok 85 - secretary: createTask returns uuid
typecheck, test, PostgreSQL, e2e, build	Unit tests	2026-10-06T03:37:28.8142541Z   ---
typecheck, test, PostgreSQL, e2e, build	Unit tests	2026-10-06T03:37:28.8142931Z   duration_ms: 2.156899
typecheck, test, PostgreSQL, e2e, build	Unit tests	2026-10-06T03:37:28.8143369Z   type: 'test'
typecheck, test, PostgreSQL, e2e, build	Unit tests	2026-10-06T03:37:28.8143759Z   ...
typecheck, test, PostgreSQL, e2e, build	Unit tests	2026-10-06T03:37:28.8159822Z # Subtest: secretary: createMemory stores merchant_rule
typecheck, test, PostgreSQL, e2e, build	Unit tests	2026-10-06T03:37:28.8163578Z ok 86 - secretary: createMemory stores merchant_rule
typecheck, test, PostgreSQL, e2e, build	Unit tests	2026-10-06T03:37:28.8164162Z   ---
typecheck, test, PostgreSQL, e2e, build	Unit tests	2026-10-06T03:37:28.8164507Z   duration_ms: 1.960783
typecheck, test, PostgreSQL, e2e, build	Unit tests	2026-10-06T03:37:28.8164890Z   type: 'test'
typecheck, test, PostgreSQL, e2e, build	Unit tests	2026-10-06T03:37:28.8165483Z   ...
typecheck, test, PostgreSQL, e2e, build	Unit tests	2026-10-06T03:37:28.8183193Z # Subtest: secretary: RuleService creates approved group merchant rule
typecheck, test, PostgreSQL, e2e, build	Unit tests	2026-10-06T03:37:28.8184617Z ok 87 - secretary: RuleService creates approved group merchant rule
typecheck, test, PostgreSQL, e2e, build	Unit tests	2026-10-06T03:37:28.8187030Z   ---
typecheck, test, PostgreSQL, e2e, build	Unit tests	2026-10-06T03:37:28.8187744Z   duration_ms: 2.313941
typecheck, test, PostgreSQL, e2e, build	Unit tests	2026-10-06T03:37:28.8188264Z   type: 'test'
typecheck, test, PostgreSQL, e2e, build	Unit tests	2026-10-06T03:37:28.8188652Z   ...
typecheck, test, PostgreSQL, e2e, build	Unit tests	2026-10-06T03:37:28.8202427Z # Subtest: secretary: TaskService creates owner-scoped secretary task
typecheck, test, PostgreSQL, e2e, build	Unit tests	2026-10-06T03:37:28.8204857Z ok 88 - secretary: TaskService creates owner-scoped secretary task
typecheck, test, PostgreSQL, e2e, build	Unit tests	2026-10-06T03:37:28.8205785Z   ---
typecheck, test, PostgreSQL, e2e, build	Unit tests	2026-10-06T03:37:28.8206345Z   duration_ms: 1.844216
typecheck, test, PostgreSQL, e2e, build	Unit tests	2026-10-06T03:37:28.8206935Z   type: 'test'
typecheck, test, PostgreSQL, e2e, build	Unit tests	2026-10-06T03:37:28.8207445Z   ...
typecheck, test, PostgreSQL, e2e, build	Unit tests	2026-10-06T03:37:28.8219672Z # Subtest: secretary workflow service aggregates tool side effects
typecheck, test, PostgreSQL, e2e, build	Unit tests	2026-10-06T03:37:28.8221668Z ok 89 - secretary workflow service aggregates tool side effects
typecheck, test, PostgreSQL, e2e, build	Unit tests	2026-10-06T03:37:28.8222047Z   ---
typecheck, test, PostgreSQL, e2e, build	Unit tests	2026-10-06T03:37:28.8222258Z   duration_ms: 1.698415
typecheck, test, PostgreSQL, e2e, build	Unit tests	2026-10-06T03:37:28.8222498Z   type: 'test'
typecheck, test, PostgreSQL, e2e, build	Unit tests	2026-10-06T03:37:28.8222699Z   ...
typecheck, test, PostgreSQL, e2e, build	Unit tests	2026-10-06T03:37:28.8229181Z # Subtest: secretary workflow service keeps partner notifications for shared changes
typecheck, test, PostgreSQL, e2e, build	Unit tests	2026-10-06T03:37:28.8231554Z ok 90 - secretary workflow service keeps partner notifications for shared changes
typecheck, test, PostgreSQL, e2e, build	Unit tests	2026-10-06T03:37:28.8232236Z   ---
typecheck, test, PostgreSQL, e2e, build	Unit tests	2026-10-06T03:37:28.8232465Z   duration_ms: 0.801253
typecheck, test, PostgreSQL, e2e, build	Unit tests	2026-10-06T03:37:28.8232934Z   type: 'test'
typecheck, test, PostgreSQL, e2e, build	Unit tests	2026-10-06T03:37:28.8233319Z   ...
typecheck, test, PostgreSQL, e2e, build	Unit tests	2026-10-06T03:37:28.8243962Z # Subtest: secretary workflow service strips explicit notify tags
typecheck, test, PostgreSQL, e2e, build	Unit tests	2026-10-06T03:37:28.8244845Z ok 91 - secretary workflow service strips explicit notify tags
typecheck, test, PostgreSQL, e2e, build	Unit tests	2026-10-06T03:37:28.8245571Z   ---
typecheck, test, PostgreSQL, e2e, build	Unit tests	2026-10-06T03:37:28.8245795Z   duration_ms: 0.747533
typecheck, test, PostgreSQL, e2e, build	Unit tests	2026-10-06T03:37:28.8246027Z   type: 'test'
typecheck, test, PostgreSQL, e2e, build	Unit tests	2026-10-06T03:37:28.8246226Z   ...
typecheck, test, PostgreSQL, e2e, build	Unit tests	2026-10-06T03:37:28.8263502Z # Subtest: secretary session service loads session and augments approved merchant rules
typecheck, test, PostgreSQL, e2e, build	Unit tests	2026-10-06T03:37:28.8264242Z ok 92 - secretary session service loads session and augments approved merchant rules
typecheck, test, PostgreSQL, e2e, build	Unit tests	2026-10-06T03:37:28.8264679Z   ---
typecheck, test, PostgreSQL, e2e, build	Unit tests	2026-10-06T03:37:28.8264886Z   duration_ms: 2.232269
typecheck, test, PostgreSQL, e2e, build	Unit tests	2026-10-06T03:37:28.8265613Z   type: 'test'
typecheck, test, PostgreSQL, e2e, build	Unit tests	2026-10-06T03:37:28.8266059Z   ...
typecheck, test, PostgreSQL, e2e, build	Unit tests	2026-10-06T03:37:28.8271140Z # Subtest: secretary session service trims history before saving
typecheck, test, PostgreSQL, e2e, build	Unit tests	2026-10-06T03:37:28.8275998Z ok 93 - secretary session service trims history before saving
typecheck, test, PostgreSQL, e2e, build	Unit tests	2026-10-06T03:37:28.8277054Z   ---
typecheck, test, PostgreSQL, e2e, build	Unit tests	2026-10-06T03:37:28.8277675Z   duration_ms: 1.116872
typecheck, test, PostgreSQL, e2e, build	Unit tests	2026-10-06T03:37:28.8278130Z   type: 'test'
typecheck, test, PostgreSQL, e2e, build	Unit tests	2026-10-06T03:37:28.8278485Z   ...
typecheck, test, PostgreSQL, e2e, build	Unit tests	2026-10-06T03:37:28.8299467Z # Subtest: secretary prompt service includes balance, task count, and approved merchant rules
typecheck, test, PostgreSQL, e2e, build	Unit tests	2026-10-06T03:37:28.8301529Z ok 94 - secretary prompt service includes balance, task count, and approved merchant rules
typecheck, test, PostgreSQL, e2e, build	Unit tests	2026-10-06T03:37:28.8302269Z   ---
typecheck, test, PostgreSQL, e2e, build	Unit tests	2026-10-06T03:37:28.8302493Z   duration_ms: 2.807922
typecheck, test, PostgreSQL, e2e, build	Unit tests	2026-10-06T03:37:28.8302743Z   type: 'test'
typecheck, test, PostgreSQL, e2e, build	Unit tests	2026-10-06T03:37:28.8302962Z   ...
typecheck, test, PostgreSQL, e2e, build	Unit tests	2026-10-06T03:37:28.8310519Z # Subtest: secretary prompt service omits optional sections when nothing is pending
typecheck, test, PostgreSQL, e2e, build	Unit tests	2026-10-06T03:37:28.8311792Z ok 95 - secretary prompt service omits optional sections when nothing is pending
typecheck, test, PostgreSQL, e2e, build	Unit tests	2026-10-06T03:37:28.8312349Z   ---
typecheck, test, PostgreSQL, e2e, build	Unit tests	2026-10-06T03:37:28.8312580Z   duration_ms: 1.012927
typecheck, test, PostgreSQL, e2e, build	Unit tests	2026-10-06T03:37:28.8312886Z   type: 'test'
typecheck, test, PostgreSQL, e2e, build	Unit tests	2026-10-06T03:37:28.8313109Z   ...
typecheck, test, PostgreSQL, e2e, build	Unit tests	2026-10-06T03:37:28.8338840Z # Subtest: recurring service: toggle updates active flag and notifies partner
typecheck, test, PostgreSQL, e2e, build	Unit tests	2026-10-06T03:37:28.8340350Z ok 96 - recurring service: toggle updates active flag and notifies partner
typecheck, test, PostgreSQL, e2e, build	Unit tests	2026-10-06T03:37:28.8341122Z   ---
typecheck, test, PostgreSQL, e2e, build	Unit tests	2026-10-06T03:37:28.8341629Z   duration_ms: 2.852215
typecheck, test, PostgreSQL, e2e, build	Unit tests	2026-10-06T03:37:28.8342125Z   type: 'test'
typecheck, test, PostgreSQL, e2e, build	Unit tests	2026-10-06T03:37:28.8342522Z   ...
typecheck, test, PostgreSQL, e2e, build	Unit tests	2026-10-06T03:37:28.8361281Z # Subtest: recurring service: shared save requires group and preserves shared group_id
typecheck, test, PostgreSQL, e2e, build	Unit tests	2026-10-06T03:37:28.8362870Z ok 97 - recurring service: shared save requires group and preserves shared group_id
typecheck, test, PostgreSQL, e2e, build	Unit tests	2026-10-06T03:37:28.8363598Z   ---
typecheck, test, PostgreSQL, e2e, build	Unit tests	2026-10-06T03:37:28.8363937Z   duration_ms: 2.20077
typecheck, test, PostgreSQL, e2e, build	Unit tests	2026-10-06T03:37:28.8364310Z   type: 'test'
typecheck, test, PostgreSQL, e2e, build	Unit tests	2026-10-06T03:37:28.8364638Z   ...
typecheck, test, PostgreSQL, e2e, build	Unit tests	2026-10-06T03:37:28.8382587Z # Subtest: recurring runner: failed executePendingAction logs error and does not advance next_run_date
typecheck, test, PostgreSQL, e2e, build	Unit tests	2026-10-06T03:37:28.8384338Z ok 98 - recurring runner: failed executePendingAction logs error and does not advance next_run_date
typecheck, test, PostgreSQL, e2e, build	Unit tests	2026-10-06T03:37:28.8385994Z   ---
typecheck, test, PostgreSQL, e2e, build	Unit tests	2026-10-06T03:37:28.8386347Z   duration_ms: 2.096967
typecheck, test, PostgreSQL, e2e, build	Unit tests	2026-10-06T03:37:28.8386866Z   type: 'test'
typecheck, test, PostgreSQL, e2e, build	Unit tests	2026-10-06T03:37:28.8387094Z   ...
typecheck, test, PostgreSQL, e2e, build	Unit tests	2026-10-06T03:37:28.8414064Z # Subtest: recurring facade: save/runDue delegate to the split modules
typecheck, test, PostgreSQL, e2e, build	Unit tests	2026-10-06T03:37:28.8431810Z ok 99 - recurring facade: save/runDue delegate to the split modules
typecheck, test, PostgreSQL, e2e, build	Unit tests	2026-10-06T03:37:28.8432889Z   ---
typecheck, test, PostgreSQL, e2e, build	Unit tests	2026-10-06T03:37:28.8433432Z   duration_ms: 3.09614
typecheck, test, PostgreSQL, e2e, build	Unit tests	2026-10-06T03:37:28.8433941Z   type: 'test'
typecheck, test, PostgreSQL, e2e, build	Unit tests	2026-10-06T03:37:28.8434337Z   ...
typecheck, test, PostgreSQL, e2e, build	Unit tests	2026-10-06T03:37:28.8435466Z # Subtest: recurring service saves private recurring expenses without shared group scope
typecheck, test, PostgreSQL, e2e, build	Unit tests	2026-10-06T03:37:28.8436776Z ok 100 - recurring service saves private recurring expenses without shared group scope
typecheck, test, PostgreSQL, e2e, build	Unit tests	2026-10-06T03:37:28.8437621Z   ---
typecheck, test, PostgreSQL, e2e, build	Unit tests	2026-10-06T03:37:28.8438030Z   duration_ms: 1.231395
typecheck, test, PostgreSQL, e2e, build	Unit tests	2026-10-06T03:37:28.8438458Z   type: 'test'
typecheck, test, PostgreSQL, e2e, build	Unit tests	2026-10-06T03:37:28.8438829Z   ...
typecheck, test, PostgreSQL, e2e, build	Unit tests	2026-10-06T03:37:28.8442738Z # Subtest: recurring service deletes recurring expenses and notifies partner
typecheck, test, PostgreSQL, e2e, build	Unit tests	2026-10-06T03:37:28.8444061Z ok 101 - recurring service deletes recurring expenses and notifies partner
typecheck, test, PostgreSQL, e2e, build	Unit tests	2026-10-06T03:37:28.8444770Z   ---
typecheck, test, PostgreSQL, e2e, build	Unit tests	2026-10-06T03:37:28.8445340Z   duration_ms: 1.390972
typecheck, test, PostgreSQL, e2e, build	Unit tests	2026-10-06T03:37:28.8445632Z   type: 'test'
typecheck, test, PostgreSQL, e2e, build	Unit tests	2026-10-06T03:37:28.8445835Z   ...
typecheck, test, PostgreSQL, e2e, build	Unit tests	2026-10-06T03:37:28.8456810Z # Subtest: recurring service auto-posts due recurring expenses
typecheck, test, PostgreSQL, e2e, build	Unit tests	2026-10-06T03:37:28.8457942Z ok 102 - recurring service auto-posts due recurring expenses
typecheck, test, PostgreSQL, e2e, build	Unit tests	2026-10-06T03:37:28.8458537Z   ---
typecheck, test, PostgreSQL, e2e, build	Unit tests	2026-10-06T03:37:28.8458888Z   duration_ms: 1.506487
typecheck, test, PostgreSQL, e2e, build	Unit tests	2026-10-06T03:37:28.8459272Z   type: 'test'
typecheck, test, PostgreSQL, e2e, build	Unit tests	2026-10-06T03:37:28.8459603Z   ...
typecheck, test, PostgreSQL, e2e, build	Unit tests	2026-10-06T03:37:28.8480980Z # Subtest: group service creates a group and activates it for the caller
typecheck, test, PostgreSQL, e2e, build	Unit tests	2026-10-06T03:37:28.8481779Z ok 103 - group service creates a group and activates it for the caller
typecheck, test, PostgreSQL, e2e, build	Unit tests	2026-10-06T03:37:28.8482199Z   ---
typecheck, test, PostgreSQL, e2e, build	Unit tests	2026-10-06T03:37:28.8482425Z   duration_ms: 2.299225
typecheck, test, PostgreSQL, e2e, build	Unit tests	2026-10-06T03:37:28.8482722Z   type: 'test'
typecheck, test, PostgreSQL, e2e, build	Unit tests	2026-10-06T03:37:28.8482939Z   ...
typecheck, test, PostgreSQL, e2e, build	Unit tests	2026-10-06T03:37:28.8502607Z # Subtest: group service archives a group and moves active users to another group
typecheck, test, PostgreSQL, e2e, build	Unit tests	2026-10-06T03:37:28.8504100Z ok 104 - group service archives a group and moves active users to another group
typecheck, test, PostgreSQL, e2e, build	Unit tests	2026-10-06T03:37:28.8504888Z   ---
typecheck, test, PostgreSQL, e2e, build	Unit tests	2026-10-06T03:37:28.8505522Z   duration_ms: 1.453719
typecheck, test, PostgreSQL, e2e, build	Unit tests	2026-10-06T03:37:28.8505940Z   type: 'test'
typecheck, test, PostgreSQL, e2e, build	Unit tests	2026-10-06T03:37:28.8506318Z   ...
typecheck, test, PostgreSQL, e2e, build	Unit tests	2026-10-06T03:37:28.8524797Z # Subtest: bank import service uses active group and returns match summary
typecheck, test, PostgreSQL, e2e, build	Unit tests	2026-10-06T03:37:28.8526226Z ok 105 - bank import service uses active group and returns match summary
typecheck, test, PostgreSQL, e2e, build	Unit tests	2026-10-06T03:37:28.8526917Z   ---
typecheck, test, PostgreSQL, e2e, build	Unit tests	2026-10-06T03:37:28.8527371Z   duration_ms: 2.53807
typecheck, test, PostgreSQL, e2e, build	Unit tests	2026-10-06T03:37:28.8527797Z   type: 'test'
typecheck, test, PostgreSQL, e2e, build	Unit tests	2026-10-06T03:37:28.8528174Z   ...
typecheck, test, PostgreSQL, e2e, build	Unit tests	2026-10-06T03:37:28.8532273Z # Subtest: bank import service rejects CSV files with no parsed rows
typecheck, test, PostgreSQL, e2e, build	Unit tests	2026-10-06T03:37:28.8535457Z ok 106 - bank import service rejects CSV files with no parsed rows
typecheck, test, PostgreSQL, e2e, build	Unit tests	2026-10-06T03:37:28.8536493Z   ---
typecheck, test, PostgreSQL, e2e, build	Unit tests	2026-10-06T03:37:28.8537146Z   duration_ms: 1.104508
typecheck, test, PostgreSQL, e2e, build	Unit tests	2026-10-06T03:37:28.8537608Z   type: 'test'
typecheck, test, PostgreSQL, e2e, build	Unit tests	2026-10-06T03:37:28.8537973Z   ...
typecheck, test, PostgreSQL, e2e, build	Unit tests	2026-10-06T03:37:28.8585698Z # Subtest: secretary: getRecentExpenses filters by ledger through ledgerQueryService
typecheck, test, PostgreSQL, e2e, build	Unit tests	2026-10-06T03:37:28.8598639Z ok 107 - secretary: getRecentExpenses filters by ledger through ledgerQueryService
typecheck, test, PostgreSQL, e2e, build	Unit tests	2026-10-06T03:37:28.8604207Z   ---
typecheck, test, PostgreSQL, e2e, build	Unit tests	2026-10-06T03:37:28.8604685Z   duration_ms: 5.28223
typecheck, test, PostgreSQL, e2e, build	Unit tests	2026-10-06T03:37:28.8605397Z   type: 'test'
typecheck, test, PostgreSQL, e2e, build	Unit tests	2026-10-06T03:37:28.8605910Z   ...
typecheck, test, PostgreSQL, e2e, build	Unit tests	2026-10-06T03:37:28.8607067Z # Subtest: read tools: get_recent_expenses merges shared+private, sorts by created_at desc, dedupes and skips deleted
typecheck, test, PostgreSQL, e2e, build	Unit tests	2026-10-06T03:37:28.8608831Z ok 108 - read tools: get_recent_expenses merges shared+private, sorts by created_at desc, dedupes and skips deleted
typecheck, test, PostgreSQL, e2e, build	Unit tests	2026-10-06T03:37:28.8609854Z   ---
typecheck, test, PostgreSQL, e2e, build	Unit tests	2026-10-06T03:37:28.8610669Z   duration_ms: 1.146657
typecheck, test, PostgreSQL, e2e, build	Unit tests	2026-10-06T03:37:28.8611083Z   type: 'test'
typecheck, test, PostgreSQL, e2e, build	Unit tests	2026-10-06T03:37:28.8614920Z   ...
typecheck, test, PostgreSQL, e2e, build	Unit tests	2026-10-06T03:37:28.8616475Z # Subtest: read tools: get_recent_expenses marks partner-paid rows
typecheck, test, PostgreSQL, e2e, build	Unit tests	2026-10-06T03:37:28.8617677Z ok 109 - read tools: get_recent_expenses marks partner-paid rows
typecheck, test, PostgreSQL, e2e, build	Unit tests	2026-10-06T03:37:28.8618553Z   ---
typecheck, test, PostgreSQL, e2e, build	Unit tests	2026-10-06T03:37:28.8619143Z   duration_ms: 1.18638
typecheck, test, PostgreSQL, e2e, build	Unit tests	2026-10-06T03:37:28.8619769Z   type: 'test'
typecheck, test, PostgreSQL, e2e, build	Unit tests	2026-10-06T03:37:28.8620359Z   ...
typecheck, test, PostgreSQL, e2e, build	Unit tests	2026-10-06T03:37:28.8662147Z # Subtest: read tools: query_expenses returns only summary when no limit
typecheck, test, PostgreSQL, e2e, build	Unit tests	2026-10-06T03:37:28.8664255Z ok 110 - read tools: query_expenses returns only summary when no limit
typecheck, test, PostgreSQL, e2e, build	Unit tests	2026-10-06T03:37:28.8664672Z   ---
typecheck, test, PostgreSQL, e2e, build	Unit tests	2026-10-06T03:37:28.8664890Z   duration_ms: 5.034564
typecheck, test, PostgreSQL, e2e, build	Unit tests	2026-10-06T03:37:28.8665547Z   type: 'test'
typecheck, test, PostgreSQL, e2e, build	Unit tests	2026-10-06T03:37:28.8665896Z   ...
typecheck, test, PostgreSQL, e2e, build	Unit tests	2026-10-06T03:37:28.8675345Z # Subtest: read tools: query_expenses with limit+amount_desc returns sorted items
typecheck, test, PostgreSQL, e2e, build	Unit tests	2026-10-06T03:37:28.8676573Z ok 111 - read tools: query_expenses with limit+amount_desc returns sorted items
typecheck, test, PostgreSQL, e2e, build	Unit tests	2026-10-06T03:37:28.8677345Z   ---
typecheck, test, PostgreSQL, e2e, build	Unit tests	2026-10-06T03:37:28.8677713Z   duration_ms: 1.269395
typecheck, test, PostgreSQL, e2e, build	Unit tests	2026-10-06T03:37:28.8678140Z   type: 'test'
typecheck, test, PostgreSQL, e2e, build	Unit tests	2026-10-06T03:37:28.8678503Z   ...
typecheck, test, PostgreSQL, e2e, build	Unit tests	2026-10-06T03:37:28.8685927Z # Subtest: read tools: get_balance_summary maps positive balance to partner owes me
typecheck, test, PostgreSQL, e2e, build	Unit tests	2026-10-06T03:37:28.8687104Z ok 112 - read tools: get_balance_summary maps positive balance to partner owes me
typecheck, test, PostgreSQL, e2e, build	Unit tests	2026-10-06T03:37:28.8687810Z   ---
typecheck, test, PostgreSQL, e2e, build	Unit tests	2026-10-06T03:37:28.8688158Z   duration_ms: 1.304411
typecheck, test, PostgreSQL, e2e, build	Unit tests	2026-10-06T03:37:28.8688553Z   type: 'test'
typecheck, test, PostgreSQL, e2e, build	Unit tests	2026-10-06T03:37:28.8688890Z   ...
typecheck, test, PostgreSQL, e2e, build	Unit tests	2026-10-06T03:37:28.8694059Z # Subtest: read tools: get_balance_summary maps negative balance to I owe partner
typecheck, test, PostgreSQL, e2e, build	Unit tests	2026-10-06T03:37:28.8695376Z ok 113 - read tools: get_balance_summary maps negative balance to I owe partner
typecheck, test, PostgreSQL, e2e, build	Unit tests	2026-10-06T03:37:28.8696127Z   ---
typecheck, test, PostgreSQL, e2e, build	Unit tests	2026-10-06T03:37:28.8696471Z   duration_ms: 0.779673
typecheck, test, PostgreSQL, e2e, build	Unit tests	2026-10-06T03:37:28.8696849Z   type: 'test'
typecheck, test, PostgreSQL, e2e, build	Unit tests	2026-10-06T03:37:28.8697173Z   ...
typecheck, test, PostgreSQL, e2e, build	Unit tests	2026-10-06T03:37:28.8702535Z # Subtest: read tools: get_balance_summary returns settled message when both are zero
typecheck, test, PostgreSQL, e2e, build	Unit tests	2026-10-06T03:37:28.8704249Z ok 114 - read tools: get_balance_summary returns settled message when both are zero
typecheck, test, PostgreSQL, e2e, build	Unit tests	2026-10-06T03:37:28.8704871Z   ---
typecheck, test, PostgreSQL, e2e, build	Unit tests	2026-10-06T03:37:28.8705436Z   duration_ms: 0.818185
typecheck, test, PostgreSQL, e2e, build	Unit tests	2026-10-06T03:37:28.8705727Z   type: 'test'
typecheck, test, PostgreSQL, e2e, build	Unit tests	2026-10-06T03:37:28.8705935Z   ...
typecheck, test, PostgreSQL, e2e, build	Unit tests	2026-10-06T03:37:28.8722929Z # Subtest: read tools: get_recurring_list maps couple-scoped rows to tool contract
typecheck, test, PostgreSQL, e2e, build	Unit tests	2026-10-06T03:37:28.8724120Z ok 115 - read tools: get_recurring_list maps couple-scoped rows to tool contract
typecheck, test, PostgreSQL, e2e, build	Unit tests	2026-10-06T03:37:28.8728132Z   ---
typecheck, test, PostgreSQL, e2e, build	Unit tests	2026-10-06T03:37:28.8728639Z   duration_ms: 1.402494
typecheck, test, PostgreSQL, e2e, build	Unit tests	2026-10-06T03:37:28.8729114Z   type: 'test'
typecheck, test, PostgreSQL, e2e, build	Unit tests	2026-10-06T03:37:28.8729462Z   ...
typecheck, test, PostgreSQL, e2e, build	Unit tests	2026-10-06T03:37:28.8730320Z # Subtest: secretary service retries hallucinated writes and applies corrected pending actions
typecheck, test, PostgreSQL, e2e, build	Unit tests	2026-10-06T03:37:28.8731352Z ok 116 - secretary service retries hallucinated writes and applies corrected pending actions
typecheck, test, PostgreSQL, e2e, build	Unit tests	2026-10-06T03:37:28.8731848Z   ---
typecheck, test, PostgreSQL, e2e, build	Unit tests	2026-10-06T03:37:28.8732070Z   duration_ms: 0.612792
typecheck, test, PostgreSQL, e2e, build	Unit tests	2026-10-06T03:37:28.8732313Z   type: 'test'
typecheck, test, PostgreSQL, e2e, build	Unit tests	2026-10-06T03:37:28.8732515Z   ...
typecheck, test, PostgreSQL, e2e, build	Unit tests	2026-10-06T03:37:28.8744876Z # Subtest: secretary service replays an immutable action plan without rerunning the model
typecheck, test, PostgreSQL, e2e, build	Unit tests	2026-10-06T03:37:28.8746770Z ok 117 - secretary service replays an immutable action plan without rerunning the model
typecheck, test, PostgreSQL, e2e, build	Unit tests	2026-10-06T03:37:28.8747894Z   ---
typecheck, test, PostgreSQL, e2e, build	Unit tests	2026-10-06T03:37:28.8748467Z   duration_ms: 2.101295
typecheck, test, PostgreSQL, e2e, build	Unit tests	2026-10-06T03:37:28.8749095Z   type: 'test'
typecheck, test, PostgreSQL, e2e, build	Unit tests	2026-10-06T03:37:28.8749714Z   ...
typecheck, test, PostgreSQL, e2e, build	Unit tests	2026-10-06T03:37:28.8771448Z # Subtest: LINE action plan keeps the first mixed-action result across redelivery
typecheck, test, PostgreSQL, e2e, build	Unit tests	2026-10-06T03:37:28.8773368Z ok 118 - LINE action plan keeps the first mixed-action result across redelivery
typecheck, test, PostgreSQL, e2e, build	Unit tests	2026-10-06T03:37:28.8774507Z   ---
typecheck, test, PostgreSQL, e2e, build	Unit tests	2026-10-06T03:37:28.8775478Z   duration_ms: 2.557876
typecheck, test, PostgreSQL, e2e, build	Unit tests	2026-10-06T03:37:28.8776297Z   type: 'test'
typecheck, test, PostgreSQL, e2e, build	Unit tests	2026-10-06T03:37:28.8777031Z   ...
typecheck, test, PostgreSQL, e2e, build	Unit tests	2026-10-06T03:37:28.8826437Z # Subtest: write tools: update_expense returns pending_action updates
typecheck, test, PostgreSQL, e2e, build	Unit tests	2026-10-06T03:37:28.8828074Z ok 119 - write tools: update_expense returns pending_action updates
typecheck, test, PostgreSQL, e2e, build	Unit tests	2026-10-06T03:37:28.8828886Z   ---
typecheck, test, PostgreSQL, e2e, build	Unit tests	2026-10-06T03:37:28.8829471Z   duration_ms: 5.338347
typecheck, test, PostgreSQL, e2e, build	Unit tests	2026-10-06T03:37:28.8829854Z   type: 'test'
typecheck, test, PostgreSQL, e2e, build	Unit tests	2026-10-06T03:37:28.8830178Z   ...
typecheck, test, PostgreSQL, e2e, build	Unit tests	2026-10-06T03:37:28.8847189Z # Subtest: write tools: update_expense no-op throws error
typecheck, test, PostgreSQL, e2e, build	Unit tests	2026-10-06T03:37:28.8848036Z ok 120 - write tools: update_expense no-op throws error
typecheck, test, PostgreSQL, e2e, build	Unit tests	2026-10-06T03:37:28.8848471Z   ---
typecheck, test, PostgreSQL, e2e, build	Unit tests	2026-10-06T03:37:28.8848690Z   duration_ms: 2.117285
typecheck, test, PostgreSQL, e2e, build	Unit tests	2026-10-06T03:37:28.8848916Z   type: 'test'
typecheck, test, PostgreSQL, e2e, build	Unit tests	2026-10-06T03:37:28.8849128Z   ...
typecheck, test, PostgreSQL, e2e, build	Unit tests	2026-10-06T03:37:28.8936168Z # Subtest: tool integration regression: tool -> executeAgentAction -> TS transaction
typecheck, test, PostgreSQL, e2e, build	Unit tests	2026-10-06T03:37:28.8937853Z ok 121 - tool integration regression: tool -> executeAgentAction -> TS transaction
typecheck, test, PostgreSQL, e2e, build	Unit tests	2026-10-06T03:37:28.8938659Z   ---
typecheck, test, PostgreSQL, e2e, build	Unit tests	2026-10-06T03:37:28.8939087Z   duration_ms: 8.851944
typecheck, test, PostgreSQL, e2e, build	Unit tests	2026-10-06T03:37:28.8939560Z   type: 'test'
typecheck, test, PostgreSQL, e2e, build	Unit tests	2026-10-06T03:37:28.8939953Z   ...
typecheck, test, PostgreSQL, e2e, build	Unit tests	2026-10-06T03:37:28.8990194Z # Subtest: secretary integration regression: tool -> SecretaryService.run -> TS transaction
typecheck, test, PostgreSQL, e2e, build	Unit tests	2026-10-06T03:37:28.8991733Z ok 122 - secretary integration regression: tool -> SecretaryService.run -> TS transaction
typecheck, test, PostgreSQL, e2e, build	Unit tests	2026-10-06T03:37:28.8992700Z   ---
typecheck, test, PostgreSQL, e2e, build	Unit tests	2026-10-06T03:37:28.8993117Z   duration_ms: 5.452038
typecheck, test, PostgreSQL, e2e, build	Unit tests	2026-10-06T03:37:28.8993583Z   type: 'test'
typecheck, test, PostgreSQL, e2e, build	Unit tests	2026-10-06T03:37:28.8994000Z   ...
typecheck, test, PostgreSQL, e2e, build	Unit tests	2026-10-06T03:37:28.9010253Z # Subtest: tool: get_category_breakdown regression
typecheck, test, PostgreSQL, e2e, build	Unit tests	2026-10-06T03:37:28.9011138Z ok 123 - tool: get_category_breakdown regression
typecheck, test, PostgreSQL, e2e, build	Unit tests	2026-10-06T03:37:28.9011826Z   ---
typecheck, test, PostgreSQL, e2e, build	Unit tests	2026-10-06T03:37:28.9012244Z   duration_ms: 1.789424
typecheck, test, PostgreSQL, e2e, build	Unit tests	2026-10-06T03:37:28.9012667Z   type: 'test'
typecheck, test, PostgreSQL, e2e, build	Unit tests	2026-10-06T03:37:28.9013023Z   ...
typecheck, test, PostgreSQL, e2e, build	Unit tests	2026-10-06T03:37:28.9025320Z # Subtest: tool: compare_period regression
typecheck, test, PostgreSQL, e2e, build	Unit tests	2026-10-06T03:37:28.9026695Z ok 124 - tool: compare_period regression
typecheck, test, PostgreSQL, e2e, build	Unit tests	2026-10-06T03:37:28.9027178Z   ---
typecheck, test, PostgreSQL, e2e, build	Unit tests	2026-10-06T03:37:28.9027519Z   duration_ms: 1.790326
typecheck, test, PostgreSQL, e2e, build	Unit tests	2026-10-06T03:37:28.9027777Z   type: 'test'
typecheck, test, PostgreSQL, e2e, build	Unit tests	2026-10-06T03:37:28.9027991Z   ...
typecheck, test, PostgreSQL, e2e, build	Unit tests	2026-10-06T03:37:28.9042647Z # Subtest: tool: get_anomalies regression
typecheck, test, PostgreSQL, e2e, build	Unit tests	2026-10-06T03:37:28.9048290Z ok 125 - tool: get_anomalies regression
typecheck, test, PostgreSQL, e2e, build	Unit tests	2026-10-06T03:37:28.9048884Z   ---
typecheck, test, PostgreSQL, e2e, build	Unit tests	2026-10-06T03:37:28.9049285Z   duration_ms: 1.63675
typecheck, test, PostgreSQL, e2e, build	Unit tests	2026-10-06T03:37:28.9049729Z   type: 'test'
typecheck, test, PostgreSQL, e2e, build	Unit tests	2026-10-06T03:37:28.9050119Z   ...
typecheck, test, PostgreSQL, e2e, build	Unit tests	2026-10-06T03:37:28.9060034Z # Subtest: tool: get_category_trend regression
typecheck, test, PostgreSQL, e2e, build	Unit tests	2026-10-06T03:37:28.9061202Z ok 126 - tool: get_category_trend regression
typecheck, test, PostgreSQL, e2e, build	Unit tests	2026-10-06T03:37:28.9061803Z   ---
typecheck, test, PostgreSQL, e2e, build	Unit tests	2026-10-06T03:37:28.9062134Z   duration_ms: 1.751874
typecheck, test, PostgreSQL, e2e, build	Unit tests	2026-10-06T03:37:28.9062516Z   type: 'test'
typecheck, test, PostgreSQL, e2e, build	Unit tests	2026-10-06T03:37:28.9062807Z   ...
typecheck, test, PostgreSQL, e2e, build	Unit tests	2026-10-06T03:37:28.9071853Z # Subtest: tool: predict_month_end regression - insufficient data guard
typecheck, test, PostgreSQL, e2e, build	Unit tests	2026-10-06T03:37:28.9073115Z ok 127 - tool: predict_month_end regression - insufficient data guard
typecheck, test, PostgreSQL, e2e, build	Unit tests	2026-10-06T03:37:28.9073861Z   ---
typecheck, test, PostgreSQL, e2e, build	Unit tests	2026-10-06T03:37:28.9074262Z   duration_ms: 1.124706
typecheck, test, PostgreSQL, e2e, build	Unit tests	2026-10-06T03:37:28.9074698Z   type: 'test'
typecheck, test, PostgreSQL, e2e, build	Unit tests	2026-10-06T03:37:28.9075371Z   ...
typecheck, test, PostgreSQL, e2e, build	Unit tests	2026-10-06T03:37:28.9086135Z # Subtest: tool: predict_month_end regression - normal prediction
typecheck, test, PostgreSQL, e2e, build	Unit tests	2026-10-06T03:37:28.9087325Z ok 128 - tool: predict_month_end regression - normal prediction
typecheck, test, PostgreSQL, e2e, build	Unit tests	2026-10-06T03:37:28.9088117Z   ---
typecheck, test, PostgreSQL, e2e, build	Unit tests	2026-10-06T03:37:28.9088507Z   duration_ms: 1.318629
typecheck, test, PostgreSQL, e2e, build	Unit tests	2026-10-06T03:37:28.9088777Z   type: 'test'
typecheck, test, PostgreSQL, e2e, build	Unit tests	2026-10-06T03:37:28.9088982Z   ...
typecheck, test, PostgreSQL, e2e, build	Unit tests	2026-10-06T03:37:28.9105892Z # Subtest: tool: analyze_spending regression
typecheck, test, PostgreSQL, e2e, build	Unit tests	2026-10-06T03:37:28.9106650Z ok 129 - tool: analyze_spending regression
typecheck, test, PostgreSQL, e2e, build	Unit tests	2026-10-06T03:37:28.9107134Z   ---
typecheck, test, PostgreSQL, e2e, build	Unit tests	2026-10-06T03:37:28.9107467Z   duration_ms: 1.970572
typecheck, test, PostgreSQL, e2e, build	Unit tests	2026-10-06T03:37:28.9107897Z   type: 'test'
typecheck, test, PostgreSQL, e2e, build	Unit tests	2026-10-06T03:37:28.9108271Z   ...
typecheck, test, PostgreSQL, e2e, build	Unit tests	2026-10-06T03:37:28.9143508Z # agent_event write failed (non-blocking) {
typecheck, test, PostgreSQL, e2e, build	Unit tests	2026-10-06T03:37:28.9144018Z #   kind: 'action_failed',
typecheck, test, PostgreSQL, e2e, build	Unit tests	2026-10-06T03:37:28.9144388Z #   error: 'db.from(...).insert is not a function'
typecheck, test, PostgreSQL, e2e, build	Unit tests	2026-10-06T03:37:28.9144709Z # }
typecheck, test, PostgreSQL, e2e, build	Unit tests	2026-10-06T03:37:28.9151976Z # Subtest: runLineSecretaryTurn replies actionResultMessage on action failure
typecheck, test, PostgreSQL, e2e, build	Unit tests	2026-10-06T03:37:28.9153251Z ok 130 - runLineSecretaryTurn replies actionResultMessage on action failure
typecheck, test, PostgreSQL, e2e, build	Unit tests	2026-10-06T03:37:28.9154019Z   ---
typecheck, test, PostgreSQL, e2e, build	Unit tests	2026-10-06T03:37:28.9154249Z   duration_ms: 4.270217
typecheck, test, PostgreSQL, e2e, build	Unit tests	2026-10-06T03:37:28.9154625Z   type: 'test'
typecheck, test, PostgreSQL, e2e, build	Unit tests	2026-10-06T03:37:28.9154841Z   ...
typecheck, test, PostgreSQL, e2e, build	Unit tests	2026-10-06T03:37:28.9163881Z # agent_event write failed (non-blocking) { kind: 'text_other', error: 'db.from(...).insert is not a function' }
typecheck, test, PostgreSQL, e2e, build	Unit tests	2026-10-06T03:37:28.9172917Z # Subtest: runLineSecretaryTurn replies success and notifies partner when requested
typecheck, test, PostgreSQL, e2e, build	Unit tests	2026-10-06T03:37:28.9173727Z ok 131 - runLineSecretaryTurn replies success and notifies partner when requested
typecheck, test, PostgreSQL, e2e, build	Unit tests	2026-10-06T03:37:28.9174164Z   ---
typecheck, test, PostgreSQL, e2e, build	Unit tests	2026-10-06T03:37:28.9174367Z   duration_ms: 2.247117
typecheck, test, PostgreSQL, e2e, build	Unit tests	2026-10-06T03:37:28.9174597Z   type: 'test'
typecheck, test, PostgreSQL, e2e, build	Unit tests	2026-10-06T03:37:28.9174800Z   ...
typecheck, test, PostgreSQL, e2e, build	Unit tests	2026-10-06T03:37:28.9187614Z # agent_event write failed (non-blocking) { kind: 'text_other', error: 'db.from(...).insert is not a function' }
typecheck, test, PostgreSQL, e2e, build	Unit tests	2026-10-06T03:37:28.9193782Z # Subtest: runLineSecretaryTurn routes explicit group mention to that group and strips it from text
typecheck, test, PostgreSQL, e2e, build	Unit tests	2026-10-06T03:37:28.9194702Z ok 132 - runLineSecretaryTurn routes explicit group mention to that group and strips it from text
typecheck, test, PostgreSQL, e2e, build	Unit tests	2026-10-06T03:37:28.9195487Z   ---
typecheck, test, PostgreSQL, e2e, build	Unit tests	2026-10-06T03:37:28.9195696Z   duration_ms: 2.011818
typecheck, test, PostgreSQL, e2e, build	Unit tests	2026-10-06T03:37:28.9195929Z   type: 'test'
typecheck, test, PostgreSQL, e2e, build	Unit tests	2026-10-06T03:37:28.9196130Z   ...
typecheck, test, PostgreSQL, e2e, build	Unit tests	2026-10-06T03:37:28.9208001Z # agent_event write failed (non-blocking) { kind: 'needs_group', error: 'db.from(...).insert is not a function' }
typecheck, test, PostgreSQL, e2e, build	Unit tests	2026-10-06T03:37:28.9214364Z # Subtest: runLineSecretaryTurn: shared account + accounting intent + no group name -> needs_group, no LLM call
typecheck, test, PostgreSQL, e2e, build	Unit tests	2026-10-06T03:37:28.9216659Z ok 133 - runLineSecretaryTurn: shared account + accounting intent + no group name -> needs_group, no LLM call
typecheck, test, PostgreSQL, e2e, build	Unit tests	2026-10-06T03:37:28.9217665Z   ---
typecheck, test, PostgreSQL, e2e, build	Unit tests	2026-10-06T03:37:28.9218074Z   duration_ms: 2.060339
typecheck, test, PostgreSQL, e2e, build	Unit tests	2026-10-06T03:37:28.9218502Z   type: 'test'
typecheck, test, PostgreSQL, e2e, build	Unit tests	2026-10-06T03:37:28.9218723Z   ...
typecheck, test, PostgreSQL, e2e, build	Unit tests	2026-10-06T03:37:28.9230984Z # agent_event write failed (non-blocking) { kind: 'text_other', error: 'db.from(...).insert is not a function' }
typecheck, test, PostgreSQL, e2e, build	Unit tests	2026-10-06T03:37:28.9237171Z # Subtest: runLineSecretaryTurn: shared account + chitchat + no group name -> reaches LLM, no gate
typecheck, test, PostgreSQL, e2e, build	Unit tests	2026-10-06T03:37:28.9239340Z ok 134 - runLineSecretaryTurn: shared account + chitchat + no group name -> reaches LLM, no gate
typecheck, test, PostgreSQL, e2e, build	Unit tests	2026-10-06T03:37:28.9240256Z   ---
typecheck, test, PostgreSQL, e2e, build	Unit tests	2026-10-06T03:37:28.9240676Z   duration_ms: 2.138333
typecheck, test, PostgreSQL, e2e, build	Unit tests	2026-10-06T03:37:28.9240945Z   type: 'test'
typecheck, test, PostgreSQL, e2e, build	Unit tests	2026-10-06T03:37:28.9241156Z   ...
typecheck, test, PostgreSQL, e2e, build	Unit tests	2026-10-06T03:37:28.9258042Z # agent_event write failed (non-blocking) { kind: 'text_other', error: 'db.from(...).insert is not a function' }
typecheck, test, PostgreSQL, e2e, build	Unit tests	2026-10-06T03:37:28.9266263Z # Subtest: handleLineAudioTurn uses the only available group without a redundant question
typecheck, test, PostgreSQL, e2e, build	Unit tests	2026-10-06T03:37:28.9267609Z ok 135 - handleLineAudioTurn uses the only available group without a redundant question
typecheck, test, PostgreSQL, e2e, build	Unit tests	2026-10-06T03:37:28.9268057Z   ---
typecheck, test, PostgreSQL, e2e, build	Unit tests	2026-10-06T03:37:28.9268278Z   duration_ms: 2.766676
typecheck, test, PostgreSQL, e2e, build	Unit tests	2026-10-06T03:37:28.9268591Z   type: 'test'
typecheck, test, PostgreSQL, e2e, build	Unit tests	2026-10-06T03:37:28.9280343Z   ...
typecheck, test, PostgreSQL, e2e, build	Unit tests	2026-10-06T03:37:28.9281165Z # agent_event write failed (non-blocking) { kind: 'text_other', error: 'db.from(...).insert is not a function' }
typecheck, test, PostgreSQL, e2e, build	Unit tests	2026-10-06T03:37:28.9286734Z # Subtest: runLineSecretaryTurn: dependencies.context is not mutated by resolvedGroupId
typecheck, test, PostgreSQL, e2e, build	Unit tests	2026-10-06T03:37:28.9288034Z ok 136 - runLineSecretaryTurn: dependencies.context is not mutated by resolvedGroupId
typecheck, test, PostgreSQL, e2e, build	Unit tests	2026-10-06T03:37:28.9288648Z   ---
typecheck, test, PostgreSQL, e2e, build	Unit tests	2026-10-06T03:37:28.9288864Z   duration_ms: 2.154725
typecheck, test, PostgreSQL, e2e, build	Unit tests	2026-10-06T03:37:28.9289093Z   type: 'test'
typecheck, test, PostgreSQL, e2e, build	Unit tests	2026-10-06T03:37:28.9289293Z   ...
typecheck, test, PostgreSQL, e2e, build	Unit tests	2026-10-06T03:37:28.9311015Z # agent_event write failed (non-blocking) { kind: 'text_other', error: 'db.from(...).insert is not a function' }
typecheck, test, PostgreSQL, e2e, build	Unit tests	2026-10-06T03:37:28.9317608Z # Subtest: runLineSecretaryTurn passes a stable line idempotency key into executeAgentAction
typecheck, test, PostgreSQL, e2e, build	Unit tests	2026-10-06T03:37:28.9319331Z ok 137 - runLineSecretaryTurn passes a stable line idempotency key into executeAgentAction
typecheck, test, PostgreSQL, e2e, build	Unit tests	2026-10-06T03:37:28.9320207Z   ---
typecheck, test, PostgreSQL, e2e, build	Unit tests	2026-10-06T03:37:28.9322236Z   duration_ms: 3.103063
typecheck, test, PostgreSQL, e2e, build	Unit tests	2026-10-06T03:37:28.9322514Z   type: 'test'
typecheck, test, PostgreSQL, e2e, build	Unit tests	2026-10-06T03:37:28.9322941Z   ...
typecheck, test, PostgreSQL, e2e, build	Unit tests	2026-10-06T03:37:28.9348122Z # Subtest: LINE transfer command creates one pending transfer without a direct partner push
typecheck, test, PostgreSQL, e2e, build	Unit tests	2026-10-06T03:37:28.9349926Z ok 138 - LINE transfer command creates one pending transfer without a direct partner push
typecheck, test, PostgreSQL, e2e, build	Unit tests	2026-10-06T03:37:28.9350774Z   ---
typecheck, test, PostgreSQL, e2e, build	Unit tests	2026-10-06T03:37:28.9351137Z   duration_ms: 2.988409
typecheck, test, PostgreSQL, e2e, build	Unit tests	2026-10-06T03:37:28.9351563Z   type: 'test'
typecheck, test, PostgreSQL, e2e, build	Unit tests	2026-10-06T03:37:28.9351910Z   ...
typecheck, test, PostgreSQL, e2e, build	Unit tests	2026-10-06T03:37:28.9368216Z # Subtest: LINE negation and questions never reach a money-write path
typecheck, test, PostgreSQL, e2e, build	Unit tests	2026-10-06T03:37:28.9369729Z ok 139 - LINE negation and questions never reach a money-write path
typecheck, test, PostgreSQL, e2e, build	Unit tests	2026-10-06T03:37:28.9370440Z   ---
typecheck, test, PostgreSQL, e2e, build	Unit tests	2026-10-06T03:37:28.9372479Z   duration_ms: 2.124949
typecheck, test, PostgreSQL, e2e, build	Unit tests	2026-10-06T03:37:28.9372921Z   type: 'test'
typecheck, test, PostgreSQL, e2e, build	Unit tests	2026-10-06T03:37:28.9373361Z   ...
typecheck, test, PostgreSQL, e2e, build	Unit tests	2026-10-06T03:37:28.9387000Z # agent_event write failed (non-blocking) { kind: 'text_other', error: 'db.from(...).insert is not a function' }
typecheck, test, PostgreSQL, e2e, build	Unit tests	2026-10-06T03:37:28.9396600Z # Subtest: handleLineAudioTurn prefixes transcript into assistant reply
typecheck, test, PostgreSQL, e2e, build	Unit tests	2026-10-06T03:37:28.9397723Z ok 140 - handleLineAudioTurn prefixes transcript into assistant reply
typecheck, test, PostgreSQL, e2e, build	Unit tests	2026-10-06T03:37:28.9398447Z   ---
typecheck, test, PostgreSQL, e2e, build	Unit tests	2026-10-06T03:37:28.9400698Z   duration_ms: 2.736419
typecheck, test, PostgreSQL, e2e, build	Unit tests	2026-10-06T03:37:28.9401170Z   type: 'test'
typecheck, test, PostgreSQL, e2e, build	Unit tests	2026-10-06T03:37:28.9401544Z   ...
typecheck, test, PostgreSQL, e2e, build	Unit tests	2026-10-06T03:37:28.9408550Z # agent_event write failed (non-blocking) {
typecheck, test, PostgreSQL, e2e, build	Unit tests	2026-10-06T03:37:28.9409177Z #   kind: 'image_rejected',
typecheck, test, PostgreSQL, e2e, build	Unit tests	2026-10-06T03:37:28.9409808Z #   error: 'db.from(...).insert is not a function'
typecheck, test, PostgreSQL, e2e, build	Unit tests	2026-10-06T03:37:28.9410375Z # }
typecheck, test, PostgreSQL, e2e, build	Unit tests	2026-10-06T03:37:28.9415757Z # Subtest: handleLineImageTurn rejects image without downloading or calling LLM
typecheck, test, PostgreSQL, e2e, build	Unit tests	2026-10-06T03:37:28.9417204Z ok 141 - handleLineImageTurn rejects image without downloading or calling LLM
typecheck, test, PostgreSQL, e2e, build	Unit tests	2026-10-06T03:37:28.9417780Z   ---
typecheck, test, PostgreSQL, e2e, build	Unit tests	2026-10-06T03:37:28.9418075Z   duration_ms: 1.79263
typecheck, test, PostgreSQL, e2e, build	Unit tests	2026-10-06T03:37:28.9418451Z   type: 'test'
typecheck, test, PostgreSQL, e2e, build	Unit tests	2026-10-06T03:37:28.9418671Z   ...
typecheck, test, PostgreSQL, e2e, build	Unit tests	2026-10-06T03:37:28.9979297Z # Subtest: route regression: /api/app/receipts/* endpoints are not found
typecheck, test, PostgreSQL, e2e, build	Unit tests	2026-10-06T03:37:28.9980891Z ok 142 - route regression: /api/app/receipts/* endpoints are not found
typecheck, test, PostgreSQL, e2e, build	Unit tests	2026-10-06T03:37:28.9981577Z   ---
typecheck, test, PostgreSQL, e2e, build	Unit tests	2026-10-06T03:37:28.9981987Z   duration_ms: 56.110224
typecheck, test, PostgreSQL, e2e, build	Unit tests	2026-10-06T03:37:28.9982443Z   type: 'test'
typecheck, test, PostgreSQL, e2e, build	Unit tests	2026-10-06T03:37:28.9982819Z   ...
typecheck, test, PostgreSQL, e2e, build	Unit tests	2026-10-06T03:37:29.0096697Z # Subtest: static regression: check forbidden strings and imports in production files
typecheck, test, PostgreSQL, e2e, build	Unit tests	2026-10-06T03:37:29.0097920Z ok 143 - static regression: check forbidden strings and imports in production files
typecheck, test, PostgreSQL, e2e, build	Unit tests	2026-10-06T03:37:29.0098594Z   ---
typecheck, test, PostgreSQL, e2e, build	Unit tests	2026-10-06T03:37:29.0098834Z   duration_ms: 11.943956
typecheck, test, PostgreSQL, e2e, build	Unit tests	2026-10-06T03:37:29.0099094Z   type: 'test'
typecheck, test, PostgreSQL, e2e, build	Unit tests	2026-10-06T03:37:29.0099321Z   ...
typecheck, test, PostgreSQL, e2e, build	Unit tests	2026-10-06T03:37:29.0119389Z # agent_event write failed (non-blocking) {
typecheck, test, PostgreSQL, e2e, build	Unit tests	2026-10-06T03:37:29.0121762Z #   kind: 'image_rejected',
typecheck, test, PostgreSQL, e2e, build	Unit tests	2026-10-06T03:37:29.0122772Z #   error: 'db.from(...).insert is not a function'
typecheck, test, PostgreSQL, e2e, build	Unit tests	2026-10-06T03:37:29.0123700Z # }
typecheck, test, PostgreSQL, e2e, build	Unit tests	2026-10-06T03:37:29.0124926Z # Subtest: LINE regression: image message routes to handleLineImageTurn and short-circuits
typecheck, test, PostgreSQL, e2e, build	Unit tests	2026-10-06T03:37:29.0126675Z ok 144 - LINE regression: image message routes to handleLineImageTurn and short-circuits
typecheck, test, PostgreSQL, e2e, build	Unit tests	2026-10-06T03:37:29.0127473Z   ---
typecheck, test, PostgreSQL, e2e, build	Unit tests	2026-10-06T03:37:29.0128030Z   duration_ms: 2.815987
typecheck, test, PostgreSQL, e2e, build	Unit tests	2026-10-06T03:37:29.0128513Z   type: 'test'
typecheck, test, PostgreSQL, e2e, build	Unit tests	2026-10-06T03:37:29.0128919Z   ...
typecheck, test, PostgreSQL, e2e, build	Unit tests	2026-10-06T03:37:29.0139282Z # Subtest: line webhook: join path uses claimUser result and bypasses joined-user lookup
typecheck, test, PostgreSQL, e2e, build	Unit tests	2026-10-06T03:37:29.0140831Z ok 145 - line webhook: join path uses claimUser result and bypasses joined-user lookup
typecheck, test, PostgreSQL, e2e, build	Unit tests	2026-10-06T03:37:29.0141779Z   ---
typecheck, test, PostgreSQL, e2e, build	Unit tests	2026-10-06T03:37:29.0142252Z   duration_ms: 1.482873
typecheck, test, PostgreSQL, e2e, build	Unit tests	2026-10-06T03:37:29.0142663Z   type: 'test'
typecheck, test, PostgreSQL, e2e, build	Unit tests	2026-10-06T03:37:29.0142994Z   ...
typecheck, test, PostgreSQL, e2e, build	Unit tests	2026-10-06T03:37:29.0159919Z # Subtest: line text service: search command calls ledgerQueryService.searchExpenses and returns LIFF link
typecheck, test, PostgreSQL, e2e, build	Unit tests	2026-10-06T03:37:29.0161825Z ok 146 - line text service: search command calls ledgerQueryService.searchExpenses and returns LIFF link
typecheck, test, PostgreSQL, e2e, build	Unit tests	2026-10-06T03:37:29.0162701Z   ---
typecheck, test, PostgreSQL, e2e, build	Unit tests	2026-10-06T03:37:29.0163090Z   duration_ms: 1.805133
typecheck, test, PostgreSQL, e2e, build	Unit tests	2026-10-06T03:37:29.0163896Z   type: 'test'
typecheck, test, PostgreSQL, e2e, build	Unit tests	2026-10-06T03:37:29.0164303Z   ...
typecheck, test, PostgreSQL, e2e, build	Unit tests	2026-10-06T03:37:29.0174613Z # Subtest: line text service: pending retarget confirms every returned actionId
typecheck, test, PostgreSQL, e2e, build	Unit tests	2026-10-06T03:37:29.0176496Z ok 147 - line text service: pending retarget confirms every returned actionId
typecheck, test, PostgreSQL, e2e, build	Unit tests	2026-10-06T03:37:29.0177174Z   ---
typecheck, test, PostgreSQL, e2e, build	Unit tests	2026-10-06T03:37:29.0177611Z   duration_ms: 1.721808
typecheck, test, PostgreSQL, e2e, build	Unit tests	2026-10-06T03:37:29.0178056Z   type: 'test'
typecheck, test, PostgreSQL, e2e, build	Unit tests	2026-10-06T03:37:29.0178429Z   ...
typecheck, test, PostgreSQL, e2e, build	Unit tests	2026-10-06T03:37:29.0315693Z # Subtest: line webhook facade: exported parser helpers and handleLineEvent still route through split modules
typecheck, test, PostgreSQL, e2e, build	Unit tests	2026-10-06T03:37:29.0318300Z ok 148 - line webhook facade: exported parser helpers and handleLineEvent still route through split modules
typecheck, test, PostgreSQL, e2e, build	Unit tests	2026-10-06T03:37:29.0319835Z   ---
typecheck, test, PostgreSQL, e2e, build	Unit tests	2026-10-06T03:37:29.0320666Z   duration_ms: 0.857127
typecheck, test, PostgreSQL, e2e, build	Unit tests	2026-10-06T03:37:29.0321395Z   type: 'test'
typecheck, test, PostgreSQL, e2e, build	Unit tests	2026-10-06T03:37:29.0322064Z   ...
typecheck, test, PostgreSQL, e2e, build	Unit tests	2026-10-06T03:37:29.0322966Z # Subtest: TS Confirm Paths: create_expense confirm success
typecheck, test, PostgreSQL, e2e, build	Unit tests	2026-10-06T03:37:29.0324169Z ok 149 - TS Confirm Paths: create_expense confirm success
typecheck, test, PostgreSQL, e2e, build	Unit tests	2026-10-06T03:37:29.0325385Z   ---
typecheck, test, PostgreSQL, e2e, build	Unit tests	2026-10-06T03:37:29.0326099Z   duration_ms: 2.331895
typecheck, test, PostgreSQL, e2e, build	Unit tests	2026-10-06T03:37:29.0326813Z   type: 'test'
typecheck, test, PostgreSQL, e2e, build	Unit tests	2026-10-06T03:37:29.0327480Z   ...
typecheck, test, PostgreSQL, e2e, build	Unit tests	2026-10-06T03:37:29.0328448Z # Subtest: TS Confirm Paths: update_expense version mismatch -> stale
typecheck, test, PostgreSQL, e2e, build	Unit tests	2026-10-06T03:37:29.0329763Z ok 150 - TS Confirm Paths: update_expense version mismatch -> stale
typecheck, test, PostgreSQL, e2e, build	Unit tests	2026-10-06T03:37:29.0330735Z   ---
typecheck, test, PostgreSQL, e2e, build	Unit tests	2026-10-06T03:37:29.0331408Z   duration_ms: 0.873959
typecheck, test, PostgreSQL, e2e, build	Unit tests	2026-10-06T03:37:29.0332096Z   type: 'test'
typecheck, test, PostgreSQL, e2e, build	Unit tests	2026-10-06T03:37:29.0332777Z   ...
typecheck, test, PostgreSQL, e2e, build	Unit tests	2026-10-06T03:37:29.0333892Z # Subtest: TS Confirm Paths: delete_expense / restore_expense success
typecheck, test, PostgreSQL, e2e, build	Unit tests	2026-10-06T03:37:29.0335428Z ok 151 - TS Confirm Paths: delete_expense / restore_expense success
typecheck, test, PostgreSQL, e2e, build	Unit tests	2026-10-06T03:37:29.0336344Z   ---
typecheck, test, PostgreSQL, e2e, build	Unit tests	2026-10-06T03:37:29.0336946Z   duration_ms: 0.715534
typecheck, test, PostgreSQL, e2e, build	Unit tests	2026-10-06T03:37:29.0337491Z   type: 'test'
typecheck, test, PostgreSQL, e2e, build	Unit tests	2026-10-06T03:37:29.0337841Z   ...
typecheck, test, PostgreSQL, e2e, build	Unit tests	2026-10-06T03:37:29.0338296Z # Subtest: TS Confirm Paths: settle success
typecheck, test, PostgreSQL, e2e, build	Unit tests	2026-10-06T03:37:29.0338895Z ok 152 - TS Confirm Paths: settle success
typecheck, test, PostgreSQL, e2e, build	Unit tests	2026-10-06T03:37:29.0339187Z   ---
typecheck, test, PostgreSQL, e2e, build	Unit tests	2026-10-06T03:37:29.0339392Z   duration_ms: 3.16606
typecheck, test, PostgreSQL, e2e, build	Unit tests	2026-10-06T03:37:29.0339621Z   type: 'test'
typecheck, test, PostgreSQL, e2e, build	Unit tests	2026-10-06T03:37:29.0339813Z   ...
typecheck, test, PostgreSQL, e2e, build	Unit tests	2026-10-06T03:37:29.0340133Z # Subtest: TS Confirm Paths: batch_create_expenses success
typecheck, test, PostgreSQL, e2e, build	Unit tests	2026-10-06T03:37:29.0340601Z ok 153 - TS Confirm Paths: batch_create_expenses success
typecheck, test, PostgreSQL, e2e, build	Unit tests	2026-10-06T03:37:29.0340909Z   ---
typecheck, test, PostgreSQL, e2e, build	Unit tests	2026-10-06T03:37:29.0341101Z   duration_ms: 1.791919
typecheck, test, PostgreSQL, e2e, build	Unit tests	2026-10-06T03:37:29.0341327Z   type: 'test'
typecheck, test, PostgreSQL, e2e, build	Unit tests	2026-10-06T03:37:29.0341515Z   ...
typecheck, test, PostgreSQL, e2e, build	Unit tests	2026-10-06T03:37:29.0341830Z # Subtest: TS Confirm Paths: batch_update_expenses success
typecheck, test, PostgreSQL, e2e, build	Unit tests	2026-10-06T03:37:29.0342294Z ok 154 - TS Confirm Paths: batch_update_expenses success
typecheck, test, PostgreSQL, e2e, build	Unit tests	2026-10-06T03:37:29.0342616Z   ---
typecheck, test, PostgreSQL, e2e, build	Unit tests	2026-10-06T03:37:29.0342815Z   duration_ms: 2.334671
typecheck, test, PostgreSQL, e2e, build	Unit tests	2026-10-06T03:37:29.0343041Z   type: 'test'
typecheck, test, PostgreSQL, e2e, build	Unit tests	2026-10-06T03:37:29.0343242Z   ...
typecheck, test, PostgreSQL, e2e, build	Unit tests	2026-10-06T03:37:29.0343595Z # Subtest: TS Confirm Paths: already_done / expired / not_found
typecheck, test, PostgreSQL, e2e, build	Unit tests	2026-10-06T03:37:29.0344096Z ok 155 - TS Confirm Paths: already_done / expired / not_found
typecheck, test, PostgreSQL, e2e, build	Unit tests	2026-10-06T03:37:29.0344420Z   ---
typecheck, test, PostgreSQL, e2e, build	Unit tests	2026-10-06T03:37:29.0344613Z   duration_ms: 1.470089
typecheck, test, PostgreSQL, e2e, build	Unit tests	2026-10-06T03:37:29.0344840Z   type: 'test'
typecheck, test, PostgreSQL, e2e, build	Unit tests	2026-10-06T03:37:29.0345327Z   ...
typecheck, test, PostgreSQL, e2e, build	Unit tests	2026-10-06T03:37:29.0355922Z # Subtest: confirmed action replay repairs idempotent post-commit tag normalization
typecheck, test, PostgreSQL, e2e, build	Unit tests	2026-10-06T03:37:29.0357438Z ok 156 - confirmed action replay repairs idempotent post-commit tag normalization
typecheck, test, PostgreSQL, e2e, build	Unit tests	2026-10-06T03:37:29.0358542Z   ---
typecheck, test, PostgreSQL, e2e, build	Unit tests	2026-10-06T03:37:29.0359308Z   duration_ms: 2.637174
typecheck, test, PostgreSQL, e2e, build	Unit tests	2026-10-06T03:37:29.0359865Z   type: 'test'
typecheck, test, PostgreSQL, e2e, build	Unit tests	2026-10-06T03:37:29.0360383Z   ...
typecheck, test, PostgreSQL, e2e, build	Unit tests	2026-10-06T03:37:29.0360960Z # Subtest: TS Confirm Paths: constraint violation -> stale
typecheck, test, PostgreSQL, e2e, build	Unit tests	2026-10-06T03:37:29.0361755Z ok 157 - TS Confirm Paths: constraint violation -> stale
typecheck, test, PostgreSQL, e2e, build	Unit tests	2026-10-06T03:37:29.0362288Z   ---
typecheck, test, PostgreSQL, e2e, build	Unit tests	2026-10-06T03:37:29.0362616Z   duration_ms: 1.400069
typecheck, test, PostgreSQL, e2e, build	Unit tests	2026-10-06T03:37:29.0362991Z   type: 'test'
typecheck, test, PostgreSQL, e2e, build	Unit tests	2026-10-06T03:37:29.0363325Z   ...
typecheck, test, PostgreSQL, e2e, build	Unit tests	2026-10-06T03:37:29.0373457Z # Subtest: env regression: shared server env schema fails when DATABASE_URL is missing
typecheck, test, PostgreSQL, e2e, build	Unit tests	2026-10-06T03:37:29.0375188Z ok 158 - env regression: shared server env schema fails when DATABASE_URL is missing
typecheck, test, PostgreSQL, e2e, build	Unit tests	2026-10-06T03:37:29.0376116Z   ---
typecheck, test, PostgreSQL, e2e, build	Unit tests	2026-10-06T03:37:29.0376454Z   duration_ms: 1.868562
typecheck, test, PostgreSQL, e2e, build	Unit tests	2026-10-06T03:37:29.0376837Z   type: 'test'
typecheck, test, PostgreSQL, e2e, build	Unit tests	2026-10-06T03:37:29.0377170Z   ...
typecheck, test, PostgreSQL, e2e, build	Unit tests	2026-10-06T03:37:29.0450832Z # Subtest: env regression: webhook route env schema fails when DATABASE_URL is missing
typecheck, test, PostgreSQL, e2e, build	Unit tests	2026-10-06T03:37:29.0452451Z ok 159 - env regression: webhook route env schema fails when DATABASE_URL is missing
typecheck, test, PostgreSQL, e2e, build	Unit tests	2026-10-06T03:37:29.0453298Z   ---
typecheck, test, PostgreSQL, e2e, build	Unit tests	2026-10-06T03:37:29.0453871Z   duration_ms: 7.537874
typecheck, test, PostgreSQL, e2e, build	Unit tests	2026-10-06T03:37:29.0454371Z   type: 'test'
typecheck, test, PostgreSQL, e2e, build	Unit tests	2026-10-06T03:37:29.0454756Z   ...
typecheck, test, PostgreSQL, e2e, build	Unit tests	2026-10-06T03:37:29.0465368Z # Subtest: withTx regression: withTx does not fail when DATABASE_URL is present
typecheck, test, PostgreSQL, e2e, build	Unit tests	2026-10-06T03:37:29.0466688Z ok 160 - withTx regression: withTx does not fail when DATABASE_URL is present
typecheck, test, PostgreSQL, e2e, build	Unit tests	2026-10-06T03:37:29.0467379Z   ---
typecheck, test, PostgreSQL, e2e, build	Unit tests	2026-10-06T03:37:29.0467726Z   duration_ms: 1.676484
typecheck, test, PostgreSQL, e2e, build	Unit tests	2026-10-06T03:37:29.0468116Z   type: 'test'
typecheck, test, PostgreSQL, e2e, build	Unit tests	2026-10-06T03:37:29.0468446Z   ...
typecheck, test, PostgreSQL, e2e, build	Unit tests	2026-10-06T03:37:29.0476560Z # Subtest: withTx env boundary: only DATABASE_URL is required; LINE/GEMINI/APP_URL are irrelevant
typecheck, test, PostgreSQL, e2e, build	Unit tests	2026-10-06T03:37:29.0477959Z ok 161 - withTx env boundary: only DATABASE_URL is required; LINE/GEMINI/APP_URL are irrelevant
typecheck, test, PostgreSQL, e2e, build	Unit tests	2026-10-06T03:37:29.0478728Z   ---
typecheck, test, PostgreSQL, e2e, build	Unit tests	2026-10-06T03:37:29.0479069Z   duration_ms: 0.723818
typecheck, test, PostgreSQL, e2e, build	Unit tests	2026-10-06T03:37:29.0479452Z   type: 'test'
typecheck, test, PostgreSQL, e2e, build	Unit tests	2026-10-06T03:37:29.0479779Z   ...
typecheck, test, PostgreSQL, e2e, build	Unit tests	2026-10-06T03:37:29.0487372Z # Subtest: withTx env boundary: missing DATABASE_URL still produces a DATABASE_URL error (not a LINE/GEMINI error)
typecheck, test, PostgreSQL, e2e, build	Unit tests	2026-10-06T03:37:29.0488322Z ok 162 - withTx env boundary: missing DATABASE_URL still produces a DATABASE_URL error (not a LINE/GEMINI error)
typecheck, test, PostgreSQL, e2e, build	Unit tests	2026-10-06T03:37:29.0488851Z   ---
typecheck, test, PostgreSQL, e2e, build	Unit tests	2026-10-06T03:37:29.0489055Z   duration_ms: 1.131648
typecheck, test, PostgreSQL, e2e, build	Unit tests	2026-10-06T03:37:29.0489292Z   type: 'test'
typecheck, test, PostgreSQL, e2e, build	Unit tests	2026-10-06T03:37:29.0489497Z   ...
typecheck, test, PostgreSQL, e2e, build	Unit tests	2026-10-06T03:37:29.0504252Z # Subtest: claimUser: returns joined + owner when the couple is empty
typecheck, test, PostgreSQL, e2e, build	Unit tests	2026-10-06T03:37:29.0505663Z ok 163 - claimUser: returns joined + owner when the couple is empty
typecheck, test, PostgreSQL, e2e, build	Unit tests	2026-10-06T03:37:29.0506389Z   ---
typecheck, test, PostgreSQL, e2e, build	Unit tests	2026-10-06T03:37:29.0506886Z   duration_ms: 1.981813
typecheck, test, PostgreSQL, e2e, build	Unit tests	2026-10-06T03:37:29.0507291Z   type: 'test'
typecheck, test, PostgreSQL, e2e, build	Unit tests	2026-10-06T03:37:29.0507623Z   ...
typecheck, test, PostgreSQL, e2e, build	Unit tests	2026-10-06T03:37:29.0536240Z # Subtest: claimUser: returns joined + partner when one user already exists
typecheck, test, PostgreSQL, e2e, build	Unit tests	2026-10-06T03:37:29.0537516Z ok 164 - claimUser: returns joined + partner when one user already exists
typecheck, test, PostgreSQL, e2e, build	Unit tests	2026-10-06T03:37:29.0568049Z   ---
typecheck, test, PostgreSQL, e2e, build	Unit tests	2026-10-06T03:37:29.0568916Z   duration_ms: 0.742553
typecheck, test, PostgreSQL, e2e, build	Unit tests	2026-10-06T03:37:29.0569345Z   type: 'test'
typecheck, test, PostgreSQL, e2e, build	Unit tests	2026-10-06T03:37:29.0569694Z   ...
typecheck, test, PostgreSQL, e2e, build	Unit tests	2026-10-06T03:37:29.0570343Z # Subtest: claimUser: returns full when the couple already has 2 users
typecheck, test, PostgreSQL, e2e, build	Unit tests	2026-10-06T03:37:29.0571105Z ok 165 - claimUser: returns full when the couple already has 2 users
typecheck, test, PostgreSQL, e2e, build	Unit tests	2026-10-06T03:37:29.0571466Z   ---
typecheck, test, PostgreSQL, e2e, build	Unit tests	2026-10-06T03:37:29.0571669Z   duration_ms: 0.67626
typecheck, test, PostgreSQL, e2e, build	Unit tests	2026-10-06T03:37:29.0571893Z   type: 'test'
typecheck, test, PostgreSQL, e2e, build	Unit tests	2026-10-06T03:37:29.0572195Z   ...
typecheck, test, PostgreSQL, e2e, build	Unit tests	2026-10-06T03:37:29.0572959Z # Subtest: claimUser: returns already_joined when the same line_user_id exists
typecheck, test, PostgreSQL, e2e, build	Unit tests	2026-10-06T03:37:29.0574045Z ok 166 - claimUser: returns already_joined when the same line_user_id exists
typecheck, test, PostgreSQL, e2e, build	Unit tests	2026-10-06T03:37:29.0574693Z   ---
typecheck, test, PostgreSQL, e2e, build	Unit tests	2026-10-06T03:37:29.0575226Z   duration_ms: 0.770566
typecheck, test, PostgreSQL, e2e, build	Unit tests	2026-10-06T03:37:29.0575616Z   type: 'test'
typecheck, test, PostgreSQL, e2e, build	Unit tests	2026-10-06T03:37:29.0575940Z   ...
typecheck, test, PostgreSQL, e2e, build	Unit tests	2026-10-06T03:37:29.0576499Z # Subtest: claimUser: reclassifies race-loss unique violation on line_user_id as already_joined
typecheck, test, PostgreSQL, e2e, build	Unit tests	2026-10-06T03:37:29.0577348Z ok 167 - claimUser: reclassifies race-loss unique violation on line_user_id as already_joined
typecheck, test, PostgreSQL, e2e, build	Unit tests	2026-10-06T03:37:29.0578203Z   ---
typecheck, test, PostgreSQL, e2e, build	Unit tests	2026-10-06T03:37:29.0578574Z   duration_ms: 0.745759
typecheck, test, PostgreSQL, e2e, build	Unit tests	2026-10-06T03:37:29.0578994Z   type: 'test'
typecheck, test, PostgreSQL, e2e, build	Unit tests	2026-10-06T03:37:29.0579366Z   ...
typecheck, test, PostgreSQL, e2e, build	Unit tests	2026-10-06T03:37:29.0580228Z # Subtest: claimUser: reclassifies race-loss unique violation on (couple_id, role) as full
typecheck, test, PostgreSQL, e2e, build	Unit tests	2026-10-06T03:37:29.0581511Z ok 168 - claimUser: reclassifies race-loss unique violation on (couple_id, role) as full
typecheck, test, PostgreSQL, e2e, build	Unit tests	2026-10-06T03:37:29.0582772Z   ---
typecheck, test, PostgreSQL, e2e, build	Unit tests	2026-10-06T03:37:29.0583138Z   duration_ms: 0.647577
typecheck, test, PostgreSQL, e2e, build	Unit tests	2026-10-06T03:37:29.0583906Z   type: 'test'
typecheck, test, PostgreSQL, e2e, build	Unit tests	2026-10-06T03:37:29.0584261Z   ...
typecheck, test, PostgreSQL, e2e, build	Unit tests	2026-10-06T03:37:29.0584859Z # Subtest: claimUser: rejects empty / oversized line_user_id
typecheck, test, PostgreSQL, e2e, build	Unit tests	2026-10-06T03:37:29.0585900Z ok 169 - claimUser: rejects empty / oversized line_user_id
typecheck, test, PostgreSQL, e2e, build	Unit tests	2026-10-06T03:37:29.0586460Z   ---
typecheck, test, PostgreSQL, e2e, build	Unit tests	2026-10-06T03:37:29.0586795Z   duration_ms: 3.419382
typecheck, test, PostgreSQL, e2e, build	Unit tests	2026-10-06T03:37:29.0587171Z   type: 'test'
typecheck, test, PostgreSQL, e2e, build	Unit tests	2026-10-06T03:37:29.0587501Z   ...
typecheck, test, PostgreSQL, e2e, build	Unit tests	2026-10-06T03:37:29.0594916Z # Subtest: loadGroupBalances: parses rpc rows into camelCase GroupBalanceRow[]
typecheck, test, PostgreSQL, e2e, build	Unit tests	2026-10-06T03:37:29.0596625Z ok 170 - loadGroupBalances: parses rpc rows into camelCase GroupBalanceRow[]
typecheck, test, PostgreSQL, e2e, build	Unit tests	2026-10-06T03:37:29.0597361Z   ---
typecheck, test, PostgreSQL, e2e, build	Unit tests	2026-10-06T03:37:29.0597730Z   duration_ms: 1.704847
typecheck, test, PostgreSQL, e2e, build	Unit tests	2026-10-06T03:37:29.0598164Z   type: 'test'
typecheck, test, PostgreSQL, e2e, build	Unit tests	2026-10-06T03:37:29.0598535Z   ...
typecheck, test, PostgreSQL, e2e, build	Unit tests	2026-10-06T03:37:29.0603498Z # Subtest: loadGroupBalances: throws on rpc error (callers catch and degrade)
typecheck, test, PostgreSQL, e2e, build	Unit tests	2026-10-06T03:37:29.0604394Z ok 171 - loadGroupBalances: throws on rpc error (callers catch and degrade)
typecheck, test, PostgreSQL, e2e, build	Unit tests	2026-10-06T03:37:29.0604815Z   ---
typecheck, test, PostgreSQL, e2e, build	Unit tests	2026-10-06T03:37:29.0605312Z   duration_ms: 0.661782
typecheck, test, PostgreSQL, e2e, build	Unit tests	2026-10-06T03:37:29.0605566Z   type: 'test'
typecheck, test, PostgreSQL, e2e, build	Unit tests	2026-10-06T03:37:29.0605769Z   ...
typecheck, test, PostgreSQL, e2e, build	Unit tests	2026-10-06T03:37:29.0644064Z # Subtest: loadGroupBalances: rejects missing groupId up front
typecheck, test, PostgreSQL, e2e, build	Unit tests	2026-10-06T03:37:29.0645813Z ok 172 - loadGroupBalances: rejects missing groupId up front
typecheck, test, PostgreSQL, e2e, build	Unit tests	2026-10-06T03:37:29.0646949Z   ---
typecheck, test, PostgreSQL, e2e, build	Unit tests	2026-10-06T03:37:29.0647661Z   duration_ms: 0.63899
typecheck, test, PostgreSQL, e2e, build	Unit tests	2026-10-06T03:37:29.0648137Z   type: 'test'
typecheck, test, PostgreSQL, e2e, build	Unit tests	2026-10-06T03:37:29.0648511Z   ...
typecheck, test, PostgreSQL, e2e, build	Unit tests	2026-10-06T03:37:29.0649267Z # Subtest: server-env: getAppUrl returns process.env.APP_URL or empty string
typecheck, test, PostgreSQL, e2e, build	Unit tests	2026-10-06T03:37:29.0650369Z ok 173 - server-env: getAppUrl returns process.env.APP_URL or empty string
typecheck, test, PostgreSQL, e2e, build	Unit tests	2026-10-06T03:37:29.0651075Z   ---
typecheck, test, PostgreSQL, e2e, build	Unit tests	2026-10-06T03:37:29.0651459Z   duration_ms: 0.226953
typecheck, test, PostgreSQL, e2e, build	Unit tests	2026-10-06T03:37:29.0651875Z   type: 'test'
typecheck, test, PostgreSQL, e2e, build	Unit tests	2026-10-06T03:37:29.0652241Z   ...
typecheck, test, PostgreSQL, e2e, build	Unit tests	2026-10-06T03:37:29.0652840Z # Subtest: server-env: getModelConfig is Gemini-only
typecheck, test, PostgreSQL, e2e, build	Unit tests	2026-10-06T03:37:29.0653612Z ok 174 - server-env: getModelConfig is Gemini-only
typecheck, test, PostgreSQL, e2e, build	Unit tests	2026-10-06T03:37:29.0654168Z   ---
typecheck, test, PostgreSQL, e2e, build	Unit tests	2026-10-06T03:37:29.0654527Z   duration_ms: 0.266907
typecheck, test, PostgreSQL, e2e, build	Unit tests	2026-10-06T03:37:29.0654944Z   type: 'test'
typecheck, test, PostgreSQL, e2e, build	Unit tests	2026-10-06T03:37:29.0655582Z   ...
typecheck, test, PostgreSQL, e2e, build	Unit tests	2026-10-06T03:37:29.0656179Z # Subtest: server-env: getModelConfig reads Gemini API keys
typecheck, test, PostgreSQL, e2e, build	Unit tests	2026-10-06T03:37:29.0657028Z ok 175 - server-env: getModelConfig reads Gemini API keys
typecheck, test, PostgreSQL, e2e, build	Unit tests	2026-10-06T03:37:29.0657612Z   ---
typecheck, test, PostgreSQL, e2e, build	Unit tests	2026-10-06T03:37:29.0657973Z   duration_ms: 0.231331
typecheck, test, PostgreSQL, e2e, build	Unit tests	2026-10-06T03:37:29.0658373Z   type: 'test'
typecheck, test, PostgreSQL, e2e, build	Unit tests	2026-10-06T03:37:29.0658592Z   ...
typecheck, test, PostgreSQL, e2e, build	Unit tests	2026-10-06T03:37:29.0659112Z # Subtest: env boundary: secretary-briefing no longer reads process.env.APP_URL at module load
typecheck, test, PostgreSQL, e2e, build	Unit tests	2026-10-06T03:37:29.0659851Z ok 176 - env boundary: secretary-briefing no longer reads process.env.APP_URL at module load
typecheck, test, PostgreSQL, e2e, build	Unit tests	2026-10-06T03:37:29.0660291Z   ---
typecheck, test, PostgreSQL, e2e, build	Unit tests	2026-10-06T03:37:29.0660491Z   duration_ms: 2.421322
typecheck, test, PostgreSQL, e2e, build	Unit tests	2026-10-06T03:37:29.0660730Z   type: 'test'
typecheck, test, PostgreSQL, e2e, build	Unit tests	2026-10-06T03:37:29.0660930Z   ...
typecheck, test, PostgreSQL, e2e, build	Unit tests	2026-10-06T03:37:29.0661367Z # Subtest: env boundary: model-provider no longer reads process.env at module load
typecheck, test, PostgreSQL, e2e, build	Unit tests	2026-10-06T03:37:29.0662036Z ok 177 - env boundary: model-provider no longer reads process.env at module load
typecheck, test, PostgreSQL, e2e, build	Unit tests	2026-10-06T03:37:29.0662446Z   ---
typecheck, test, PostgreSQL, e2e, build	Unit tests	2026-10-06T03:37:29.0662644Z   duration_ms: 0.20363
typecheck, test, PostgreSQL, e2e, build	Unit tests	2026-10-06T03:37:29.0662869Z   type: 'test'
typecheck, test, PostgreSQL, e2e, build	Unit tests	2026-10-06T03:37:29.0663071Z   ...
typecheck, test, PostgreSQL, e2e, build	Unit tests	2026-10-06T03:37:29.0671246Z # Subtest: proposal guard: delete_expense rejects when mirror_kind is 'shared_share'
typecheck, test, PostgreSQL, e2e, build	Unit tests	2026-10-06T03:37:29.0672873Z ok 178 - proposal guard: delete_expense rejects when mirror_kind is 'shared_share'
typecheck, test, PostgreSQL, e2e, build	Unit tests	2026-10-06T03:37:29.0673692Z   ---
typecheck, test, PostgreSQL, e2e, build	Unit tests	2026-10-06T03:37:29.0674084Z   duration_ms: 2.690143
typecheck, test, PostgreSQL, e2e, build	Unit tests	2026-10-06T03:37:29.0674521Z   type: 'test'
typecheck, test, PostgreSQL, e2e, build	Unit tests	2026-10-06T03:37:29.0674882Z   ...
typecheck, test, PostgreSQL, e2e, build	Unit tests	2026-10-06T03:37:29.0706261Z # Subtest: proposal guard: restore_expense rejects when mirror_kind is 'shared_share'
typecheck, test, PostgreSQL, e2e, build	Unit tests	2026-10-06T03:37:29.0708704Z ok 179 - proposal guard: restore_expense rejects when mirror_kind is 'shared_share'
typecheck, test, PostgreSQL, e2e, build	Unit tests	2026-10-06T03:37:29.0709758Z   ---
typecheck, test, PostgreSQL, e2e, build	Unit tests	2026-10-06T03:37:29.0710092Z   duration_ms: 0.898855
typecheck, test, PostgreSQL, e2e, build	Unit tests	2026-10-06T03:37:29.0710708Z   type: 'test'
typecheck, test, PostgreSQL, e2e, build	Unit tests	2026-10-06T03:37:29.0711032Z   ...
typecheck, test, PostgreSQL, e2e, build	Unit tests	2026-10-06T03:37:29.0712382Z # Subtest: proposal guard: update_expense shared→private is refused when its group has an active settlement
typecheck, test, PostgreSQL, e2e, build	Unit tests	2026-10-06T03:37:29.0714246Z ok 180 - proposal guard: update_expense shared→private is refused when its group has an active settlement
typecheck, test, PostgreSQL, e2e, build	Unit tests	2026-10-06T03:37:29.0715355Z   ---
typecheck, test, PostgreSQL, e2e, build	Unit tests	2026-10-06T03:37:29.0715729Z   duration_ms: 1.786619
typecheck, test, PostgreSQL, e2e, build	Unit tests	2026-10-06T03:37:29.0716136Z   type: 'test'
typecheck, test, PostgreSQL, e2e, build	Unit tests	2026-10-06T03:37:29.0716487Z   ...
typecheck, test, PostgreSQL, e2e, build	Unit tests	2026-10-06T03:37:29.0739858Z # Subtest: agent action: legacy splits + paid_by_user_id are converted to standard create_expense input
typecheck, test, PostgreSQL, e2e, build	Unit tests	2026-10-06T03:37:29.0740734Z ok 181 - agent action: legacy splits + paid_by_user_id are converted to standard create_expense input
typecheck, test, PostgreSQL, e2e, build	Unit tests	2026-10-06T03:37:29.0741196Z   ---
typecheck, test, PostgreSQL, e2e, build	Unit tests	2026-10-06T03:37:29.0741406Z   duration_ms: 3.388714
typecheck, test, PostgreSQL, e2e, build	Unit tests	2026-10-06T03:37:29.0741651Z   type: 'test'
typecheck, test, PostgreSQL, e2e, build	Unit tests	2026-10-06T03:37:29.0741853Z   ...
typecheck, test, PostgreSQL, e2e, build	Unit tests	2026-10-06T03:37:29.0747922Z # Subtest: builder: buildUpdateExpenseAction on a no-op update still throws '沒有可修改的欄位'
typecheck, test, PostgreSQL, e2e, build	Unit tests	2026-10-06T03:37:29.0749326Z ok 182 - builder: buildUpdateExpenseAction on a no-op update still throws '沒有可修改的欄位'
typecheck, test, PostgreSQL, e2e, build	Unit tests	2026-10-06T03:37:29.0750042Z   ---
typecheck, test, PostgreSQL, e2e, build	Unit tests	2026-10-06T03:37:29.0750257Z   duration_ms: 1.323226
typecheck, test, PostgreSQL, e2e, build	Unit tests	2026-10-06T03:37:29.0750491Z   type: 'test'
typecheck, test, PostgreSQL, e2e, build	Unit tests	2026-10-06T03:37:29.0750694Z   ...
typecheck, test, PostgreSQL, e2e, build	Unit tests	2026-10-06T03:37:29.1767022Z # Subtest: accountant: ask() still routes through runAgent() (shared report contract)
typecheck, test, PostgreSQL, e2e, build	Unit tests	2026-10-06T03:37:29.1768513Z ok 183 - accountant: ask() still routes through runAgent() (shared report contract)
typecheck, test, PostgreSQL, e2e, build	Unit tests	2026-10-06T03:37:29.1769180Z   ---
typecheck, test, PostgreSQL, e2e, build	Unit tests	2026-10-06T03:37:29.1769497Z   duration_ms: 101.333675
typecheck, test, PostgreSQL, e2e, build	Unit tests	2026-10-06T03:37:29.1769906Z   type: 'test'
typecheck, test, PostgreSQL, e2e, build	Unit tests	2026-10-06T03:37:29.1770237Z   ...
typecheck, test, PostgreSQL, e2e, build	Unit tests	2026-10-06T03:37:29.1844355Z # Subtest: accountant: createCategoryCleanup() emits snake_case batch_update_expenses payload
typecheck, test, PostgreSQL, e2e, build	Unit tests	2026-10-06T03:37:29.1845719Z ok 184 - accountant: createCategoryCleanup() emits snake_case batch_update_expenses payload
typecheck, test, PostgreSQL, e2e, build	Unit tests	2026-10-06T03:37:29.1846400Z   ---
typecheck, test, PostgreSQL, e2e, build	Unit tests	2026-10-06T03:37:29.1846776Z   duration_ms: 8.014771
typecheck, test, PostgreSQL, e2e, build	Unit tests	2026-10-06T03:37:29.1847198Z   type: 'test'
typecheck, test, PostgreSQL, e2e, build	Unit tests	2026-10-06T03:37:29.1847555Z   ...
typecheck, test, PostgreSQL, e2e, build	Unit tests	2026-10-06T03:37:29.1865605Z # Subtest: accountant: generateMonthlyReports() notification titles + dedupe keys per scope
typecheck, test, PostgreSQL, e2e, build	Unit tests	2026-10-06T03:37:29.1867281Z ok 185 - accountant: generateMonthlyReports() notification titles + dedupe keys per scope
typecheck, test, PostgreSQL, e2e, build	Unit tests	2026-10-06T03:37:29.1868459Z   ---
typecheck, test, PostgreSQL, e2e, build	Unit tests	2026-10-06T03:37:29.1869097Z   duration_ms: 2.333959
typecheck, test, PostgreSQL, e2e, build	Unit tests	2026-10-06T03:37:29.1869549Z   type: 'test'
typecheck, test, PostgreSQL, e2e, build	Unit tests	2026-10-06T03:37:29.1869899Z   ...
typecheck, test, PostgreSQL, e2e, build	Unit tests	2026-10-06T03:37:29.1911171Z # Subtest: accountant: loadAccountantSnapshot() separates previous-month total by scope
typecheck, test, PostgreSQL, e2e, build	Unit tests	2026-10-06T03:37:29.1912866Z ok 186 - accountant: loadAccountantSnapshot() separates previous-month total by scope
typecheck, test, PostgreSQL, e2e, build	Unit tests	2026-10-06T03:37:29.1917316Z   ---
typecheck, test, PostgreSQL, e2e, build	Unit tests	2026-10-06T03:37:29.1917903Z   duration_ms: 3.518135
typecheck, test, PostgreSQL, e2e, build	Unit tests	2026-10-06T03:37:29.1924263Z   type: 'test'
typecheck, test, PostgreSQL, e2e, build	Unit tests	2026-10-06T03:37:29.1924806Z   ...
typecheck, test, PostgreSQL, e2e, build	Unit tests	2026-10-06T03:37:29.1963138Z # Subtest: secretary registry: declared names match what executeSecretaryTool actually accepts
typecheck, test, PostgreSQL, e2e, build	Unit tests	2026-10-06T03:37:29.1964548Z ok 187 - secretary registry: declared names match what executeSecretaryTool actually accepts
typecheck, test, PostgreSQL, e2e, build	Unit tests	2026-10-06T03:37:29.1965832Z   ---
typecheck, test, PostgreSQL, e2e, build	Unit tests	2026-10-06T03:37:29.1966332Z   duration_ms: 6.126806
typecheck, test, PostgreSQL, e2e, build	Unit tests	2026-10-06T03:37:29.1966765Z   type: 'test'
typecheck, test, PostgreSQL, e2e, build	Unit tests	2026-10-06T03:37:29.1967220Z   ...
typecheck, test, PostgreSQL, e2e, build	Unit tests	2026-10-06T03:37:29.1972155Z # Subtest: secretary registry: vercel-agent's tools object is the registry's tools object (no second source)
typecheck, test, PostgreSQL, e2e, build	Unit tests	2026-10-06T03:37:29.1973661Z ok 188 - secretary registry: vercel-agent's tools object is the registry's tools object (no second source)
typecheck, test, PostgreSQL, e2e, build	Unit tests	2026-10-06T03:37:29.1974484Z   ---
typecheck, test, PostgreSQL, e2e, build	Unit tests	2026-10-06T03:37:29.1974819Z   duration_ms: 0.805871
typecheck, test, PostgreSQL, e2e, build	Unit tests	2026-10-06T03:37:29.1975498Z   type: 'test'
typecheck, test, PostgreSQL, e2e, build	Unit tests	2026-10-06T03:37:29.1975885Z   ...
typecheck, test, PostgreSQL, e2e, build	Unit tests	2026-10-06T03:37:29.1978226Z # Subtest: secretary registry: record_expense / update_expense / propose_settlement still go through pending action builder path
typecheck, test, PostgreSQL, e2e, build	Unit tests	2026-10-06T03:37:29.1982653Z ok 189 - secretary registry: record_expense / update_expense / propose_settlement still go through pending action builder path
typecheck, test, PostgreSQL, e2e, build	Unit tests	2026-10-06T03:37:29.1983918Z   ---
typecheck, test, PostgreSQL, e2e, build	Unit tests	2026-10-06T03:37:29.1984252Z   duration_ms: 0.657816
typecheck, test, PostgreSQL, e2e, build	Unit tests	2026-10-06T03:37:29.1984631Z   type: 'test'
typecheck, test, PostgreSQL, e2e, build	Unit tests	2026-10-06T03:37:29.1984967Z   ...
typecheck, test, PostgreSQL, e2e, build	Unit tests	2026-10-06T03:37:29.2014283Z # Subtest: secretary registry: get_open_tasks / get_user_memories return the same shape as the legacy executors
typecheck, test, PostgreSQL, e2e, build	Unit tests	2026-10-06T03:37:29.2016501Z ok 190 - secretary registry: get_open_tasks / get_user_memories return the same shape as the legacy executors
typecheck, test, PostgreSQL, e2e, build	Unit tests	2026-10-06T03:37:29.2017567Z   ---
typecheck, test, PostgreSQL, e2e, build	Unit tests	2026-10-06T03:37:29.2017945Z   duration_ms: 3.384055
typecheck, test, PostgreSQL, e2e, build	Unit tests	2026-10-06T03:37:29.2018348Z   type: 'test'
typecheck, test, PostgreSQL, e2e, build	Unit tests	2026-10-06T03:37:29.2018690Z   ...
typecheck, test, PostgreSQL, e2e, build	Unit tests	2026-10-06T03:37:29.2036648Z # Subtest: accountant registry: declared names match executeTool dispatch names
typecheck, test, PostgreSQL, e2e, build	Unit tests	2026-10-06T03:37:29.2038035Z ok 191 - accountant registry: declared names match executeTool dispatch names
typecheck, test, PostgreSQL, e2e, build	Unit tests	2026-10-06T03:37:29.2038741Z   ---
typecheck, test, PostgreSQL, e2e, build	Unit tests	2026-10-06T03:37:29.2039095Z   duration_ms: 2.325233
typecheck, test, PostgreSQL, e2e, build	Unit tests	2026-10-06T03:37:29.2039478Z   type: 'test'
typecheck, test, PostgreSQL, e2e, build	Unit tests	2026-10-06T03:37:29.2039812Z   ...
typecheck, test, PostgreSQL, e2e, build	Unit tests	2026-10-06T03:37:29.2048242Z # Subtest: accountant registry: query_expenses parameters are canonical date/tag/member/type contract
typecheck, test, PostgreSQL, e2e, build	Unit tests	2026-10-06T03:37:29.2050136Z ok 192 - accountant registry: query_expenses parameters are canonical date/tag/member/type contract
typecheck, test, PostgreSQL, e2e, build	Unit tests	2026-10-06T03:37:29.2051211Z   ---
typecheck, test, PostgreSQL, e2e, build	Unit tests	2026-10-06T03:37:29.2051770Z   duration_ms: 1.098887
typecheck, test, PostgreSQL, e2e, build	Unit tests	2026-10-06T03:37:29.2052343Z   type: 'test'
typecheck, test, PostgreSQL, e2e, build	Unit tests	2026-10-06T03:37:29.2052855Z   ...
typecheck, test, PostgreSQL, e2e, build	Unit tests	2026-10-06T03:37:29.2071449Z # Subtest: accountant registry: compare_period and get_anomalies use canonical schemas, not stale Vercel-only args
typecheck, test, PostgreSQL, e2e, build	Unit tests	2026-10-06T03:37:29.2073103Z ok 193 - accountant registry: compare_period and get_anomalies use canonical schemas, not stale Vercel-only args
typecheck, test, PostgreSQL, e2e, build	Unit tests	2026-10-06T03:37:29.2074100Z   ---
typecheck, test, PostgreSQL, e2e, build	Unit tests	2026-10-06T03:37:29.2074493Z   duration_ms: 0.968295
typecheck, test, PostgreSQL, e2e, build	Unit tests	2026-10-06T03:37:29.2074922Z   type: 'test'
typecheck, test, PostgreSQL, e2e, build	Unit tests	2026-10-06T03:37:29.2075596Z   ...
typecheck, test, PostgreSQL, e2e, build	Unit tests	2026-10-06T03:37:29.2188788Z # Subtest: ledger-query split: loadBootstrap() still separates shared/private/balances/dashboard
typecheck, test, PostgreSQL, e2e, build	Unit tests	2026-10-06T03:37:29.2190392Z ok 194 - ledger-query split: loadBootstrap() still separates shared/private/balances/dashboard
typecheck, test, PostgreSQL, e2e, build	Unit tests	2026-10-06T03:37:29.2191289Z   ---
typecheck, test, PostgreSQL, e2e, build	Unit tests	2026-10-06T03:37:29.2191682Z   duration_ms: 12.919778
typecheck, test, PostgreSQL, e2e, build	Unit tests	2026-10-06T03:37:29.2192135Z   type: 'test'
typecheck, test, PostgreSQL, e2e, build	Unit tests	2026-10-06T03:37:29.2192515Z   ...
typecheck, test, PostgreSQL, e2e, build	Unit tests	2026-10-06T03:37:29.2242385Z # Subtest: ledger-query split: searchExpenses() resolves active group first, then filters
typecheck, test, PostgreSQL, e2e, build	Unit tests	2026-10-06T03:37:29.2244022Z ok 195 - ledger-query split: searchExpenses() resolves active group first, then filters
typecheck, test, PostgreSQL, e2e, build	Unit tests	2026-10-06T03:37:29.2245300Z   ---
typecheck, test, PostgreSQL, e2e, build	Unit tests	2026-10-06T03:37:29.2245902Z   duration_ms: 3.755647
typecheck, test, PostgreSQL, e2e, build	Unit tests	2026-10-06T03:37:29.2246532Z   type: 'test'
typecheck, test, PostgreSQL, e2e, build	Unit tests	2026-10-06T03:37:29.2247091Z   ...
typecheck, test, PostgreSQL, e2e, build	Unit tests	2026-10-06T03:37:29.2268711Z # Subtest: ledger-query split: categoryExpenses() returns the documented shape for six_months/combined
typecheck, test, PostgreSQL, e2e, build	Unit tests	2026-10-06T03:37:29.2271793Z ok 196 - ledger-query split: categoryExpenses() returns the documented shape for six_months/combined
typecheck, test, PostgreSQL, e2e, build	Unit tests	2026-10-06T03:37:29.2272663Z   ---
typecheck, test, PostgreSQL, e2e, build	Unit tests	2026-10-06T03:37:29.2273194Z   duration_ms: 4.284063
typecheck, test, PostgreSQL, e2e, build	Unit tests	2026-10-06T03:37:29.2273780Z   type: 'test'
typecheck, test, PostgreSQL, e2e, build	Unit tests	2026-10-06T03:37:29.2274137Z   ...
typecheck, test, PostgreSQL, e2e, build	Unit tests	2026-10-06T03:37:29.2300717Z # Subtest: ledger-query split: facade return shapes match the public types
typecheck, test, PostgreSQL, e2e, build	Unit tests	2026-10-06T03:37:29.2302432Z ok 197 - ledger-query split: facade return shapes match the public types
typecheck, test, PostgreSQL, e2e, build	Unit tests	2026-10-06T03:37:29.2303192Z   ---
typecheck, test, PostgreSQL, e2e, build	Unit tests	2026-10-06T03:37:29.2303531Z   duration_ms: 2.956108
typecheck, test, PostgreSQL, e2e, build	Unit tests	2026-10-06T03:37:29.2303931Z   type: 'test'
typecheck, test, PostgreSQL, e2e, build	Unit tests	2026-10-06T03:37:29.2304277Z   ...
typecheck, test, PostgreSQL, e2e, build	Unit tests	2026-10-06T03:37:29.2346033Z # Subtest: accountant agent runner: LLM fact mismatch falls back but still persists report/run rows
typecheck, test, PostgreSQL, e2e, build	Unit tests	2026-10-06T03:37:29.2350312Z ok 198 - accountant agent runner: LLM fact mismatch falls back but still persists report/run rows
typecheck, test, PostgreSQL, e2e, build	Unit tests	2026-10-06T03:37:29.2351217Z   ---
typecheck, test, PostgreSQL, e2e, build	Unit tests	2026-10-06T03:37:29.2351618Z   duration_ms: 4.650906
typecheck, test, PostgreSQL, e2e, build	Unit tests	2026-10-06T03:37:29.2353512Z   type: 'test'
typecheck, test, PostgreSQL, e2e, build	Unit tests	2026-10-06T03:37:29.2353902Z   ...
typecheck, test, PostgreSQL, e2e, build	Unit tests	2026-10-06T03:37:29.2378633Z # Subtest: accountant category cleanup: suggestCategoryUpdates only returns visible other-tag candidates
typecheck, test, PostgreSQL, e2e, build	Unit tests	2026-10-06T03:37:29.2380721Z ok 199 - accountant category cleanup: suggestCategoryUpdates only returns visible other-tag candidates
typecheck, test, PostgreSQL, e2e, build	Unit tests	2026-10-06T03:37:29.2381600Z   ---
typecheck, test, PostgreSQL, e2e, build	Unit tests	2026-10-06T03:37:29.2381962Z   duration_ms: 3.142545
typecheck, test, PostgreSQL, e2e, build	Unit tests	2026-10-06T03:37:29.2382344Z   type: 'test'
typecheck, test, PostgreSQL, e2e, build	Unit tests	2026-10-06T03:37:29.2382677Z   ...
typecheck, test, PostgreSQL, e2e, build	Unit tests	2026-10-06T03:37:29.2399885Z # Subtest: accountant category analytics: six_months still filters to the last six months window
typecheck, test, PostgreSQL, e2e, build	Unit tests	2026-10-06T03:37:29.2401477Z ok 200 - accountant category analytics: six_months still filters to the last six months window
typecheck, test, PostgreSQL, e2e, build	Unit tests	2026-10-06T03:37:29.2404970Z   ---
typecheck, test, PostgreSQL, e2e, build	Unit tests	2026-10-06T03:37:29.2405738Z   duration_ms: 2.212062
typecheck, test, PostgreSQL, e2e, build	Unit tests	2026-10-06T03:37:29.2406294Z   type: 'test'
typecheck, test, PostgreSQL, e2e, build	Unit tests	2026-10-06T03:37:29.2406845Z   ...
typecheck, test, PostgreSQL, e2e, build	Unit tests	2026-10-06T03:37:29.2436904Z # Subtest: accountant agent barrel: exported functions/schemas still match the old public surface
typecheck, test, PostgreSQL, e2e, build	Unit tests	2026-10-06T03:37:29.2438300Z ok 201 - accountant agent barrel: exported functions/schemas still match the old public surface
typecheck, test, PostgreSQL, e2e, build	Unit tests	2026-10-06T03:37:29.2439107Z   ---
typecheck, test, PostgreSQL, e2e, build	Unit tests	2026-10-06T03:37:29.2439445Z   duration_ms: 2.422534
typecheck, test, PostgreSQL, e2e, build	Unit tests	2026-10-06T03:37:29.2439835Z   type: 'test'
typecheck, test, PostgreSQL, e2e, build	Unit tests	2026-10-06T03:37:29.2440161Z   ...
typecheck, test, PostgreSQL, e2e, build	Unit tests	2026-10-06T03:37:29.2447197Z # Subtest: flex-message-builder: flexExpenseConfirm produces valid Flex bubble
typecheck, test, PostgreSQL, e2e, build	Unit tests	2026-10-06T03:37:29.2448597Z ok 202 - flex-message-builder: flexExpenseConfirm produces valid Flex bubble
typecheck, test, PostgreSQL, e2e, build	Unit tests	2026-10-06T03:37:29.2449506Z   ---
typecheck, test, PostgreSQL, e2e, build	Unit tests	2026-10-06T03:37:29.2449968Z   duration_ms: 0.52059
typecheck, test, PostgreSQL, e2e, build	Unit tests	2026-10-06T03:37:29.2450472Z   type: 'test'
typecheck, test, PostgreSQL, e2e, build	Unit tests	2026-10-06T03:37:29.2450939Z   ...
typecheck, test, PostgreSQL, e2e, build	Unit tests	2026-10-06T03:37:29.2451685Z # Subtest: flex-message-builder: flexQueryResult produces valid Flex bubble with tags
typecheck, test, PostgreSQL, e2e, build	Unit tests	2026-10-06T03:37:29.2452494Z ok 203 - flex-message-builder: flexQueryResult produces valid Flex bubble with tags
typecheck, test, PostgreSQL, e2e, build	Unit tests	2026-10-06T03:37:29.2452985Z   ---
typecheck, test, PostgreSQL, e2e, build	Unit tests	2026-10-06T03:37:29.2453435Z   duration_ms: 0.403602
typecheck, test, PostgreSQL, e2e, build	Unit tests	2026-10-06T03:37:29.2453849Z   type: 'test'
typecheck, test, PostgreSQL, e2e, build	Unit tests	2026-10-06T03:37:29.2454187Z   ...
typecheck, test, PostgreSQL, e2e, build	Unit tests	2026-10-06T03:37:29.2454926Z # Subtest: flex-message-builder: flexNeedsGroup produces buttons for each group
typecheck, test, PostgreSQL, e2e, build	Unit tests	2026-10-06T03:37:29.2456278Z ok 204 - flex-message-builder: flexNeedsGroup produces buttons for each group
typecheck, test, PostgreSQL, e2e, build	Unit tests	2026-10-06T03:37:29.2456967Z   ---
typecheck, test, PostgreSQL, e2e, build	Unit tests	2026-10-06T03:37:29.2457291Z   duration_ms: 0.151953
typecheck, test, PostgreSQL, e2e, build	Unit tests	2026-10-06T03:37:29.2457639Z   type: 'test'
typecheck, test, PostgreSQL, e2e, build	Unit tests	2026-10-06T03:37:29.2457852Z   ...
typecheck, test, PostgreSQL, e2e, build	Unit tests	2026-10-06T03:37:29.2458226Z # Subtest: flex-message-builder: flexError produces a warning card
typecheck, test, PostgreSQL, e2e, build	Unit tests	2026-10-06T03:37:29.2458752Z ok 205 - flex-message-builder: flexError produces a warning card
typecheck, test, PostgreSQL, e2e, build	Unit tests	2026-10-06T03:37:29.2459093Z   ---
typecheck, test, PostgreSQL, e2e, build	Unit tests	2026-10-06T03:37:29.2459286Z   duration_ms: 0.124412
typecheck, test, PostgreSQL, e2e, build	Unit tests	2026-10-06T03:37:29.2459632Z   type: 'test'
typecheck, test, PostgreSQL, e2e, build	Unit tests	2026-10-06T03:37:29.2460009Z   ...
typecheck, test, PostgreSQL, e2e, build	Unit tests	2026-10-06T03:37:29.2464629Z # Subtest: secretary-direct-actions: executeDirectUpdate on private expense succeeds without pending_action
typecheck, test, PostgreSQL, e2e, build	Unit tests	2026-10-06T03:37:29.2466250Z ok 206 - secretary-direct-actions: executeDirectUpdate on private expense succeeds without pending_action
typecheck, test, PostgreSQL, e2e, build	Unit tests	2026-10-06T03:37:29.2467144Z   ---
typecheck, test, PostgreSQL, e2e, build	Unit tests	2026-10-06T03:37:29.2467488Z   duration_ms: 2.718646
typecheck, test, PostgreSQL, e2e, build	Unit tests	2026-10-06T03:37:29.2467872Z   type: 'test'
typecheck, test, PostgreSQL, e2e, build	Unit tests	2026-10-06T03:37:29.2468207Z   ...
typecheck, test, PostgreSQL, e2e, build	Unit tests	2026-10-06T03:37:29.2478369Z # Subtest: secretary-direct-actions: executeDirectUpdate rejects shared expense
typecheck, test, PostgreSQL, e2e, build	Unit tests	2026-10-06T03:37:29.2479796Z ok 207 - secretary-direct-actions: executeDirectUpdate rejects shared expense
typecheck, test, PostgreSQL, e2e, build	Unit tests	2026-10-06T03:37:29.2480785Z   ---
typecheck, test, PostgreSQL, e2e, build	Unit tests	2026-10-06T03:37:29.2481418Z   duration_ms: 0.757943
typecheck, test, PostgreSQL, e2e, build	Unit tests	2026-10-06T03:37:29.2482131Z   type: 'test'
typecheck, test, PostgreSQL, e2e, build	Unit tests	2026-10-06T03:37:29.2482753Z   ...
typecheck, test, PostgreSQL, e2e, build	Unit tests	2026-10-06T03:37:29.2483900Z # Subtest: secretary-direct-actions: executeDirectDelete on private expense soft-deletes
typecheck, test, PostgreSQL, e2e, build	Unit tests	2026-10-06T03:37:29.2485632Z ok 208 - secretary-direct-actions: executeDirectDelete on private expense soft-deletes
typecheck, test, PostgreSQL, e2e, build	Unit tests	2026-10-06T03:37:29.2486416Z   ---
typecheck, test, PostgreSQL, e2e, build	Unit tests	2026-10-06T03:37:29.2486752Z   duration_ms: 1.091294
typecheck, test, PostgreSQL, e2e, build	Unit tests	2026-10-06T03:37:29.2487128Z   type: 'test'
typecheck, test, PostgreSQL, e2e, build	Unit tests	2026-10-06T03:37:29.2487466Z   ...
typecheck, test, PostgreSQL, e2e, build	Unit tests	2026-10-06T03:37:29.2491170Z # Subtest: secretary-direct-actions: executeDirectDelete rejects shared expense
typecheck, test, PostgreSQL, e2e, build	Unit tests	2026-10-06T03:37:29.2492572Z ok 209 - secretary-direct-actions: executeDirectDelete rejects shared expense
typecheck, test, PostgreSQL, e2e, build	Unit tests	2026-10-06T03:37:29.2493259Z   ---
typecheck, test, PostgreSQL, e2e, build	Unit tests	2026-10-06T03:37:29.2493750Z   duration_ms: 0.737515
typecheck, test, PostgreSQL, e2e, build	Unit tests	2026-10-06T03:37:29.2494128Z   type: 'test'
typecheck, test, PostgreSQL, e2e, build	Unit tests	2026-10-06T03:37:29.2494464Z   ...
typecheck, test, PostgreSQL, e2e, build	Unit tests	2026-10-06T03:37:29.2875272Z # App API failed { error: 'Error' }
typecheck, test, PostgreSQL, e2e, build	Unit tests	2026-10-06T03:37:29.2876646Z # Subtest: onboarding resumes the same first expense and existing groups never short-circuit
typecheck, test, PostgreSQL, e2e, build	Unit tests	2026-10-06T03:37:29.2878047Z ok 210 - onboarding resumes the same first expense and existing groups never short-circuit
typecheck, test, PostgreSQL, e2e, build	Unit tests	2026-10-06T03:37:29.2878887Z   ---
typecheck, test, PostgreSQL, e2e, build	Unit tests	2026-10-06T03:37:29.2879286Z   duration_ms: 363.691999
typecheck, test, PostgreSQL, e2e, build	Unit tests	2026-10-06T03:37:29.2879750Z   type: 'test'
typecheck, test, PostgreSQL, e2e, build	Unit tests	2026-10-06T03:37:29.2880130Z   ...
typecheck, test, PostgreSQL, e2e, build	Unit tests	2026-10-06T03:37:29.2880945Z # Subtest: concurrent onboarding submissions converge on one group and one expense
typecheck, test, PostgreSQL, e2e, build	Unit tests	2026-10-06T03:37:29.2882222Z ok 211 - concurrent onboarding submissions converge on one group and one expense
typecheck, test, PostgreSQL, e2e, build	Unit tests	2026-10-06T03:37:29.2882997Z   ---
typecheck, test, PostgreSQL, e2e, build	Unit tests	2026-10-06T03:37:29.2883414Z   duration_ms: 29.737883
typecheck, test, PostgreSQL, e2e, build	Unit tests	2026-10-06T03:37:29.2883860Z   type: 'test'
typecheck, test, PostgreSQL, e2e, build	Unit tests	2026-10-06T03:37:29.2884235Z   ...
typecheck, test, PostgreSQL, e2e, build	Unit tests	2026-10-06T03:37:29.2885431Z # Subtest: complete deterministic grammar preserves amount, payer, receiver and explicit Ledger
typecheck, test, PostgreSQL, e2e, build	Unit tests	2026-10-06T03:37:29.2886876Z ok 212 - complete deterministic grammar preserves amount, payer, receiver and explicit Ledger
typecheck, test, PostgreSQL, e2e, build	Unit tests	2026-10-06T03:37:29.2887732Z   ---
typecheck, test, PostgreSQL, e2e, build	Unit tests	2026-10-06T03:37:29.2888106Z   duration_ms: 5.097158
typecheck, test, PostgreSQL, e2e, build	Unit tests	2026-10-06T03:37:29.2888525Z   type: 'test'
typecheck, test, PostgreSQL, e2e, build	Unit tests	2026-10-06T03:37:29.2888899Z   ...
typecheck, test, PostgreSQL, e2e, build	Unit tests	2026-10-06T03:37:29.2889673Z # Subtest: the complete input must match: no partial amounts or inferred semantics
typecheck, test, PostgreSQL, e2e, build	Unit tests	2026-10-06T03:37:29.2890842Z ok 213 - the complete input must match: no partial amounts or inferred semantics
typecheck, test, PostgreSQL, e2e, build	Unit tests	2026-10-06T03:37:29.2891568Z   ---
typecheck, test, PostgreSQL, e2e, build	Unit tests	2026-10-06T03:37:29.2891994Z   duration_ms: 0.765827
typecheck, test, PostgreSQL, e2e, build	Unit tests	2026-10-06T03:37:29.2892404Z   type: 'test'
typecheck, test, PostgreSQL, e2e, build	Unit tests	2026-10-06T03:37:29.2892774Z   ...
typecheck, test, PostgreSQL, e2e, build	Unit tests	2026-10-06T03:37:29.2893582Z # Subtest: truthful summaries use Ledger order for second-member actor and frozen ratio
typecheck, test, PostgreSQL, e2e, build	Unit tests	2026-10-06T03:37:29.2894827Z ok 214 - truthful summaries use Ledger order for second-member actor and frozen ratio
typecheck, test, PostgreSQL, e2e, build	Unit tests	2026-10-06T03:37:29.2895864Z   ---
typecheck, test, PostgreSQL, e2e, build	Unit tests	2026-10-06T03:37:29.2896250Z   duration_ms: 28.347712
typecheck, test, PostgreSQL, e2e, build	Unit tests	2026-10-06T03:37:29.2896679Z   type: 'test'
typecheck, test, PostgreSQL, e2e, build	Unit tests	2026-10-06T03:37:29.2897045Z   ...
typecheck, test, PostgreSQL, e2e, build	Unit tests	2026-10-06T03:37:29.2897926Z # Subtest: invalid exact shares and payer totals remain explicit and never claim equal
typecheck, test, PostgreSQL, e2e, build	Unit tests	2026-10-06T03:37:29.2899202Z ok 215 - invalid exact shares and payer totals remain explicit and never claim equal
typecheck, test, PostgreSQL, e2e, build	Unit tests	2026-10-06T03:37:29.2899953Z   ---
typecheck, test, PostgreSQL, e2e, build	Unit tests	2026-10-06T03:37:29.2900326Z   duration_ms: 7.867891
typecheck, test, PostgreSQL, e2e, build	Unit tests	2026-10-06T03:37:29.2900756Z   type: 'test'
typecheck, test, PostgreSQL, e2e, build	Unit tests	2026-10-06T03:37:29.2901121Z   ...
typecheck, test, PostgreSQL, e2e, build	Unit tests	2026-10-06T03:37:29.2901916Z # Subtest: percentage supports kernel precision while blank inputs remain incomplete
typecheck, test, PostgreSQL, e2e, build	Unit tests	2026-10-06T03:37:29.2903151Z ok 216 - percentage supports kernel precision while blank inputs remain incomplete
typecheck, test, PostgreSQL, e2e, build	Unit tests	2026-10-06T03:37:29.2903909Z   ---
typecheck, test, PostgreSQL, e2e, build	Unit tests	2026-10-06T03:37:29.2904266Z   duration_ms: 1.858162
typecheck, test, PostgreSQL, e2e, build	Unit tests	2026-10-06T03:37:29.2904691Z   type: 'test'
typecheck, test, PostgreSQL, e2e, build	Unit tests	2026-10-06T03:37:29.2905251Z   ...
typecheck, test, PostgreSQL, e2e, build	Unit tests	2026-10-06T03:37:29.2906048Z # Subtest: income receiver and transfer direction come from actual payer identity
typecheck, test, PostgreSQL, e2e, build	Unit tests	2026-10-06T03:37:29.2907215Z ok 217 - income receiver and transfer direction come from actual payer identity
typecheck, test, PostgreSQL, e2e, build	Unit tests	2026-10-06T03:37:29.2907942Z   ---
typecheck, test, PostgreSQL, e2e, build	Unit tests	2026-10-06T03:37:29.2908297Z   duration_ms: 0.876463
typecheck, test, PostgreSQL, e2e, build	Unit tests	2026-10-06T03:37:29.2908709Z   type: 'test'
typecheck, test, PostgreSQL, e2e, build	Unit tests	2026-10-06T03:37:29.2909075Z   ...
typecheck, test, PostgreSQL, e2e, build	Unit tests	2026-10-06T03:37:29.2910000Z # Subtest: purpose normalization is separate from the untrimmed input and invalid dates stay invalid
typecheck, test, PostgreSQL, e2e, build	Unit tests	2026-10-06T03:37:29.2911433Z ok 218 - purpose normalization is separate from the untrimmed input and invalid dates stay invalid
typecheck, test, PostgreSQL, e2e, build	Unit tests	2026-10-06T03:37:29.2912273Z   ---
typecheck, test, PostgreSQL, e2e, build	Unit tests	2026-10-06T03:37:29.2912641Z   duration_ms: 1.298049
typecheck, test, PostgreSQL, e2e, build	Unit tests	2026-10-06T03:37:29.2913058Z   type: 'test'
typecheck, test, PostgreSQL, e2e, build	Unit tests	2026-10-06T03:37:29.2913425Z   ...
typecheck, test, PostgreSQL, e2e, build	Unit tests	2026-10-06T03:37:29.2914230Z # Subtest: historical exact copy disappears when the user changes the stored allocation
typecheck, test, PostgreSQL, e2e, build	Unit tests	2026-10-06T03:37:29.2916303Z ok 219 - historical exact copy disappears when the user changes the stored allocation
typecheck, test, PostgreSQL, e2e, build	Unit tests	2026-10-06T03:37:29.2917087Z   ---
typecheck, test, PostgreSQL, e2e, build	Unit tests	2026-10-06T03:37:29.2917721Z   duration_ms: 1.27206
typecheck, test, PostgreSQL, e2e, build	Unit tests	2026-10-06T03:37:29.2918150Z   type: 'test'
typecheck, test, PostgreSQL, e2e, build	Unit tests	2026-10-06T03:37:29.2918516Z   ...
typecheck, test, PostgreSQL, e2e, build	Unit tests	2026-10-06T03:37:29.2919272Z # Subtest: normalization validates input and freezes explicit kernel shares
typecheck, test, PostgreSQL, e2e, build	Unit tests	2026-10-06T03:37:29.2920388Z ok 220 - normalization validates input and freezes explicit kernel shares
typecheck, test, PostgreSQL, e2e, build	Unit tests	2026-10-06T03:37:29.2921097Z   ---
typecheck, test, PostgreSQL, e2e, build	Unit tests	2026-10-06T03:37:29.2921474Z   duration_ms: 4.337151
typecheck, test, PostgreSQL, e2e, build	Unit tests	2026-10-06T03:37:29.2921890Z   type: 'test'
typecheck, test, PostgreSQL, e2e, build	Unit tests	2026-10-06T03:37:29.2922247Z   ...
typecheck, test, PostgreSQL, e2e, build	Unit tests	2026-10-06T03:37:29.2922976Z # Subtest: 681 kernel member ordering: signed-in second member, 1:1, self
typecheck, test, PostgreSQL, e2e, build	Unit tests	2026-10-06T03:37:29.2924007Z ok 221 - 681 kernel member ordering: signed-in second member, 1:1, self
typecheck, test, PostgreSQL, e2e, build	Unit tests	2026-10-06T03:37:29.2924662Z   ---
typecheck, test, PostgreSQL, e2e, build	Unit tests	2026-10-06T03:37:29.2925284Z   duration_ms: 0.652726
typecheck, test, PostgreSQL, e2e, build	Unit tests	2026-10-06T03:37:29.2925718Z   type: 'test'
typecheck, test, PostgreSQL, e2e, build	Unit tests	2026-10-06T03:37:29.2926065Z   ...
typecheck, test, PostgreSQL, e2e, build	Unit tests	2026-10-06T03:37:29.2926818Z # Subtest: 681 kernel member ordering: signed-in second member, 1:1, partner
typecheck, test, PostgreSQL, e2e, build	Unit tests	2026-10-06T03:37:29.2927897Z ok 222 - 681 kernel member ordering: signed-in second member, 1:1, partner
typecheck, test, PostgreSQL, e2e, build	Unit tests	2026-10-06T03:37:29.2928557Z   ---
typecheck, test, PostgreSQL, e2e, build	Unit tests	2026-10-06T03:37:29.2928921Z   duration_ms: 0.416637
typecheck, test, PostgreSQL, e2e, build	Unit tests	2026-10-06T03:37:29.2929339Z   type: 'test'
typecheck, test, PostgreSQL, e2e, build	Unit tests	2026-10-06T03:37:29.2929695Z   ...
typecheck, test, PostgreSQL, e2e, build	Unit tests	2026-10-06T03:37:29.2930381Z # Subtest: 681 kernel member ordering: signed-in second member, 1:1, both
typecheck, test, PostgreSQL, e2e, build	Unit tests	2026-10-06T03:37:29.2931408Z ok 223 - 681 kernel member ordering: signed-in second member, 1:1, both
typecheck, test, PostgreSQL, e2e, build	Unit tests	2026-10-06T03:37:29.2932089Z   ---
typecheck, test, PostgreSQL, e2e, build	Unit tests	2026-10-06T03:37:29.2932465Z   duration_ms: 0.422096
typecheck, test, PostgreSQL, e2e, build	Unit tests	2026-10-06T03:37:29.2932895Z   type: 'test'
typecheck, test, PostgreSQL, e2e, build	Unit tests	2026-10-06T03:37:29.2933271Z   ...
typecheck, test, PostgreSQL, e2e, build	Unit tests	2026-10-06T03:37:29.2933978Z # Subtest: 681 kernel member ordering: signed-in second member, 2:1, self
typecheck, test, PostgreSQL, e2e, build	Unit tests	2026-10-06T03:37:29.2935310Z ok 224 - 681 kernel member ordering: signed-in second member, 2:1, self
typecheck, test, PostgreSQL, e2e, build	Unit tests	2026-10-06T03:37:29.2936029Z   ---
typecheck, test, PostgreSQL, e2e, build	Unit tests	2026-10-06T03:37:29.2936396Z   duration_ms: 0.489301
typecheck, test, PostgreSQL, e2e, build	Unit tests	2026-10-06T03:37:29.2936838Z   type: 'test'
typecheck, test, PostgreSQL, e2e, build	Unit tests	2026-10-06T03:37:29.2937206Z   ...
typecheck, test, PostgreSQL, e2e, build	Unit tests	2026-10-06T03:37:29.2937946Z # Subtest: 681 kernel member ordering: signed-in second member, 2:1, partner
typecheck, test, PostgreSQL, e2e, build	Unit tests	2026-10-06T03:37:29.2939062Z ok 225 - 681 kernel member ordering: signed-in second member, 2:1, partner
typecheck, test, PostgreSQL, e2e, build	Unit tests	2026-10-06T03:37:29.2939751Z   ---
typecheck, test, PostgreSQL, e2e, build	Unit tests	2026-10-06T03:37:29.2940127Z   duration_ms: 0.238063
typecheck, test, PostgreSQL, e2e, build	Unit tests	2026-10-06T03:37:29.2940554Z   type: 'test'
typecheck, test, PostgreSQL, e2e, build	Unit tests	2026-10-06T03:37:29.2940913Z   ...
typecheck, test, PostgreSQL, e2e, build	Unit tests	2026-10-06T03:37:29.2941638Z # Subtest: 681 kernel member ordering: signed-in second member, 2:1, both
typecheck, test, PostgreSQL, e2e, build	Unit tests	2026-10-06T03:37:29.2942685Z ok 226 - 681 kernel member ordering: signed-in second member, 2:1, both
typecheck, test, PostgreSQL, e2e, build	Unit tests	2026-10-06T03:37:29.2943362Z   ---
typecheck, test, PostgreSQL, e2e, build	Unit tests	2026-10-06T03:37:29.2943736Z   duration_ms: 0.277647
typecheck, test, PostgreSQL, e2e, build	Unit tests	2026-10-06T03:37:29.2944162Z   type: 'test'
typecheck, test, PostgreSQL, e2e, build	Unit tests	2026-10-06T03:37:29.2944525Z   ...
typecheck, test, PostgreSQL, e2e, build	Unit tests	2026-10-06T03:37:29.2945464Z # Subtest: 681 kernel member ordering: signed-in second member, 0:1, self
typecheck, test, PostgreSQL, e2e, build	Unit tests	2026-10-06T03:37:29.2946522Z ok 227 - 681 kernel member ordering: signed-in second member, 0:1, self
typecheck, test, PostgreSQL, e2e, build	Unit tests	2026-10-06T03:37:29.2947206Z   ---
typecheck, test, PostgreSQL, e2e, build	Unit tests	2026-10-06T03:37:29.2947567Z   duration_ms: 0.186107
typecheck, test, PostgreSQL, e2e, build	Unit tests	2026-10-06T03:37:29.2947995Z   type: 'test'
typecheck, test, PostgreSQL, e2e, build	Unit tests	2026-10-06T03:37:29.2948369Z   ...
typecheck, test, PostgreSQL, e2e, build	Unit tests	2026-10-06T03:37:29.2949102Z # Subtest: 681 kernel member ordering: signed-in second member, 0:1, partner
typecheck, test, PostgreSQL, e2e, build	Unit tests	2026-10-06T03:37:29.2950186Z ok 228 - 681 kernel member ordering: signed-in second member, 0:1, partner
typecheck, test, PostgreSQL, e2e, build	Unit tests	2026-10-06T03:37:29.2950876Z   ---
typecheck, test, PostgreSQL, e2e, build	Unit tests	2026-10-06T03:37:29.2951237Z   duration_ms: 0.387792
typecheck, test, PostgreSQL, e2e, build	Unit tests	2026-10-06T03:37:29.2951674Z   type: 'test'
typecheck, test, PostgreSQL, e2e, build	Unit tests	2026-10-06T03:37:29.2952040Z   ...
typecheck, test, PostgreSQL, e2e, build	Unit tests	2026-10-06T03:37:29.2952754Z # Subtest: 681 kernel member ordering: signed-in second member, 0:1, both
typecheck, test, PostgreSQL, e2e, build	Unit tests	2026-10-06T03:37:29.2953795Z ok 229 - 681 kernel member ordering: signed-in second member, 0:1, both
typecheck, test, PostgreSQL, e2e, build	Unit tests	2026-10-06T03:37:29.2954481Z   ---
typecheck, test, PostgreSQL, e2e, build	Unit tests	2026-10-06T03:37:29.2954845Z   duration_ms: 0.577496
typecheck, test, PostgreSQL, e2e, build	Unit tests	2026-10-06T03:37:29.2955505Z   type: 'test'
typecheck, test, PostgreSQL, e2e, build	Unit tests	2026-10-06T03:37:29.2955874Z   ...
typecheck, test, PostgreSQL, e2e, build	Unit tests	2026-10-06T03:37:29.2956907Z # Subtest: percentage choices are mapped by member ID, exact shares and transfers use the same kernel validation
typecheck, test, PostgreSQL, e2e, build	Unit tests	2026-10-06T03:37:29.2958752Z ok 230 - percentage choices are mapped by member ID, exact shares and transfers use the same kernel validation
typecheck, test, PostgreSQL, e2e, build	Unit tests	2026-10-06T03:37:29.2959907Z   ---
typecheck, test, PostgreSQL, e2e, build	Unit tests	2026-10-06T03:37:29.2960285Z   duration_ms: 1.146766
typecheck, test, PostgreSQL, e2e, build	Unit tests	2026-10-06T03:37:29.2960700Z   type: 'test'
typecheck, test, PostgreSQL, e2e, build	Unit tests	2026-10-06T03:37:29.2961071Z   ...
typecheck, test, PostgreSQL, e2e, build	Unit tests	2026-10-06T03:37:29.2961964Z # Subtest: opening defaults are a copy; later defaults cannot alter frozen shares or replay bytes
typecheck, test, PostgreSQL, e2e, build	Unit tests	2026-10-06T03:37:29.2963328Z ok 231 - opening defaults are a copy; later defaults cannot alter frozen shares or replay bytes
typecheck, test, PostgreSQL, e2e, build	Unit tests	2026-10-06T03:37:29.2964142Z   ---
typecheck, test, PostgreSQL, e2e, build	Unit tests	2026-10-06T03:37:29.2964509Z   duration_ms: 3.002365
typecheck, test, PostgreSQL, e2e, build	Unit tests	2026-10-06T03:37:29.2964926Z   type: 'test'
typecheck, test, PostgreSQL, e2e, build	Unit tests	2026-10-06T03:37:29.2965537Z   ...
typecheck, test, PostgreSQL, e2e, build	Unit tests	2026-10-06T03:37:29.2966520Z # Subtest: correction hydrates actual payments/shares/version, never an invented historical percentage
typecheck, test, PostgreSQL, e2e, build	Unit tests	2026-10-06T03:37:29.2968010Z ok 232 - correction hydrates actual payments/shares/version, never an invented historical percentage
typecheck, test, PostgreSQL, e2e, build	Unit tests	2026-10-06T03:37:29.2968894Z   ---
typecheck, test, PostgreSQL, e2e, build	Unit tests	2026-10-06T03:37:29.2969271Z   duration_ms: 0.945101
typecheck, test, PostgreSQL, e2e, build	Unit tests	2026-10-06T03:37:29.2969756Z   type: 'test'
typecheck, test, PostgreSQL, e2e, build	Unit tests	2026-10-06T03:37:29.2970127Z   ...
typecheck, test, PostgreSQL, e2e, build	Unit tests	2026-10-06T03:37:29.2971164Z # Subtest: only recognized first-attempt endpoint rejections prove no write; any previous unknown stays unknown
typecheck, test, PostgreSQL, e2e, build	Unit tests	2026-10-06T03:37:29.2972779Z ok 233 - only recognized first-attempt endpoint rejections prove no write; any previous unknown stays unknown
typecheck, test, PostgreSQL, e2e, build	Unit tests	2026-10-06T03:37:29.2973701Z   ---
typecheck, test, PostgreSQL, e2e, build	Unit tests	2026-10-06T03:37:29.2974071Z   duration_ms: 33.108165
typecheck, test, PostgreSQL, e2e, build	Unit tests	2026-10-06T03:37:29.2974502Z   type: 'test'
typecheck, test, PostgreSQL, e2e, build	Unit tests	2026-10-06T03:37:29.2974856Z   ...
typecheck, test, PostgreSQL, e2e, build	Unit tests	2026-10-06T03:37:29.2976031Z # Subtest: recovery storage requires exact read-back; no editing draft or credentials are serialized
typecheck, test, PostgreSQL, e2e, build	Unit tests	2026-10-06T03:37:29.2977457Z ok 234 - recovery storage requires exact read-back; no editing draft or credentials are serialized
typecheck, test, PostgreSQL, e2e, build	Unit tests	2026-10-06T03:37:29.2978302Z   ---
typecheck, test, PostgreSQL, e2e, build	Unit tests	2026-10-06T03:37:29.2978664Z   duration_ms: 0.702499
typecheck, test, PostgreSQL, e2e, build	Unit tests	2026-10-06T03:37:29.2979087Z   type: 'test'
typecheck, test, PostgreSQL, e2e, build	Unit tests	2026-10-06T03:37:29.2979455Z   ...
typecheck, test, PostgreSQL, e2e, build	Unit tests	2026-10-06T03:37:29.2980395Z # Subtest: identity/couple/Ledger validation rejects cross-scope replay without changing the operation
typecheck, test, PostgreSQL, e2e, build	Unit tests	2026-10-06T03:37:29.2981909Z ok 235 - identity/couple/Ledger validation rejects cross-scope replay without changing the operation
typecheck, test, PostgreSQL, e2e, build	Unit tests	2026-10-06T03:37:29.2982791Z   ---
typecheck, test, PostgreSQL, e2e, build	Unit tests	2026-10-06T03:37:29.2983168Z   duration_ms: 0.327971
typecheck, test, PostgreSQL, e2e, build	Unit tests	2026-10-06T03:37:29.2983598Z   type: 'test'
typecheck, test, PostgreSQL, e2e, build	Unit tests	2026-10-06T03:37:29.2983962Z   ...
typecheck, test, PostgreSQL, e2e, build	Unit tests	2026-10-06T03:37:29.2985291Z # Subtest: complete and compatible partial responses prove commit; malformed, mismatched content or scope do not
typecheck, test, PostgreSQL, e2e, build	Unit tests	2026-10-06T03:37:29.2986933Z ok 236 - complete and compatible partial responses prove commit; malformed, mismatched content or scope do not
typecheck, test, PostgreSQL, e2e, build	Unit tests	2026-10-06T03:37:29.2987869Z   ---
typecheck, test, PostgreSQL, e2e, build	Unit tests	2026-10-06T03:37:29.2988241Z   duration_ms: 1.388958
typecheck, test, PostgreSQL, e2e, build	Unit tests	2026-10-06T03:37:29.2988668Z   type: 'test'
typecheck, test, PostgreSQL, e2e, build	Unit tests	2026-10-06T03:37:29.2989025Z   ...
typecheck, test, PostgreSQL, e2e, build	Unit tests	2026-10-06T03:37:29.2989865Z # Subtest: replace commit proof binds original ID, expected version and actual replacement
typecheck, test, PostgreSQL, e2e, build	Unit tests	2026-10-06T03:37:29.2991254Z ok 237 - replace commit proof binds original ID, expected version and actual replacement
typecheck, test, PostgreSQL, e2e, build	Unit tests	2026-10-06T03:37:29.2992058Z   ---
typecheck, test, PostgreSQL, e2e, build	Unit tests	2026-10-06T03:37:29.2992420Z   duration_ms: 0.889587
typecheck, test, PostgreSQL, e2e, build	Unit tests	2026-10-06T03:37:29.2992804Z   type: 'test'
typecheck, test, PostgreSQL, e2e, build	Unit tests	2026-10-06T03:37:29.2993104Z   ...
typecheck, test, PostgreSQL, e2e, build	Unit tests	2026-10-06T03:37:29.2993890Z # Subtest: canonical result atomically changes row, balance and next payer; old receipts and reads cannot downgrade
typecheck, test, PostgreSQL, e2e, build	Unit tests	2026-10-06T03:37:29.2995663Z ok 238 - canonical result atomically changes row, balance and next payer; old receipts and reads cannot downgrade
typecheck, test, PostgreSQL, e2e, build	Unit tests	2026-10-06T03:37:29.2996500Z   ---
typecheck, test, PostgreSQL, e2e, build	Unit tests	2026-10-06T03:37:29.2996818Z   duration_ms: 0.635083
typecheck, test, PostgreSQL, e2e, build	Unit tests	2026-10-06T03:37:29.2997179Z   type: 'test'
typecheck, test, PostgreSQL, e2e, build	Unit tests	2026-10-06T03:37:29.2997626Z   ...
typecheck, test, PostgreSQL, e2e, build	Unit tests	2026-10-06T03:37:29.2998423Z # Subtest: dirty compares every editable field to its opening seed and clears on reversion
typecheck, test, PostgreSQL, e2e, build	Unit tests	2026-10-06T03:37:29.2999664Z ok 239 - dirty compares every editable field to its opening seed and clears on reversion
typecheck, test, PostgreSQL, e2e, build	Unit tests	2026-10-06T03:37:29.3000454Z   ---
typecheck, test, PostgreSQL, e2e, build	Unit tests	2026-10-06T03:37:29.3001129Z   duration_ms: 34.739761
typecheck, test, PostgreSQL, e2e, build	Unit tests	2026-10-06T03:37:29.3001557Z   type: 'test'
typecheck, test, PostgreSQL, e2e, build	Unit tests	2026-10-06T03:37:29.3001913Z   ...
typecheck, test, PostgreSQL, e2e, build	Unit tests	2026-10-06T03:37:29.3002664Z # Subtest: transaction cursor round-trips the complete deterministic sort key
typecheck, test, PostgreSQL, e2e, build	Unit tests	2026-10-06T03:37:29.3003962Z ok 240 - transaction cursor round-trips the complete deterministic sort key
typecheck, test, PostgreSQL, e2e, build	Unit tests	2026-10-06T03:37:29.3004718Z   ---
typecheck, test, PostgreSQL, e2e, build	Unit tests	2026-10-06T03:37:29.3005272Z   duration_ms: 5.987227
typecheck, test, PostgreSQL, e2e, build	Unit tests	2026-10-06T03:37:29.3005729Z   type: 'test'
typecheck, test, PostgreSQL, e2e, build	Unit tests	2026-10-06T03:37:29.3006094Z   ...
typecheck, test, PostgreSQL, e2e, build	Unit tests	2026-10-06T03:37:29.3006806Z # Subtest: CSV export is unbounded, semantically complete, and formula-safe
typecheck, test, PostgreSQL, e2e, build	Unit tests	2026-10-06T03:37:29.3007835Z ok 241 - CSV export is unbounded, semantically complete, and formula-safe
typecheck, test, PostgreSQL, e2e, build	Unit tests	2026-10-06T03:37:29.3008510Z   ---
typecheck, test, PostgreSQL, e2e, build	Unit tests	2026-10-06T03:37:29.3008861Z   duration_ms: 26.047086
typecheck, test, PostgreSQL, e2e, build	Unit tests	2026-10-06T03:37:29.3009294Z   type: 'test'
typecheck, test, PostgreSQL, e2e, build	Unit tests	2026-10-06T03:37:29.3009623Z   ...
typecheck, test, PostgreSQL, e2e, build	Unit tests	2026-10-06T03:37:29.3010290Z # Subtest: Taipei local date does not roll back during Taiwan morning
typecheck, test, PostgreSQL, e2e, build	Unit tests	2026-10-06T03:37:29.3011293Z ok 242 - Taipei local date does not roll back during Taiwan morning
typecheck, test, PostgreSQL, e2e, build	Unit tests	2026-10-06T03:37:29.3011956Z   ---
typecheck, test, PostgreSQL, e2e, build	Unit tests	2026-10-06T03:37:29.3012308Z   duration_ms: 13.834389
typecheck, test, PostgreSQL, e2e, build	Unit tests	2026-10-06T03:37:29.3012754Z   type: 'test'
typecheck, test, PostgreSQL, e2e, build	Unit tests	2026-10-06T03:37:29.3013087Z   ...
typecheck, test, PostgreSQL, e2e, build	Unit tests	2026-10-06T03:37:29.3013755Z # Subtest: TWD allocation is integer, deterministic, and sums exactly
typecheck, test, PostgreSQL, e2e, build	Unit tests	2026-10-06T03:37:29.3014745Z ok 243 - TWD allocation is integer, deterministic, and sums exactly
typecheck, test, PostgreSQL, e2e, build	Unit tests	2026-10-06T03:37:29.3015589Z   ---
typecheck, test, PostgreSQL, e2e, build	Unit tests	2026-10-06T03:37:29.3015948Z   duration_ms: 2.864528
typecheck, test, PostgreSQL, e2e, build	Unit tests	2026-10-06T03:37:29.3016351Z   type: 'test'
typecheck, test, PostgreSQL, e2e, build	Unit tests	2026-10-06T03:37:29.3016705Z   ...
typecheck, test, PostgreSQL, e2e, build	Unit tests	2026-10-06T03:37:29.3017441Z # Subtest: expense delta supports multiple payers independently from shares
typecheck, test, PostgreSQL, e2e, build	Unit tests	2026-10-06T03:37:29.3018517Z ok 244 - expense delta supports multiple payers independently from shares
typecheck, test, PostgreSQL, e2e, build	Unit tests	2026-10-06T03:37:29.3019252Z   ---
typecheck, test, PostgreSQL, e2e, build	Unit tests	2026-10-06T03:37:29.3019641Z   duration_ms: 0.661342
typecheck, test, PostgreSQL, e2e, build	Unit tests	2026-10-06T03:37:29.3020045Z   type: 'test'
typecheck, test, PostgreSQL, e2e, build	Unit tests	2026-10-06T03:37:29.3020398Z   ...
typecheck, test, PostgreSQL, e2e, build	Unit tests	2026-10-06T03:37:29.3021132Z # Subtest: income delta uses received payment minus entitled share in reverse
typecheck, test, PostgreSQL, e2e, build	Unit tests	2026-10-06T03:37:29.3022220Z ok 245 - income delta uses received payment minus entitled share in reverse
typecheck, test, PostgreSQL, e2e, build	Unit tests	2026-10-06T03:37:29.3022886Z   ---
typecheck, test, PostgreSQL, e2e, build	Unit tests	2026-10-06T03:37:29.3023236Z   duration_ms: 0.335255
typecheck, test, PostgreSQL, e2e, build	Unit tests	2026-10-06T03:37:29.3023641Z   type: 'test'
typecheck, test, PostgreSQL, e2e, build	Unit tests	2026-10-06T03:37:29.3023995Z   ...
typecheck, test, PostgreSQL, e2e, build	Unit tests	2026-10-06T03:37:29.3024554Z # Subtest: transfer is a first-class zero-sum transaction
typecheck, test, PostgreSQL, e2e, build	Unit tests	2026-10-06T03:37:29.3025623Z ok 246 - transfer is a first-class zero-sum transaction
typecheck, test, PostgreSQL, e2e, build	Unit tests	2026-10-06T03:37:29.3026156Z   ---
typecheck, test, PostgreSQL, e2e, build	Unit tests	2026-10-06T03:37:29.3026481Z   duration_ms: 0.292816
typecheck, test, PostgreSQL, e2e, build	Unit tests	2026-10-06T03:37:29.3026862Z   type: 'test'
typecheck, test, PostgreSQL, e2e, build	Unit tests	2026-10-06T03:37:29.3027233Z   ...
typecheck, test, PostgreSQL, e2e, build	Unit tests	2026-10-06T03:37:29.3027961Z # Subtest: ledger balance excludes voided/deleted rows and never crosses ledgers
typecheck, test, PostgreSQL, e2e, build	Unit tests	2026-10-06T03:37:29.3029025Z ok 247 - ledger balance excludes voided/deleted rows and never crosses ledgers
typecheck, test, PostgreSQL, e2e, build	Unit tests	2026-10-06T03:37:29.3029737Z   ---
typecheck, test, PostgreSQL, e2e, build	Unit tests	2026-10-06T03:37:29.3030073Z   duration_ms: 0.391409
typecheck, test, PostgreSQL, e2e, build	Unit tests	2026-10-06T03:37:29.3030518Z   type: 'test'
typecheck, test, PostgreSQL, e2e, build	Unit tests	2026-10-06T03:37:29.3030916Z   ...
typecheck, test, PostgreSQL, e2e, build	Unit tests	2026-10-06T03:37:29.3031527Z # Subtest: settle-all recommends only the debtor's outstanding amount
typecheck, test, PostgreSQL, e2e, build	Unit tests	2026-10-06T03:37:29.3032366Z ok 248 - settle-all recommends only the debtor's outstanding amount
typecheck, test, PostgreSQL, e2e, build	Unit tests	2026-10-06T03:37:29.3033071Z   ---
typecheck, test, PostgreSQL, e2e, build	Unit tests	2026-10-06T03:37:29.3033387Z   duration_ms: 0.612912
typecheck, test, PostgreSQL, e2e, build	Unit tests	2026-10-06T03:37:29.3033734Z   type: 'test'
typecheck, test, PostgreSQL, e2e, build	Unit tests	2026-10-06T03:37:29.3034028Z   ...
typecheck, test, PostgreSQL, e2e, build	Unit tests	2026-10-06T03:37:29.3034579Z # Subtest: invalid participant and conservation inputs are rejected
typecheck, test, PostgreSQL, e2e, build	Unit tests	2026-10-06T03:37:29.3035641Z ok 249 - invalid participant and conservation inputs are rejected
typecheck, test, PostgreSQL, e2e, build	Unit tests	2026-10-06T03:37:29.3036201Z   ---
typecheck, test, PostgreSQL, e2e, build	Unit tests	2026-10-06T03:37:29.3036521Z   duration_ms: 2.584737
typecheck, test, PostgreSQL, e2e, build	Unit tests	2026-10-06T03:37:29.3036889Z   type: 'test'
typecheck, test, PostgreSQL, e2e, build	Unit tests	2026-10-06T03:37:29.3037199Z   ...
typecheck, test, PostgreSQL, e2e, build	Unit tests	2026-10-06T03:37:29.3037576Z # Subtest: wire values stay integer strings
typecheck, test, PostgreSQL, e2e, build	Unit tests	2026-10-06T03:37:29.3038129Z ok 250 - wire values stay integer strings
typecheck, test, PostgreSQL, e2e, build	Unit tests	2026-10-06T03:37:29.3038560Z   ---
typecheck, test, PostgreSQL, e2e, build	Unit tests	2026-10-06T03:37:29.3038862Z   duration_ms: 0.17714
typecheck, test, PostgreSQL, e2e, build	Unit tests	2026-10-06T03:37:29.3039205Z   type: 'test'
typecheck, test, PostgreSQL, e2e, build	Unit tests	2026-10-06T03:37:29.3039500Z   ...
typecheck, test, PostgreSQL, e2e, build	Unit tests	2026-10-06T03:37:29.3040351Z # Subtest: migration cutover gate rejects a non-reconciled plan before any write
typecheck, test, PostgreSQL, e2e, build	Unit tests	2026-10-06T03:37:29.3041348Z ok 251 - migration cutover gate rejects a non-reconciled plan before any write
typecheck, test, PostgreSQL, e2e, build	Unit tests	2026-10-06T03:37:29.3042219Z   ---
typecheck, test, PostgreSQL, e2e, build	Unit tests	2026-10-06T03:37:29.3042578Z   duration_ms: 16.750446
typecheck, test, PostgreSQL, e2e, build	Unit tests	2026-10-06T03:37:29.3043001Z   type: 'test'
typecheck, test, PostgreSQL, e2e, build	Unit tests	2026-10-06T03:37:29.3043303Z   ...
typecheck, test, PostgreSQL, e2e, build	Unit tests	2026-10-06T03:37:29.3043998Z # Subtest: each legacy group becomes its own ledger without netting
typecheck, test, PostgreSQL, e2e, build	Unit tests	2026-10-06T03:37:29.3044850Z ok 252 - each legacy group becomes its own ledger without netting
typecheck, test, PostgreSQL, e2e, build	Unit tests	2026-10-06T03:37:29.3045653Z   ---
typecheck, test, PostgreSQL, e2e, build	Unit tests	2026-10-06T03:37:29.3045971Z   duration_ms: 13.747477
typecheck, test, PostgreSQL, e2e, build	Unit tests	2026-10-06T03:37:29.3046337Z   type: 'test'
typecheck, test, PostgreSQL, e2e, build	Unit tests	2026-10-06T03:37:29.3046655Z   ...
typecheck, test, PostgreSQL, e2e, build	Unit tests	2026-10-06T03:37:29.3047194Z # Subtest: mirrors and private rows are excluded exactly once
typecheck, test, PostgreSQL, e2e, build	Unit tests	2026-10-06T03:37:29.3047963Z ok 253 - mirrors and private rows are excluded exactly once
typecheck, test, PostgreSQL, e2e, build	Unit tests	2026-10-06T03:37:29.3048491Z   ---
typecheck, test, PostgreSQL, e2e, build	Unit tests	2026-10-06T03:37:29.3048803Z   duration_ms: 0.67624
typecheck, test, PostgreSQL, e2e, build	Unit tests	2026-10-06T03:37:29.3049171Z   type: 'test'
typecheck, test, PostgreSQL, e2e, build	Unit tests	2026-10-06T03:37:29.3049491Z   ...
typecheck, test, PostgreSQL, e2e, build	Unit tests	2026-10-06T03:37:29.3050135Z # Subtest: settlement is a first-class transfer in the same legacy ledger
typecheck, test, PostgreSQL, e2e, build	Unit tests	2026-10-06T03:37:29.3051086Z ok 254 - settlement is a first-class transfer in the same legacy ledger
typecheck, test, PostgreSQL, e2e, build	Unit tests	2026-10-06T03:37:29.3051694Z   ---
typecheck, test, PostgreSQL, e2e, build	Unit tests	2026-10-06T03:37:29.3052006Z   duration_ms: 0.753244
typecheck, test, PostgreSQL, e2e, build	Unit tests	2026-10-06T03:37:29.3052374Z   type: 'test'
typecheck, test, PostgreSQL, e2e, build	Unit tests	2026-10-06T03:37:29.3052690Z   ...
typecheck, test, PostgreSQL, e2e, build	Unit tests	2026-10-06T03:37:29.3053431Z # Subtest: invalid or cross-couple source rows are quarantined, never repaired silently
typecheck, test, PostgreSQL, e2e, build	Unit tests	2026-10-06T03:37:29.3054571Z ok 255 - invalid or cross-couple source rows are quarantined, never repaired silently
typecheck, test, PostgreSQL, e2e, build	Unit tests	2026-10-06T03:37:29.3055478Z   ---
typecheck, test, PostgreSQL, e2e, build	Unit tests	2026-10-06T03:37:29.3055810Z   duration_ms: 0.894837
typecheck, test, PostgreSQL, e2e, build	Unit tests	2026-10-06T03:37:29.3056188Z   type: 'test'
typecheck, test, PostgreSQL, e2e, build	Unit tests	2026-10-06T03:37:29.3056524Z   ...
typecheck, test, PostgreSQL, e2e, build	Unit tests	2026-10-06T03:37:29.3057121Z # Subtest: migration plan digest is stable for the same snapshot
typecheck, test, PostgreSQL, e2e, build	Unit tests	2026-10-06T03:37:29.3057938Z ok 256 - migration plan digest is stable for the same snapshot
typecheck, test, PostgreSQL, e2e, build	Unit tests	2026-10-06T03:37:29.3058481Z   ---
typecheck, test, PostgreSQL, e2e, build	Unit tests	2026-10-06T03:37:29.3058789Z   duration_ms: 1.134885
typecheck, test, PostgreSQL, e2e, build	Unit tests	2026-10-06T03:37:29.3059150Z   type: 'test'
typecheck, test, PostgreSQL, e2e, build	Unit tests	2026-10-06T03:37:29.3059471Z   ...
typecheck, test, PostgreSQL, e2e, build	Unit tests	2026-10-06T03:37:29.3060103Z # Subtest: V2 Rich Menu tab values open the matching Ledger sub-navigation
typecheck, test, PostgreSQL, e2e, build	Unit tests	2026-10-06T03:37:29.3061095Z ok 257 - V2 Rich Menu tab values open the matching Ledger sub-navigation
typecheck, test, PostgreSQL, e2e, build	Unit tests	2026-10-06T03:37:29.3061703Z   ---
typecheck, test, PostgreSQL, e2e, build	Unit tests	2026-10-06T03:37:29.3062016Z   duration_ms: 1.527176
typecheck, test, PostgreSQL, e2e, build	Unit tests	2026-10-06T03:37:29.3062381Z   type: 'test'
typecheck, test, PostgreSQL, e2e, build	Unit tests	2026-10-06T03:37:29.3062704Z   ...
typecheck, test, PostgreSQL, e2e, build	Unit tests	2026-10-06T03:37:29.3063506Z # Subtest: explicit Home accepts only active authorized scope; fallback requires absent target
typecheck, test, PostgreSQL, e2e, build	Unit tests	2026-10-06T03:37:29.3064702Z ok 258 - explicit Home accepts only active authorized scope; fallback requires absent target
typecheck, test, PostgreSQL, e2e, build	Unit tests	2026-10-06T03:37:29.3065646Z   ---
typecheck, test, PostgreSQL, e2e, build	Unit tests	2026-10-06T03:37:29.3065967Z   duration_ms: 1.689197
typecheck, test, PostgreSQL, e2e, build	Unit tests	2026-10-06T03:37:29.3066314Z   type: 'test'
typecheck, test, PostgreSQL, e2e, build	Unit tests	2026-10-06T03:37:29.3066677Z   ...
typecheck, test, PostgreSQL, e2e, build	Unit tests	2026-10-06T03:37:29.3067345Z # Subtest: transaction scope is mandatory, never guessed from active Ledger
typecheck, test, PostgreSQL, e2e, build	Unit tests	2026-10-06T03:37:29.3067991Z ok 259 - transaction scope is mandatory, never guessed from active Ledger
typecheck, test, PostgreSQL, e2e, build	Unit tests	2026-10-06T03:37:29.3068371Z   ---
typecheck, test, PostgreSQL, e2e, build	Unit tests	2026-10-06T03:37:29.3068559Z   duration_ms: 1.213602
typecheck, test, PostgreSQL, e2e, build	Unit tests	2026-10-06T03:37:29.3068779Z   type: 'test'
typecheck, test, PostgreSQL, e2e, build	Unit tests	2026-10-06T03:37:29.3068986Z   ...
typecheck, test, PostgreSQL, e2e, build	Unit tests	2026-10-06T03:37:29.3069272Z # Subtest: bounded surface mapping: STATS tab=stats
typecheck, test, PostgreSQL, e2e, build	Unit tests	2026-10-06T03:37:29.3069673Z ok 260 - bounded surface mapping: STATS tab=stats
typecheck, test, PostgreSQL, e2e, build	Unit tests	2026-10-06T03:37:29.3069966Z   ---
typecheck, test, PostgreSQL, e2e, build	Unit tests	2026-10-06T03:37:29.3070162Z   duration_ms: 0.498319
typecheck, test, PostgreSQL, e2e, build	Unit tests	2026-10-06T03:37:29.3070380Z   type: 'test'
typecheck, test, PostgreSQL, e2e, build	Unit tests	2026-10-06T03:37:29.3070576Z   ...
typecheck, test, PostgreSQL, e2e, build	Unit tests	2026-10-06T03:37:29.3070871Z # Subtest: bounded surface mapping: STATS tab=analysis
typecheck, test, PostgreSQL, e2e, build	Unit tests	2026-10-06T03:37:29.3071291Z ok 261 - bounded surface mapping: STATS tab=analysis
typecheck, test, PostgreSQL, e2e, build	Unit tests	2026-10-06T03:37:29.3071597Z   ---
typecheck, test, PostgreSQL, e2e, build	Unit tests	2026-10-06T03:37:29.3071855Z   duration_ms: 0.414753
typecheck, test, PostgreSQL, e2e, build	Unit tests	2026-10-06T03:37:29.3072249Z   type: 'test'
typecheck, test, PostgreSQL, e2e, build	Unit tests	2026-10-06T03:37:29.3072507Z   ...
typecheck, test, PostgreSQL, e2e, build	Unit tests	2026-10-06T03:37:29.3072949Z # Subtest: bounded surface mapping: SETTINGS tab=settings
typecheck, test, PostgreSQL, e2e, build	Unit tests	2026-10-06T03:37:29.3074135Z ok 262 - bounded surface mapping: SETTINGS tab=settings
typecheck, test, PostgreSQL, e2e, build	Unit tests	2026-10-06T03:37:29.3074567Z   ---
typecheck, test, PostgreSQL, e2e, build	Unit tests	2026-10-06T03:37:29.3075238Z   duration_ms: 0.396398
typecheck, test, PostgreSQL, e2e, build	Unit tests	2026-10-06T03:37:29.3075610Z   type: 'test'
typecheck, test, PostgreSQL, e2e, build	Unit tests	2026-10-06T03:37:29.3075947Z   ...
typecheck, test, PostgreSQL, e2e, build	Unit tests	2026-10-06T03:37:29.3076293Z # Subtest: bounded surface mapping: RECURRING tab=recurring
typecheck, test, PostgreSQL, e2e, build	Unit tests	2026-10-06T03:37:29.3076767Z ok 263 - bounded surface mapping: RECURRING tab=recurring
typecheck, test, PostgreSQL, e2e, build	Unit tests	2026-10-06T03:37:29.3077083Z   ---
typecheck, test, PostgreSQL, e2e, build	Unit tests	2026-10-06T03:37:29.3077276Z   duration_ms: 0.414552
typecheck, test, PostgreSQL, e2e, build	Unit tests	2026-10-06T03:37:29.3077491Z   type: 'test'
typecheck, test, PostgreSQL, e2e, build	Unit tests	2026-10-06T03:37:29.3077685Z   ...
typecheck, test, PostgreSQL, e2e, build	Unit tests	2026-10-06T03:37:29.3078137Z # Subtest: bounded surface mapping: SEARCH view=search&q=food&type=expense&from=2026-09-01
typecheck, test, PostgreSQL, e2e, build	Unit tests	2026-10-06T03:37:29.3078829Z ok 264 - bounded surface mapping: SEARCH view=search&q=food&type=expense&from=2026-09-01
typecheck, test, PostgreSQL, e2e, build	Unit tests	2026-10-06T03:37:29.3079249Z   ---
typecheck, test, PostgreSQL, e2e, build	Unit tests	2026-10-06T03:37:29.3079438Z   duration_ms: 0.367445
typecheck, test, PostgreSQL, e2e, build	Unit tests	2026-10-06T03:37:29.3079656Z   type: 'test'
typecheck, test, PostgreSQL, e2e, build	Unit tests	2026-10-06T03:37:29.3079863Z   ...
typecheck, test, PostgreSQL, e2e, build	Unit tests	2026-10-06T03:37:29.3080295Z # Subtest: bounded surface mapping: PROPOSAL_COMPAT_ENTRY v2Proposal=P&v2Transaction=T
typecheck, test, PostgreSQL, e2e, build	Unit tests	2026-10-06T03:37:29.3080960Z ok 265 - bounded surface mapping: PROPOSAL_COMPAT_ENTRY v2Proposal=P&v2Transaction=T
typecheck, test, PostgreSQL, e2e, build	Unit tests	2026-10-06T03:37:29.3081367Z   ---
typecheck, test, PostgreSQL, e2e, build	Unit tests	2026-10-06T03:37:29.3081553Z   duration_ms: 0.513667
typecheck, test, PostgreSQL, e2e, build	Unit tests	2026-10-06T03:37:29.3081766Z   type: 'test'
typecheck, test, PostgreSQL, e2e, build	Unit tests	2026-10-06T03:37:29.3081953Z   ...
typecheck, test, PostgreSQL, e2e, build	Unit tests	2026-10-06T03:37:29.3082364Z # Subtest: LIFF envelope is read without mutation and direct params take priority
typecheck, test, PostgreSQL, e2e, build	Unit tests	2026-10-06T03:37:29.3082985Z ok 266 - LIFF envelope is read without mutation and direct params take priority
typecheck, test, PostgreSQL, e2e, build	Unit tests	2026-10-06T03:37:29.3083371Z   ---
typecheck, test, PostgreSQL, e2e, build	Unit tests	2026-10-06T03:37:29.3083567Z   duration_ms: 1.15548
typecheck, test, PostgreSQL, e2e, build	Unit tests	2026-10-06T03:37:29.3083789Z   type: 'test'
typecheck, test, PostgreSQL, e2e, build	Unit tests	2026-10-06T03:37:29.3083978Z   ...
typecheck, test, PostgreSQL, e2e, build	Unit tests	2026-10-06T03:37:29.3084414Z # Subtest: canonical Home removes old surface/search but preserves unrelated query/hash
typecheck, test, PostgreSQL, e2e, build	Unit tests	2026-10-06T03:37:29.3085307Z ok 267 - canonical Home removes old surface/search but preserves unrelated query/hash
typecheck, test, PostgreSQL, e2e, build	Unit tests	2026-10-06T03:37:29.3086006Z   ---
typecheck, test, PostgreSQL, e2e, build	Unit tests	2026-10-06T03:37:29.3086331Z   duration_ms: 0.432906
typecheck, test, PostgreSQL, e2e, build	Unit tests	2026-10-06T03:37:29.3086710Z   type: 'test'
typecheck, test, PostgreSQL, e2e, build	Unit tests	2026-10-06T03:37:29.3086927Z   ...
typecheck, test, PostgreSQL, e2e, build	Unit tests	2026-10-06T03:37:29.3087385Z # Subtest: only read-surface entry pushes; initialization/switch/filter/direct Back replace
typecheck, test, PostgreSQL, e2e, build	Unit tests	2026-10-06T03:37:29.3088083Z ok 268 - only read-surface entry pushes; initialization/switch/filter/direct Back replace
typecheck, test, PostgreSQL, e2e, build	Unit tests	2026-10-06T03:37:29.3088505Z   ---
typecheck, test, PostgreSQL, e2e, build	Unit tests	2026-10-06T03:37:29.3088688Z   duration_ms: 0.250717
typecheck, test, PostgreSQL, e2e, build	Unit tests	2026-10-06T03:37:29.3088906Z   type: 'test'
typecheck, test, PostgreSQL, e2e, build	Unit tests	2026-10-06T03:37:29.3089093Z   ...
typecheck, test, PostgreSQL, e2e, build	Unit tests	2026-10-06T03:37:29.3089528Z # Subtest: origin is bounded, preserves Next/unrelated state, and expires on reload
typecheck, test, PostgreSQL, e2e, build	Unit tests	2026-10-06T03:37:29.3090153Z ok 269 - origin is bounded, preserves Next/unrelated state, and expires on reload
typecheck, test, PostgreSQL, e2e, build	Unit tests	2026-10-06T03:37:29.3090534Z   ---
typecheck, test, PostgreSQL, e2e, build	Unit tests	2026-10-06T03:37:29.3090717Z   duration_ms: 0.494842
typecheck, test, PostgreSQL, e2e, build	Unit tests	2026-10-06T03:37:29.3090938Z   type: 'test'
typecheck, test, PostgreSQL, e2e, build	Unit tests	2026-10-06T03:37:29.3091124Z   ...
typecheck, test, PostgreSQL, e2e, build	Unit tests	2026-10-06T03:37:29.3091527Z # Subtest: Search origin keeps only read filters, and include-void survives the URL
typecheck, test, PostgreSQL, e2e, build	Unit tests	2026-10-06T03:37:29.3092142Z ok 270 - Search origin keeps only read filters, and include-void survives the URL
typecheck, test, PostgreSQL, e2e, build	Unit tests	2026-10-06T03:37:29.3092531Z   ---
typecheck, test, PostgreSQL, e2e, build	Unit tests	2026-10-06T03:37:29.3092716Z   duration_ms: 0.340184
typecheck, test, PostgreSQL, e2e, build	Unit tests	2026-10-06T03:37:29.3092928Z   type: 'test'
typecheck, test, PostgreSQL, e2e, build	Unit tests	2026-10-06T03:37:29.3093121Z   ...
typecheck, test, PostgreSQL, e2e, build	Unit tests	2026-10-06T03:37:29.3093443Z # Subtest: V2 outbox payloads remain bounded LINE text fields
typecheck, test, PostgreSQL, e2e, build	Unit tests	2026-10-06T03:37:29.3093922Z ok 271 - V2 outbox payloads remain bounded LINE text fields
typecheck, test, PostgreSQL, e2e, build	Unit tests	2026-10-06T03:37:29.3094249Z   ---
typecheck, test, PostgreSQL, e2e, build	Unit tests	2026-10-06T03:37:29.3094440Z   duration_ms: 1.330499
typecheck, test, PostgreSQL, e2e, build	Unit tests	2026-10-06T03:37:29.3094657Z   type: 'test'
typecheck, test, PostgreSQL, e2e, build	Unit tests	2026-10-06T03:37:29.3094845Z   ...
typecheck, test, PostgreSQL, e2e, build	Unit tests	2026-10-06T03:37:29.3095629Z # Subtest: LINE delivery classification dead-letters permanent client errors and retries temporary failures
typecheck, test, PostgreSQL, e2e, build	Unit tests	2026-10-06T03:37:29.3096503Z ok 272 - LINE delivery classification dead-letters permanent client errors and retries temporary failures
typecheck, test, PostgreSQL, e2e, build	Unit tests	2026-10-06T03:37:29.3096984Z   ---
typecheck, test, PostgreSQL, e2e, build	Unit tests	2026-10-06T03:37:29.3097212Z   duration_ms: 1.387175
typecheck, test, PostgreSQL, e2e, build	Unit tests	2026-10-06T03:37:29.3097604Z   type: 'test'
typecheck, test, PostgreSQL, e2e, build	Unit tests	2026-10-06T03:37:29.3097796Z   ...
typecheck, test, PostgreSQL, e2e, build	Unit tests	2026-10-06T03:37:29.3098282Z # Subtest: opportunistic drain is registered after the response path and does not wait for LINE
typecheck, test, PostgreSQL, e2e, build	Unit tests	2026-10-06T03:37:29.3099179Z ok 273 - opportunistic drain is registered after the response path and does not wait for LINE
typecheck, test, PostgreSQL, e2e, build	Unit tests	2026-10-06T03:37:29.3099613Z   ---
typecheck, test, PostgreSQL, e2e, build	Unit tests	2026-10-06T03:37:29.3099807Z   duration_ms: 0.386931
typecheck, test, PostgreSQL, e2e, build	Unit tests	2026-10-06T03:37:29.3100022Z   type: 'test'
typecheck, test, PostgreSQL, e2e, build	Unit tests	2026-10-06T03:37:29.3100208Z   ...
typecheck, test, PostgreSQL, e2e, build	Unit tests	2026-10-06T03:37:29.3100547Z # Subtest: chronology sorts occurrence date before creation time
typecheck, test, PostgreSQL, e2e, build	Unit tests	2026-10-06T03:37:29.3101048Z ok 274 - chronology sorts occurrence date before creation time
typecheck, test, PostgreSQL, e2e, build	Unit tests	2026-10-06T03:37:29.3101377Z   ---
typecheck, test, PostgreSQL, e2e, build	Unit tests	2026-10-06T03:37:29.3101565Z   duration_ms: 13.683557
typecheck, test, PostgreSQL, e2e, build	Unit tests	2026-10-06T03:37:29.3101796Z   type: 'test'
typecheck, test, PostgreSQL, e2e, build	Unit tests	2026-10-06T03:37:29.3101987Z   ...
typecheck, test, PostgreSQL, e2e, build	Unit tests	2026-10-06T03:37:29.3102370Z # Subtest: equal chronology uses the existing descending stable ID tie-break
typecheck, test, PostgreSQL, e2e, build	Unit tests	2026-10-06T03:37:29.3102987Z ok 275 - equal chronology uses the existing descending stable ID tie-break
typecheck, test, PostgreSQL, e2e, build	Unit tests	2026-10-06T03:37:29.3103392Z   ---
typecheck, test, PostgreSQL, e2e, build	Unit tests	2026-10-06T03:37:29.3103581Z   duration_ms: 0.439399
typecheck, test, PostgreSQL, e2e, build	Unit tests	2026-10-06T03:37:29.3103838Z   type: 'test'
typecheck, test, PostgreSQL, e2e, build	Unit tests	2026-10-06T03:37:29.3104024Z   ...
typecheck, test, PostgreSQL, e2e, build	Unit tests	2026-10-06T03:37:29.3104392Z # Subtest: filtering and sorting do not mutate canonical bootstrap data
typecheck, test, PostgreSQL, e2e, build	Unit tests	2026-10-06T03:37:29.3105398Z ok 276 - filtering and sorting do not mutate canonical bootstrap data
typecheck, test, PostgreSQL, e2e, build	Unit tests	2026-10-06T03:37:29.3106025Z   ---
typecheck, test, PostgreSQL, e2e, build	Unit tests	2026-10-06T03:37:29.3106388Z   duration_ms: 0.289329
typecheck, test, PostgreSQL, e2e, build	Unit tests	2026-10-06T03:37:29.3106758Z   type: 'test'
typecheck, test, PostgreSQL, e2e, build	Unit tests	2026-10-06T03:37:29.3106960Z   ...
typecheck, test, PostgreSQL, e2e, build	Unit tests	2026-10-06T03:37:29.3107293Z # Subtest: today is grouped by the Taipei context calendar date
typecheck, test, PostgreSQL, e2e, build	Unit tests	2026-10-06T03:37:29.3107794Z ok 277 - today is grouped by the Taipei context calendar date
typecheck, test, PostgreSQL, e2e, build	Unit tests	2026-10-06T03:37:29.3108120Z   ---
typecheck, test, PostgreSQL, e2e, build	Unit tests	2026-10-06T03:37:29.3108306Z   duration_ms: 0.559543
typecheck, test, PostgreSQL, e2e, build	Unit tests	2026-10-06T03:37:29.3108522Z   type: 'test'
typecheck, test, PostgreSQL, e2e, build	Unit tests	2026-10-06T03:37:29.3108715Z   ...
typecheck, test, PostgreSQL, e2e, build	Unit tests	2026-10-06T03:37:29.3109128Z # Subtest: yesterday label uses calendar arithmetic independent of runtime timezone
typecheck, test, PostgreSQL, e2e, build	Unit tests	2026-10-06T03:37:29.3109761Z ok 278 - yesterday label uses calendar arithmetic independent of runtime timezone
typecheck, test, PostgreSQL, e2e, build	Unit tests	2026-10-06T03:37:29.3110156Z   ---
typecheck, test, PostgreSQL, e2e, build	Unit tests	2026-10-06T03:37:29.3110345Z   duration_ms: 0.400376
typecheck, test, PostgreSQL, e2e, build	Unit tests	2026-10-06T03:37:29.3110558Z   type: 'test'
typecheck, test, PostgreSQL, e2e, build	Unit tests	2026-10-06T03:37:29.3110748Z   ...
typecheck, test, PostgreSQL, e2e, build	Unit tests	2026-10-06T03:37:29.3111045Z # Subtest: yesterday crosses month and year boundaries
typecheck, test, PostgreSQL, e2e, build	Unit tests	2026-10-06T03:37:29.3111458Z ok 279 - yesterday crosses month and year boundaries
typecheck, test, PostgreSQL, e2e, build	Unit tests	2026-10-06T03:37:29.3111755Z   ---
typecheck, test, PostgreSQL, e2e, build	Unit tests	2026-10-06T03:37:29.3111948Z   duration_ms: 0.245207
typecheck, test, PostgreSQL, e2e, build	Unit tests	2026-10-06T03:37:29.3112162Z   type: 'test'
typecheck, test, PostgreSQL, e2e, build	Unit tests	2026-10-06T03:37:29.3112348Z   ...
typecheck, test, PostgreSQL, e2e, build	Unit tests	2026-10-06T03:37:29.3112634Z # Subtest: same-year dates have month and day labels
typecheck, test, PostgreSQL, e2e, build	Unit tests	2026-10-06T03:37:29.3113036Z ok 280 - same-year dates have month and day labels
typecheck, test, PostgreSQL, e2e, build	Unit tests	2026-10-06T03:37:29.3113326Z   ---
typecheck, test, PostgreSQL, e2e, build	Unit tests	2026-10-06T03:37:29.3113512Z   duration_ms: 0.30074
typecheck, test, PostgreSQL, e2e, build	Unit tests	2026-10-06T03:37:29.3113734Z   type: 'test'
typecheck, test, PostgreSQL, e2e, build	Unit tests	2026-10-06T03:37:29.3113942Z   ...
typecheck, test, PostgreSQL, e2e, build	Unit tests	2026-10-06T03:37:29.3114201Z # Subtest: cross-year dates retain their year
typecheck, test, PostgreSQL, e2e, build	Unit tests	2026-10-06T03:37:29.3114572Z ok 281 - cross-year dates retain their year
typecheck, test, PostgreSQL, e2e, build	Unit tests	2026-10-06T03:37:29.3114845Z   ---
typecheck, test, PostgreSQL, e2e, build	Unit tests	2026-10-06T03:37:29.3115280Z   duration_ms: 0.19871
typecheck, test, PostgreSQL, e2e, build	Unit tests	2026-10-06T03:37:29.3115674Z   type: 'test'
typecheck, test, PostgreSQL, e2e, build	Unit tests	2026-10-06T03:37:29.3116012Z   ...
typecheck, test, PostgreSQL, e2e, build	Unit tests	2026-10-06T03:37:29.3116401Z # Subtest: future dates show their actual date and remain ahead of today
typecheck, test, PostgreSQL, e2e, build	Unit tests	2026-10-06T03:37:29.3116939Z ok 282 - future dates show their actual date and remain ahead of today
typecheck, test, PostgreSQL, e2e, build	Unit tests	2026-10-06T03:37:29.3117294Z   ---
typecheck, test, PostgreSQL, e2e, build	Unit tests	2026-10-06T03:37:29.3117482Z   duration_ms: 0.60668
typecheck, test, PostgreSQL, e2e, build	Unit tests	2026-10-06T03:37:29.3117695Z   type: 'test'
typecheck, test, PostgreSQL, e2e, build	Unit tests	2026-10-06T03:37:29.3117890Z   ...
typecheck, test, PostgreSQL, e2e, build	Unit tests	2026-10-06T03:37:29.3118336Z # Subtest: missing occurrence date remains explicit instead of using createdAt
typecheck, test, PostgreSQL, e2e, build	Unit tests	2026-10-06T03:37:29.3118931Z ok 283 - missing occurrence date remains explicit instead of using createdAt
typecheck, test, PostgreSQL, e2e, build	Unit tests	2026-10-06T03:37:29.3119303Z   ---
typecheck, test, PostgreSQL, e2e, build	Unit tests	2026-10-06T03:37:29.3119496Z   duration_ms: 0.652967
typecheck, test, PostgreSQL, e2e, build	Unit tests	2026-10-06T03:37:29.3119713Z   type: 'test'
typecheck, test, PostgreSQL, e2e, build	Unit tests	2026-10-06T03:37:29.3119898Z   ...
typecheck, test, PostgreSQL, e2e, build	Unit tests	2026-10-06T03:37:29.3120427Z # Subtest: initial client render window contains only the first 20
typecheck, test, PostgreSQL, e2e, build	Unit tests	2026-10-06T03:37:29.3120948Z ok 284 - initial client render window contains only the first 20
typecheck, test, PostgreSQL, e2e, build	Unit tests	2026-10-06T03:37:29.3121394Z   ---
typecheck, test, PostgreSQL, e2e, build	Unit tests	2026-10-06T03:37:29.3121616Z   duration_ms: 0.561616
typecheck, test, PostgreSQL, e2e, build	Unit tests	2026-10-06T03:37:29.3121836Z   type: 'test'
typecheck, test, PostgreSQL, e2e, build	Unit tests	2026-10-06T03:37:29.3122025Z   ...
typecheck, test, PostgreSQL, e2e, build	Unit tests	2026-10-06T03:37:29.3122400Z # Subtest: 20 to 40 append preserves visible IDs and adds the next 20 once
typecheck, test, PostgreSQL, e2e, build	Unit tests	2026-10-06T03:37:29.3122959Z ok 285 - 20 to 40 append preserves visible IDs and adds the next 20 once
typecheck, test, PostgreSQL, e2e, build	Unit tests	2026-10-06T03:37:29.3123324Z   ---
typecheck, test, PostgreSQL, e2e, build	Unit tests	2026-10-06T03:37:29.3123526Z   duration_ms: 0.399465
typecheck, test, PostgreSQL, e2e, build	Unit tests	2026-10-06T03:37:29.3123762Z   type: 'test'
typecheck, test, PostgreSQL, e2e, build	Unit tests	2026-10-06T03:37:29.3123962Z   ...
typecheck, test, PostgreSQL, e2e, build	Unit tests	2026-10-06T03:37:29.3124344Z # Subtest: append boundaries 20/21 and 40/41 share one date heading
typecheck, test, PostgreSQL, e2e, build	Unit tests	2026-10-06T03:37:29.3124864Z ok 286 - append boundaries 20/21 and 40/41 share one date heading
typecheck, test, PostgreSQL, e2e, build	Unit tests	2026-10-06T03:37:29.3125479Z   ---
typecheck, test, PostgreSQL, e2e, build	Unit tests	2026-10-06T03:37:29.3125682Z   duration_ms: 1.29328
typecheck, test, PostgreSQL, e2e, build	Unit tests	2026-10-06T03:37:29.3126004Z   type: 'test'
typecheck, test, PostgreSQL, e2e, build	Unit tests	2026-10-06T03:37:29.3126213Z   ...
typecheck, test, PostgreSQL, e2e, build	Unit tests	2026-10-06T03:37:29.3126624Z # Subtest: a partially visible date group grows in place without another heading
typecheck, test, PostgreSQL, e2e, build	Unit tests	2026-10-06T03:37:29.3127287Z ok 287 - a partially visible date group grows in place without another heading
typecheck, test, PostgreSQL, e2e, build	Unit tests	2026-10-06T03:37:29.3127717Z   ---
typecheck, test, PostgreSQL, e2e, build	Unit tests	2026-10-06T03:37:29.3127927Z   duration_ms: 0.72445
typecheck, test, PostgreSQL, e2e, build	Unit tests	2026-10-06T03:37:29.3128166Z   type: 'test'
typecheck, test, PostgreSQL, e2e, build	Unit tests	2026-10-06T03:37:29.3128365Z   ...
typecheck, test, PostgreSQL, e2e, build	Unit tests	2026-10-06T03:37:29.3128672Z # Subtest: final window stops at loaded record count
typecheck, test, PostgreSQL, e2e, build	Unit tests	2026-10-06T03:37:29.3129150Z ok 288 - final window stops at loaded record count
typecheck, test, PostgreSQL, e2e, build	Unit tests	2026-10-06T03:37:29.3129472Z   ---
typecheck, test, PostgreSQL, e2e, build	Unit tests	2026-10-06T03:37:29.3129682Z   duration_ms: 0.271706
typecheck, test, PostgreSQL, e2e, build	Unit tests	2026-10-06T03:37:29.3129925Z   type: 'test'
typecheck, test, PostgreSQL, e2e, build	Unit tests	2026-10-06T03:37:29.3130118Z   ...
typecheck, test, PostgreSQL, e2e, build	Unit tests	2026-10-06T03:37:29.3130550Z # Subtest: effective Home history contains current posted transactions only
typecheck, test, PostgreSQL, e2e, build	Unit tests	2026-10-06T03:37:29.3131168Z ok 289 - effective Home history contains current posted transactions only
typecheck, test, PostgreSQL, e2e, build	Unit tests	2026-10-06T03:37:29.3131560Z   ---
typecheck, test, PostgreSQL, e2e, build	Unit tests	2026-10-06T03:37:29.3131781Z   duration_ms: 0.256919
typecheck, test, PostgreSQL, e2e, build	Unit tests	2026-10-06T03:37:29.3132022Z   type: 'test'
typecheck, test, PostgreSQL, e2e, build	Unit tests	2026-10-06T03:37:29.3132215Z   ...
typecheck, test, PostgreSQL, e2e, build	Unit tests	2026-10-06T03:37:29.3132581Z # Subtest: voided rows remain excluded even without a replacement
typecheck, test, PostgreSQL, e2e, build	Unit tests	2026-10-06T03:37:29.3133122Z ok 290 - voided rows remain excluded even without a replacement
typecheck, test, PostgreSQL, e2e, build	Unit tests	2026-10-06T03:37:29.3133476Z   ---
typecheck, test, PostgreSQL, e2e, build	Unit tests	2026-10-06T03:37:29.3133690Z   duration_ms: 0.156201
typecheck, test, PostgreSQL, e2e, build	Unit tests	2026-10-06T03:37:29.3133934Z   type: 'test'
typecheck, test, PostgreSQL, e2e, build	Unit tests	2026-10-06T03:37:29.3134126Z   ...
typecheck, test, PostgreSQL, e2e, build	Unit tests	2026-10-06T03:37:29.3134569Z # Subtest: replaced old posted rows are excluded and the new replacement remains
typecheck, test, PostgreSQL, e2e, build	Unit tests	2026-10-06T03:37:29.3135419Z ok 291 - replaced old posted rows are excluded and the new replacement remains
typecheck, test, PostgreSQL, e2e, build	Unit tests	2026-10-06T03:37:29.3136017Z   ---
typecheck, test, PostgreSQL, e2e, build	Unit tests	2026-10-06T03:37:29.3136216Z   duration_ms: 0.194253
typecheck, test, PostgreSQL, e2e, build	Unit tests	2026-10-06T03:37:29.3136451Z   type: 'test'
typecheck, test, PostgreSQL, e2e, build	Unit tests	2026-10-06T03:37:29.3136645Z   ...
typecheck, test, PostgreSQL, e2e, build	Unit tests	2026-10-06T03:37:29.3137094Z # Subtest: Detail lookup resolves exact old and void IDs from available history
typecheck, test, PostgreSQL, e2e, build	Unit tests	2026-10-06T03:37:29.3137739Z ok 292 - Detail lookup resolves exact old and void IDs from available history
typecheck, test, PostgreSQL, e2e, build	Unit tests	2026-10-06T03:37:29.3138147Z   ---
typecheck, test, PostgreSQL, e2e, build	Unit tests	2026-10-06T03:37:29.3138360Z   duration_ms: 0.255085
typecheck, test, PostgreSQL, e2e, build	Unit tests	2026-10-06T03:37:29.3138608Z   type: 'test'
typecheck, test, PostgreSQL, e2e, build	Unit tests	2026-10-06T03:37:29.3138808Z   ...
typecheck, test, PostgreSQL, e2e, build	Unit tests	2026-10-06T03:37:29.3139263Z # Subtest: Detail lookup never substitutes a similar transaction or another Ledger
typecheck, test, PostgreSQL, e2e, build	Unit tests	2026-10-06T03:37:29.3139900Z ok 293 - Detail lookup never substitutes a similar transaction or another Ledger
typecheck, test, PostgreSQL, e2e, build	Unit tests	2026-10-06T03:37:29.3140322Z   ---
typecheck, test, PostgreSQL, e2e, build	Unit tests	2026-10-06T03:37:29.3140513Z   duration_ms: 0.37048
typecheck, test, PostgreSQL, e2e, build	Unit tests	2026-10-06T03:37:29.3140752Z   type: 'test'
typecheck, test, PostgreSQL, e2e, build	Unit tests	2026-10-06T03:37:29.3140961Z   ...
typecheck, test, PostgreSQL, e2e, build	Unit tests	2026-10-06T03:37:29.3141311Z # Subtest: expense payer summary distinguishes you and partner
typecheck, test, PostgreSQL, e2e, build	Unit tests	2026-10-06T03:37:29.3141808Z ok 294 - expense payer summary distinguishes you and partner
typecheck, test, PostgreSQL, e2e, build	Unit tests	2026-10-06T03:37:29.3142171Z   ---
typecheck, test, PostgreSQL, e2e, build	Unit tests	2026-10-06T03:37:29.3142363Z   duration_ms: 0.362696
typecheck, test, PostgreSQL, e2e, build	Unit tests	2026-10-06T03:37:29.3142603Z   type: 'test'
typecheck, test, PostgreSQL, e2e, build	Unit tests	2026-10-06T03:37:29.3142808Z   ...
typecheck, test, PostgreSQL, e2e, build	Unit tests	2026-10-06T03:37:29.3143161Z # Subtest: both-payer expense summary hides individual amounts
typecheck, test, PostgreSQL, e2e, build	Unit tests	2026-10-06T03:37:29.3143864Z ok 295 - both-payer expense summary hides individual amounts
typecheck, test, PostgreSQL, e2e, build	Unit tests	2026-10-06T03:37:29.3144210Z   ---
typecheck, test, PostgreSQL, e2e, build	Unit tests	2026-10-06T03:37:29.3144547Z   duration_ms: 0.167342
typecheck, test, PostgreSQL, e2e, build	Unit tests	2026-10-06T03:37:29.3144789Z   type: 'test'
typecheck, test, PostgreSQL, e2e, build	Unit tests	2026-10-06T03:37:29.3145218Z   ...
typecheck, test, PostgreSQL, e2e, build	Unit tests	2026-10-06T03:37:29.3145633Z # Subtest: zero allocations are not described as another active payer
typecheck, test, PostgreSQL, e2e, build	Unit tests	2026-10-06T03:37:29.3146211Z ok 296 - zero allocations are not described as another active payer
typecheck, test, PostgreSQL, e2e, build	Unit tests	2026-10-06T03:37:29.3164012Z   ---
typecheck, test, PostgreSQL, e2e, build	Unit tests	2026-10-06T03:37:29.3164480Z   duration_ms: 0.206014
typecheck, test, PostgreSQL, e2e, build	Unit tests	2026-10-06T03:37:29.3164828Z   type: 'test'
typecheck, test, PostgreSQL, e2e, build	Unit tests	2026-10-06T03:37:29.3165321Z   ...
typecheck, test, PostgreSQL, e2e, build	Unit tests	2026-10-06T03:37:29.3165794Z # Subtest: income identifies the receiver and has an explicit type label
typecheck, test, PostgreSQL, e2e, build	Unit tests	2026-10-06T03:37:29.3166394Z ok 297 - income identifies the receiver and has an explicit type label
typecheck, test, PostgreSQL, e2e, build	Unit tests	2026-10-06T03:37:29.3166794Z   ---
typecheck, test, PostgreSQL, e2e, build	Unit tests	2026-10-06T03:37:29.3167028Z   duration_ms: 0.252821
typecheck, test, PostgreSQL, e2e, build	Unit tests	2026-10-06T03:37:29.3167271Z   type: 'test'
typecheck, test, PostgreSQL, e2e, build	Unit tests	2026-10-06T03:37:29.3167495Z   ...
typecheck, test, PostgreSQL, e2e, build	Unit tests	2026-10-06T03:37:29.3167856Z # Subtest: income received by both uses receiver language
typecheck, test, PostgreSQL, e2e, build	Unit tests	2026-10-06T03:37:29.3168401Z ok 298 - income received by both uses receiver language
typecheck, test, PostgreSQL, e2e, build	Unit tests	2026-10-06T03:37:29.3168756Z   ---
typecheck, test, PostgreSQL, e2e, build	Unit tests	2026-10-06T03:37:29.3168994Z   duration_ms: 0.189153
typecheck, test, PostgreSQL, e2e, build	Unit tests	2026-10-06T03:37:29.3169254Z   type: 'test'
typecheck, test, PostgreSQL, e2e, build	Unit tests	2026-10-06T03:37:29.3169481Z   ...
typecheck, test, PostgreSQL, e2e, build	Unit tests	2026-10-06T03:37:29.3169976Z # Subtest: transfer directions describe sender to receiver without split language
typecheck, test, PostgreSQL, e2e, build	Unit tests	2026-10-06T03:37:29.3170674Z ok 299 - transfer directions describe sender to receiver without split language
typecheck, test, PostgreSQL, e2e, build	Unit tests	2026-10-06T03:37:29.3171104Z   ---
typecheck, test, PostgreSQL, e2e, build	Unit tests	2026-10-06T03:37:29.3171332Z   duration_ms: 0.313514
typecheck, test, PostgreSQL, e2e, build	Unit tests	2026-10-06T03:37:29.3171629Z   type: 'test'
typecheck, test, PostgreSQL, e2e, build	Unit tests	2026-10-06T03:37:29.3171851Z   ...
typecheck, test, PostgreSQL, e2e, build	Unit tests	2026-10-06T03:37:29.3172200Z # Subtest: huge canonical amount strings retain every digit
typecheck, test, PostgreSQL, e2e, build	Unit tests	2026-10-06T03:37:29.3172707Z ok 300 - huge canonical amount strings retain every digit
typecheck, test, PostgreSQL, e2e, build	Unit tests	2026-10-06T03:37:29.3173049Z   ---
typecheck, test, PostgreSQL, e2e, build	Unit tests	2026-10-06T03:37:29.3173275Z   duration_ms: 10.708294
typecheck, test, PostgreSQL, e2e, build	Unit tests	2026-10-06T03:37:29.3173526Z   type: 'test'
typecheck, test, PostgreSQL, e2e, build	Unit tests	2026-10-06T03:37:29.3173751Z   ...
typecheck, test, PostgreSQL, e2e, build	Unit tests	2026-10-06T03:37:29.3174220Z # Subtest: invalid amounts are not silently rounded into a different financial value
typecheck, test, PostgreSQL, e2e, build	Unit tests	2026-10-06T03:37:29.3174919Z ok 301 - invalid amounts are not silently rounded into a different financial value
typecheck, test, PostgreSQL, e2e, build	Unit tests	2026-10-06T03:37:29.3175767Z   ---
typecheck, test, PostgreSQL, e2e, build	Unit tests	2026-10-06T03:37:29.3175989Z   duration_ms: 0.13443
typecheck, test, PostgreSQL, e2e, build	Unit tests	2026-10-06T03:37:29.3176231Z   type: 'test'
typecheck, test, PostgreSQL, e2e, build	Unit tests	2026-10-06T03:37:29.3176443Z   ...
typecheck, test, PostgreSQL, e2e, build	Unit tests	2026-10-06T03:37:29.3176873Z # Subtest: long purpose text stays complete for Detail and accessible row names
typecheck, test, PostgreSQL, e2e, build	Unit tests	2026-10-06T03:37:29.3177530Z ok 302 - long purpose text stays complete for Detail and accessible row names
typecheck, test, PostgreSQL, e2e, build	Unit tests	2026-10-06T03:37:29.3177930Z   ---
typecheck, test, PostgreSQL, e2e, build	Unit tests	2026-10-06T03:37:29.3178141Z   duration_ms: 0.202939
typecheck, test, PostgreSQL, e2e, build	Unit tests	2026-10-06T03:37:29.3178390Z   type: 'test'
typecheck, test, PostgreSQL, e2e, build	Unit tests	2026-10-06T03:37:29.3178583Z   ...
typecheck, test, PostgreSQL, e2e, build	Unit tests	2026-10-06T03:37:29.3178939Z # Subtest: missing purpose uses the truthful transaction type
typecheck, test, PostgreSQL, e2e, build	Unit tests	2026-10-06T03:37:29.3179451Z ok 303 - missing purpose uses the truthful transaction type
typecheck, test, PostgreSQL, e2e, build	Unit tests	2026-10-06T03:37:29.3179771Z   ---
typecheck, test, PostgreSQL, e2e, build	Unit tests	2026-10-06T03:37:29.3179971Z   duration_ms: 0.129151
typecheck, test, PostgreSQL, e2e, build	Unit tests	2026-10-06T03:37:29.3180197Z   type: 'test'
typecheck, test, PostgreSQL, e2e, build	Unit tests	2026-10-06T03:37:29.3180386Z   ...
typecheck, test, PostgreSQL, e2e, build	Unit tests	2026-10-06T03:37:29.3180888Z # Subtest: stored and archived category data remain truthful without a fabricated replacement
typecheck, test, PostgreSQL, e2e, build	Unit tests	2026-10-06T03:37:29.3181598Z ok 304 - stored and archived category data remain truthful without a fabricated replacement
typecheck, test, PostgreSQL, e2e, build	Unit tests	2026-10-06T03:37:29.3182062Z   ---
typecheck, test, PostgreSQL, e2e, build	Unit tests	2026-10-06T03:37:29.3182257Z   duration_ms: 0.329003
typecheck, test, PostgreSQL, e2e, build	Unit tests	2026-10-06T03:37:29.3182541Z   type: 'test'
typecheck, test, PostgreSQL, e2e, build	Unit tests	2026-10-06T03:37:29.3182855Z   ...
typecheck, test, PostgreSQL, e2e, build	Unit tests	2026-10-06T03:37:29.3183561Z # Subtest: void proof matches resource, action and expected version
typecheck, test, PostgreSQL, e2e, build	Unit tests	2026-10-06T03:37:29.3184174Z ok 305 - void proof matches resource, action and expected version
typecheck, test, PostgreSQL, e2e, build	Unit tests	2026-10-06T03:37:29.3184520Z   ---
typecheck, test, PostgreSQL, e2e, build	Unit tests	2026-10-06T03:37:29.3184762Z   duration_ms: 2.111244
typecheck, test, PostgreSQL, e2e, build	Unit tests	2026-10-06T03:37:29.3185244Z   type: 'test'
typecheck, test, PostgreSQL, e2e, build	Unit tests	2026-10-06T03:37:29.3185486Z   ...
typecheck, test, PostgreSQL, e2e, build	Unit tests	2026-10-06T03:37:29.3185929Z # Subtest: restore uses existing posted response proof
typecheck, test, PostgreSQL, e2e, build	Unit tests	2026-10-06T03:37:29.3186355Z ok 306 - restore uses existing posted response proof
typecheck, test, PostgreSQL, e2e, build	Unit tests	2026-10-06T03:37:29.3186845Z   ---
typecheck, test, PostgreSQL, e2e, build	Unit tests	2026-10-06T03:37:29.3187046Z   duration_ms: 0.326509
typecheck, test, PostgreSQL, e2e, build	Unit tests	2026-10-06T03:37:29.3187266Z   type: 'test'
typecheck, test, PostgreSQL, e2e, build	Unit tests	2026-10-06T03:37:29.3187569Z   ...
typecheck, test, PostgreSQL, e2e, build	Unit tests	2026-10-06T03:37:29.3188002Z # Subtest: ok alone, wrong object, wrong action and stale versions do not prove mutation
typecheck, test, PostgreSQL, e2e, build	Unit tests	2026-10-06T03:37:29.3188647Z ok 307 - ok alone, wrong object, wrong action and stale versions do not prove mutation
typecheck, test, PostgreSQL, e2e, build	Unit tests	2026-10-06T03:37:29.3189049Z   ---
typecheck, test, PostgreSQL, e2e, build	Unit tests	2026-10-06T03:37:29.3189246Z   duration_ms: 0.236611
typecheck, test, PostgreSQL, e2e, build	Unit tests	2026-10-06T03:37:29.3189463Z   type: 'test'
typecheck, test, PostgreSQL, e2e, build	Unit tests	2026-10-06T03:37:29.3189660Z   ...
typecheck, test, PostgreSQL, e2e, build	Unit tests	2026-10-06T03:37:29.3190048Z # Subtest: V2 proposal input is TWD-only and bounded to a small atomic batch
typecheck, test, PostgreSQL, e2e, build	Unit tests	2026-10-06T03:37:29.3190623Z ok 308 - V2 proposal input is TWD-only and bounded to a small atomic batch
typecheck, test, PostgreSQL, e2e, build	Unit tests	2026-10-06T03:37:29.3190989Z   ---
typecheck, test, PostgreSQL, e2e, build	Unit tests	2026-10-06T03:37:29.3191178Z   duration_ms: 5.89268
typecheck, test, PostgreSQL, e2e, build	Unit tests	2026-10-06T03:37:29.3191398Z   type: 'test'
typecheck, test, PostgreSQL, e2e, build	Unit tests	2026-10-06T03:37:29.3191588Z   ...
typecheck, test, PostgreSQL, e2e, build	Unit tests	2026-10-06T03:37:29.3192031Z # Subtest: V2 transaction and recurring contracts reject non-TWD or malformed scope fields
typecheck, test, PostgreSQL, e2e, build	Unit tests	2026-10-06T03:37:29.3192712Z ok 309 - V2 transaction and recurring contracts reject non-TWD or malformed scope fields
typecheck, test, PostgreSQL, e2e, build	Unit tests	2026-10-06T03:37:29.3193165Z   ---
typecheck, test, PostgreSQL, e2e, build	Unit tests	2026-10-06T03:37:29.3193354Z   duration_ms: 2.575729
typecheck, test, PostgreSQL, e2e, build	Unit tests	2026-10-06T03:37:29.3193577Z   type: 'test'
typecheck, test, PostgreSQL, e2e, build	Unit tests	2026-10-06T03:37:29.3193766Z   ...
typecheck, test, PostgreSQL, e2e, build	Unit tests	2026-10-06T03:37:29.3194230Z # Subtest: LINE AI adapter accepts only a bounded proposal shape and never an accounting command
typecheck, test, PostgreSQL, e2e, build	Unit tests	2026-10-06T03:37:29.3194944Z ok 310 - LINE AI adapter accepts only a bounded proposal shape and never an accounting command
typecheck, test, PostgreSQL, e2e, build	Unit tests	2026-10-06T03:37:29.3195687Z   ---
typecheck, test, PostgreSQL, e2e, build	Unit tests	2026-10-06T03:37:29.3195883Z   duration_ms: 2.301939
typecheck, test, PostgreSQL, e2e, build	Unit tests	2026-10-06T03:37:29.3196097Z   type: 'test'
typecheck, test, PostgreSQL, e2e, build	Unit tests	2026-10-06T03:37:29.3196291Z   ...
typecheck, test, PostgreSQL, e2e, build	Unit tests	2026-10-06T03:37:29.3196722Z # Subtest: LINE AI adapter validates versioned multi-command and income/refund proposals
typecheck, test, PostgreSQL, e2e, build	Unit tests	2026-10-06T03:37:29.3197405Z ok 311 - LINE AI adapter validates versioned multi-command and income/refund proposals
typecheck, test, PostgreSQL, e2e, build	Unit tests	2026-10-06T03:37:29.3197817Z   ---
typecheck, test, PostgreSQL, e2e, build	Unit tests	2026-10-06T03:37:29.3198003Z   duration_ms: 0.610468
typecheck, test, PostgreSQL, e2e, build	Unit tests	2026-10-06T03:37:29.3198222Z   type: 'test'
typecheck, test, PostgreSQL, e2e, build	Unit tests	2026-10-06T03:37:29.3198416Z   ...
typecheck, test, PostgreSQL, e2e, build	Unit tests	2026-10-06T03:37:29.3198833Z # Subtest: LINE deterministic parser distinguishes refunds from partner transfers
typecheck, test, PostgreSQL, e2e, build	Unit tests	2026-10-06T03:37:29.3199457Z ok 312 - LINE deterministic parser distinguishes refunds from partner transfers
typecheck, test, PostgreSQL, e2e, build	Unit tests	2026-10-06T03:37:29.3199856Z   ---
typecheck, test, PostgreSQL, e2e, build	Unit tests	2026-10-06T03:37:29.3200047Z   duration_ms: 1.720275
typecheck, test, PostgreSQL, e2e, build	Unit tests	2026-10-06T03:37:29.3200262Z   type: 'test'
typecheck, test, PostgreSQL, e2e, build	Unit tests	2026-10-06T03:37:29.3200454Z   ...
typecheck, test, PostgreSQL, e2e, build	Unit tests	2026-10-06T03:37:29.3200850Z # Subtest: LINE direct-post acknowledgement includes a safe V2 undo deep link
typecheck, test, PostgreSQL, e2e, build	Unit tests	2026-10-06T03:37:29.3201855Z ok 313 - LINE direct-post acknowledgement includes a safe V2 undo deep link
typecheck, test, PostgreSQL, e2e, build	Unit tests	2026-10-06T03:37:29.3202552Z   ---
typecheck, test, PostgreSQL, e2e, build	Unit tests	2026-10-06T03:37:29.3202906Z   duration_ms: 13.095502
typecheck, test, PostgreSQL, e2e, build	Unit tests	2026-10-06T03:37:29.3203295Z   type: 'test'
typecheck, test, PostgreSQL, e2e, build	Unit tests	2026-10-06T03:37:29.3203627Z   ...
typecheck, test, PostgreSQL, e2e, build	Unit tests	2026-10-06T03:37:29.3203927Z 1..313
typecheck, test, PostgreSQL, e2e, build	Unit tests	2026-10-06T03:37:29.3204249Z # tests 313
typecheck, test, PostgreSQL, e2e, build	Unit tests	2026-10-06T03:37:29.3204579Z # suites 0
typecheck, test, PostgreSQL, e2e, build	Unit tests	2026-10-06T03:37:29.3204908Z # pass 313
typecheck, test, PostgreSQL, e2e, build	Unit tests	2026-10-06T03:37:29.3205439Z # fail 0
typecheck, test, PostgreSQL, e2e, build	Unit tests	2026-10-06T03:37:29.3205759Z # cancelled 0
typecheck, test, PostgreSQL, e2e, build	Unit tests	2026-10-06T03:37:29.3206098Z # skipped 0
typecheck, test, PostgreSQL, e2e, build	Unit tests	2026-10-06T03:37:29.3206411Z # todo 0
typecheck, test, PostgreSQL, e2e, build	Unit tests	2026-10-06T03:37:29.3206767Z # duration_ms 8292.214529
typecheck, test, PostgreSQL, e2e, build	V3-0 critical PostgreSQL gates (no skips)	﻿2026-10-06T03:37:29.3288336Z ##[group]Run pnpm test:v3:pg
typecheck, test, PostgreSQL, e2e, build	V3-0 critical PostgreSQL gates (no skips)	2026-10-06T03:37:29.3288652Z ^[[36;1mpnpm test:v3:pg^[[0m
typecheck, test, PostgreSQL, e2e, build	V3-0 critical PostgreSQL gates (no skips)	2026-10-06T03:37:29.3289000Z ^[[36;1mpnpm exec tsx scripts/test-v3-0-release-pg.ts test:precutover^[[0m
typecheck, test, PostgreSQL, e2e, build	V3-0 critical PostgreSQL gates (no skips)	2026-10-06T03:37:29.3289482Z ^[[36;1mpnpm exec tsx scripts/test-v3-0-release-pg.ts test:incident^[[0m
typecheck, test, PostgreSQL, e2e, build	V3-0 critical PostgreSQL gates (no skips)	2026-10-06T03:37:29.3353652Z shell: /usr/bin/bash -e {0}
typecheck, test, PostgreSQL, e2e, build	V3-0 critical PostgreSQL gates (no skips)	2026-10-06T03:37:29.3353931Z env:
typecheck, test, PostgreSQL, e2e, build	V3-0 critical PostgreSQL gates (no skips)	2026-10-06T03:37:29.3354218Z   PNPM_HOME: /home/runner/setup-pnpm/node_modules/.bin
typecheck, test, PostgreSQL, e2e, build	V3-0 critical PostgreSQL gates (no skips)	2026-10-06T03:37:29.3354852Z   V3_PG_ADMIN_URL: ***localhost:5432/postgres
typecheck, test, PostgreSQL, e2e, build	V3-0 critical PostgreSQL gates (no skips)	2026-10-06T03:37:29.3355423Z ##[endgroup]
typecheck, test, PostgreSQL, e2e, build	V3-0 critical PostgreSQL gates (no skips)	2026-10-06T03:37:29.7420078Z $ tsx scripts/test-v3-0-pg.ts
typecheck, test, PostgreSQL, e2e, build	V3-0 critical PostgreSQL gates (no skips)	2026-10-06T03:37:30.7910760Z TAP version 13
typecheck, test, PostgreSQL, e2e, build	V3-0 critical PostgreSQL gates (no skips)	2026-10-06T03:37:31.5803460Z # Subtest: F1 refusal: zero financial write
typecheck, test, PostgreSQL, e2e, build	V3-0 critical PostgreSQL gates (no skips)	2026-10-06T03:37:31.5810078Z ok 1 - F1 refusal: zero financial write
typecheck, test, PostgreSQL, e2e, build	V3-0 critical PostgreSQL gates (no skips)	2026-10-06T03:37:31.5810684Z   ---
typecheck, test, PostgreSQL, e2e, build	V3-0 critical PostgreSQL gates (no skips)	2026-10-06T03:37:31.5811084Z   duration_ms: 64.515503
typecheck, test, PostgreSQL, e2e, build	V3-0 critical PostgreSQL gates (no skips)	2026-10-06T03:37:31.5811758Z   type: 'test'
typecheck, test, PostgreSQL, e2e, build	V3-0 critical PostgreSQL gates (no skips)	2026-10-06T03:37:31.5812222Z   ...
typecheck, test, PostgreSQL, e2e, build	V3-0 critical PostgreSQL gates (no skips)	2026-10-06T03:37:31.5822632Z # Subtest: F1 negation: zero financial write
typecheck, test, PostgreSQL, e2e, build	V3-0 critical PostgreSQL gates (no skips)	2026-10-06T03:37:31.5829818Z ok 2 - F1 negation: zero financial write
typecheck, test, PostgreSQL, e2e, build	V3-0 critical PostgreSQL gates (no skips)	2026-10-06T03:37:31.5830405Z   ---
typecheck, test, PostgreSQL, e2e, build	V3-0 critical PostgreSQL gates (no skips)	2026-10-06T03:37:31.5830793Z   duration_ms: 2.186895
typecheck, test, PostgreSQL, e2e, build	V3-0 critical PostgreSQL gates (no skips)	2026-10-06T03:37:31.5831252Z   type: 'test'
typecheck, test, PostgreSQL, e2e, build	V3-0 critical PostgreSQL gates (no skips)	2026-10-06T03:37:31.5831636Z   ...
typecheck, test, PostgreSQL, e2e, build	V3-0 critical PostgreSQL gates (no skips)	2026-10-06T03:37:31.5839128Z # Subtest: F1 multi-command: zero financial write
typecheck, test, PostgreSQL, e2e, build	V3-0 critical PostgreSQL gates (no skips)	2026-10-06T03:37:31.5844418Z ok 3 - F1 multi-command: zero financial write
typecheck, test, PostgreSQL, e2e, build	V3-0 critical PostgreSQL gates (no skips)	2026-10-06T03:37:31.5845970Z   ---
typecheck, test, PostgreSQL, e2e, build	V3-0 critical PostgreSQL gates (no skips)	2026-10-06T03:37:31.5846379Z   duration_ms: 1.630859
typecheck, test, PostgreSQL, e2e, build	V3-0 critical PostgreSQL gates (no skips)	2026-10-06T03:37:31.5846803Z   type: 'test'
typecheck, test, PostgreSQL, e2e, build	V3-0 critical PostgreSQL gates (no skips)	2026-10-06T03:37:31.5847152Z   ...
typecheck, test, PostgreSQL, e2e, build	V3-0 critical PostgreSQL gates (no skips)	2026-10-06T03:37:31.5856445Z # Subtest: F1 decimal: zero financial write
typecheck, test, PostgreSQL, e2e, build	V3-0 critical PostgreSQL gates (no skips)	2026-10-06T03:37:31.5860997Z ok 4 - F1 decimal: zero financial write
typecheck, test, PostgreSQL, e2e, build	V3-0 critical PostgreSQL gates (no skips)	2026-10-06T03:37:31.5861474Z   ---
typecheck, test, PostgreSQL, e2e, build	V3-0 critical PostgreSQL gates (no skips)	2026-10-06T03:37:31.5861697Z   duration_ms: 1.546081
typecheck, test, PostgreSQL, e2e, build	V3-0 critical PostgreSQL gates (no skips)	2026-10-06T03:37:31.5861944Z   type: 'test'
typecheck, test, PostgreSQL, e2e, build	V3-0 critical PostgreSQL gates (no skips)	2026-10-06T03:37:31.5862152Z   ...
typecheck, test, PostgreSQL, e2e, build	V3-0 critical PostgreSQL gates (no skips)	2026-10-06T03:37:31.5870342Z # Subtest: F1 foreign currency: zero financial write
typecheck, test, PostgreSQL, e2e, build	V3-0 critical PostgreSQL gates (no skips)	2026-10-06T03:37:31.5872543Z ok 5 - F1 foreign currency: zero financial write
typecheck, test, PostgreSQL, e2e, build	V3-0 critical PostgreSQL gates (no skips)	2026-10-06T03:37:31.5873230Z   ---
typecheck, test, PostgreSQL, e2e, build	V3-0 critical PostgreSQL gates (no skips)	2026-10-06T03:37:31.5873629Z   duration_ms: 1.374423
typecheck, test, PostgreSQL, e2e, build	V3-0 critical PostgreSQL gates (no skips)	2026-10-06T03:37:31.5873928Z   type: 'test'
typecheck, test, PostgreSQL, e2e, build	V3-0 critical PostgreSQL gates (no skips)	2026-10-06T03:37:31.5874130Z   ...
typecheck, test, PostgreSQL, e2e, build	V3-0 critical PostgreSQL gates (no skips)	2026-10-06T03:37:31.5890485Z # Subtest: F1 date-like integers: zero financial write
typecheck, test, PostgreSQL, e2e, build	V3-0 critical PostgreSQL gates (no skips)	2026-10-06T03:37:31.5891713Z ok 6 - F1 date-like integers: zero financial write
typecheck, test, PostgreSQL, e2e, build	V3-0 critical PostgreSQL gates (no skips)	2026-10-06T03:37:31.5892531Z   ---
typecheck, test, PostgreSQL, e2e, build	V3-0 critical PostgreSQL gates (no skips)	2026-10-06T03:37:31.5893201Z   duration_ms: 1.412642
typecheck, test, PostgreSQL, e2e, build	V3-0 critical PostgreSQL gates (no skips)	2026-10-06T03:37:31.5893850Z   type: 'test'
typecheck, test, PostgreSQL, e2e, build	V3-0 critical PostgreSQL gates (no skips)	2026-10-06T03:37:31.5894428Z   ...
typecheck, test, PostgreSQL, e2e, build	V3-0 critical PostgreSQL gates (no skips)	2026-10-06T03:37:31.5902881Z # Subtest: F1 ambiguous numbers: zero financial write
typecheck, test, PostgreSQL, e2e, build	V3-0 critical PostgreSQL gates (no skips)	2026-10-06T03:37:31.5903919Z ok 7 - F1 ambiguous numbers: zero financial write
typecheck, test, PostgreSQL, e2e, build	V3-0 critical PostgreSQL gates (no skips)	2026-10-06T03:37:31.5904489Z   ---
typecheck, test, PostgreSQL, e2e, build	V3-0 critical PostgreSQL gates (no skips)	2026-10-06T03:37:31.5904851Z   duration_ms: 1.369361
typecheck, test, PostgreSQL, e2e, build	V3-0 critical PostgreSQL gates (no skips)	2026-10-06T03:37:31.5905530Z   type: 'test'
typecheck, test, PostgreSQL, e2e, build	V3-0 critical PostgreSQL gates (no skips)	2026-10-06T03:37:31.5905881Z   ...
typecheck, test, PostgreSQL, e2e, build	V3-0 critical PostgreSQL gates (no skips)	2026-10-06T03:37:31.5923055Z # Subtest: F1 unsupported kind: zero financial write
typecheck, test, PostgreSQL, e2e, build	V3-0 critical PostgreSQL gates (no skips)	2026-10-06T03:37:31.5925611Z ok 8 - F1 unsupported kind: zero financial write
typecheck, test, PostgreSQL, e2e, build	V3-0 critical PostgreSQL gates (no skips)	2026-10-06T03:37:31.5928088Z   ---
typecheck, test, PostgreSQL, e2e, build	V3-0 critical PostgreSQL gates (no skips)	2026-10-06T03:37:31.5928759Z   duration_ms: 2.143312
typecheck, test, PostgreSQL, e2e, build	V3-0 critical PostgreSQL gates (no skips)	2026-10-06T03:37:31.5929194Z   type: 'test'
typecheck, test, PostgreSQL, e2e, build	V3-0 critical PostgreSQL gates (no skips)	2026-10-06T03:37:31.5929525Z   ...
typecheck, test, PostgreSQL, e2e, build	V3-0 critical PostgreSQL gates (no skips)	2026-10-06T03:37:31.5940859Z # Subtest: F1 missing payer: zero financial write
typecheck, test, PostgreSQL, e2e, build	V3-0 critical PostgreSQL gates (no skips)	2026-10-06T03:37:31.5944901Z ok 9 - F1 missing payer: zero financial write
typecheck, test, PostgreSQL, e2e, build	V3-0 critical PostgreSQL gates (no skips)	2026-10-06T03:37:31.5946069Z   ---
typecheck, test, PostgreSQL, e2e, build	V3-0 critical PostgreSQL gates (no skips)	2026-10-06T03:37:31.5946505Z   duration_ms: 1.726293
typecheck, test, PostgreSQL, e2e, build	V3-0 critical PostgreSQL gates (no skips)	2026-10-06T03:37:31.5946957Z   type: 'test'
typecheck, test, PostgreSQL, e2e, build	V3-0 critical PostgreSQL gates (no skips)	2026-10-06T03:37:31.5947333Z   ...
typecheck, test, PostgreSQL, e2e, build	V3-0 critical PostgreSQL gates (no skips)	2026-10-06T03:37:31.5956230Z # Subtest: F1 unknown shares: zero financial write
typecheck, test, PostgreSQL, e2e, build	V3-0 critical PostgreSQL gates (no skips)	2026-10-06T03:37:31.5958939Z ok 10 - F1 unknown shares: zero financial write
typecheck, test, PostgreSQL, e2e, build	V3-0 critical PostgreSQL gates (no skips)	2026-10-06T03:37:31.5959782Z   ---
typecheck, test, PostgreSQL, e2e, build	V3-0 critical PostgreSQL gates (no skips)	2026-10-06T03:37:31.5960240Z   duration_ms: 1.540406
typecheck, test, PostgreSQL, e2e, build	V3-0 critical PostgreSQL gates (no skips)	2026-10-06T03:37:31.5960695Z   type: 'test'
typecheck, test, PostgreSQL, e2e, build	V3-0 critical PostgreSQL gates (no skips)	2026-10-06T03:37:31.5961074Z   ...
typecheck, test, PostgreSQL, e2e, build	V3-0 critical PostgreSQL gates (no skips)	2026-10-06T03:37:31.5969346Z # Subtest: F1 relative date: zero financial write
typecheck, test, PostgreSQL, e2e, build	V3-0 critical PostgreSQL gates (no skips)	2026-10-06T03:37:31.5971494Z ok 11 - F1 relative date: zero financial write
typecheck, test, PostgreSQL, e2e, build	V3-0 critical PostgreSQL gates (no skips)	2026-10-06T03:37:31.5972394Z   ---
typecheck, test, PostgreSQL, e2e, build	V3-0 critical PostgreSQL gates (no skips)	2026-10-06T03:37:31.5973212Z   duration_ms: 1.22911
typecheck, test, PostgreSQL, e2e, build	V3-0 critical PostgreSQL gates (no skips)	2026-10-06T03:37:31.5973517Z   type: 'test'
typecheck, test, PostgreSQL, e2e, build	V3-0 critical PostgreSQL gates (no skips)	2026-10-06T03:37:31.5973805Z   ...
typecheck, test, PostgreSQL, e2e, build	V3-0 critical PostgreSQL gates (no skips)	2026-10-06T03:37:31.5991527Z # Subtest: F1 refund with old payer: zero financial write
typecheck, test, PostgreSQL, e2e, build	V3-0 critical PostgreSQL gates (no skips)	2026-10-06T03:37:31.5996713Z ok 12 - F1 refund with old payer: zero financial write
typecheck, test, PostgreSQL, e2e, build	V3-0 critical PostgreSQL gates (no skips)	2026-10-06T03:37:31.5997588Z   ---
typecheck, test, PostgreSQL, e2e, build	V3-0 critical PostgreSQL gates (no skips)	2026-10-06T03:37:31.5998152Z   duration_ms: 1.29491
typecheck, test, PostgreSQL, e2e, build	V3-0 critical PostgreSQL gates (no skips)	2026-10-06T03:37:31.5998952Z   type: 'test'
typecheck, test, PostgreSQL, e2e, build	V3-0 critical PostgreSQL gates (no skips)	2026-10-06T03:37:31.5999608Z   ...
typecheck, test, PostgreSQL, e2e, build	V3-0 critical PostgreSQL gates (no skips)	2026-10-06T03:37:31.6352308Z # v2_notification_outbox_enqueued {
typecheck, test, PostgreSQL, e2e, build	V3-0 critical PostgreSQL gates (no skips)	2026-10-06T03:37:31.6353120Z #   transactionId: 'e847ec5a-72a4-4fb9-b0a2-2b9219d7848f',
typecheck, test, PostgreSQL, e2e, build	V3-0 critical PostgreSQL gates (no skips)	2026-10-06T03:37:31.6354350Z #   dedupeKey: 'v2:transaction:e847ec5a-72a4-4fb9-b0a2-2b9219d7848f:user:22222222-2222-4222-8222-222222222222'
typecheck, test, PostgreSQL, e2e, build	V3-0 critical PostgreSQL gates (no skips)	2026-10-06T03:37:31.6355758Z # }
typecheck, test, PostgreSQL, e2e, build	V3-0 critical PostgreSQL gates (no skips)	2026-10-06T03:37:31.6563669Z # v2_notification_outbox_enqueued {
typecheck, test, PostgreSQL, e2e, build	V3-0 critical PostgreSQL gates (no skips)	2026-10-06T03:37:31.6564774Z #   transactionId: 'c6caa5c4-f865-4366-81a8-dfe0dad6a28e',
typecheck, test, PostgreSQL, e2e, build	V3-0 critical PostgreSQL gates (no skips)	2026-10-06T03:37:31.6565986Z #   dedupeKey: 'v2:transaction:c6caa5c4-f865-4366-81a8-dfe0dad6a28e:user:22222222-2222-4222-8222-222222222222'
typecheck, test, PostgreSQL, e2e, build	V3-0 critical PostgreSQL gates (no skips)	2026-10-06T03:37:31.6566832Z # }
typecheck, test, PostgreSQL, e2e, build	V3-0 critical PostgreSQL gates (no skips)	2026-10-06T03:37:31.6737013Z # v2_notification_outbox_enqueued {
typecheck, test, PostgreSQL, e2e, build	V3-0 critical PostgreSQL gates (no skips)	2026-10-06T03:37:31.6740736Z #   transactionId: '54cf528b-eb71-4a59-8614-634a5f753073',
typecheck, test, PostgreSQL, e2e, build	V3-0 critical PostgreSQL gates (no skips)	2026-10-06T03:37:31.6741979Z #   dedupeKey: 'v2:transaction:54cf528b-eb71-4a59-8614-634a5f753073:user:22222222-2222-4222-8222-222222222222'
typecheck, test, PostgreSQL, e2e, build	V3-0 critical PostgreSQL gates (no skips)	2026-10-06T03:37:31.6742929Z # }
typecheck, test, PostgreSQL, e2e, build	V3-0 critical PostgreSQL gates (no skips)	2026-10-06T03:37:31.6778552Z # Subtest: F1 supported deterministic expense, income and transfer preserve normal entry
typecheck, test, PostgreSQL, e2e, build	V3-0 critical PostgreSQL gates (no skips)	2026-10-06T03:37:31.6780301Z ok 13 - F1 supported deterministic expense, income and transfer preserve normal entry
typecheck, test, PostgreSQL, e2e, build	V3-0 critical PostgreSQL gates (no skips)	2026-10-06T03:37:31.6781248Z   ---
typecheck, test, PostgreSQL, e2e, build	V3-0 critical PostgreSQL gates (no skips)	2026-10-06T03:37:31.6781625Z   duration_ms: 79.080433
typecheck, test, PostgreSQL, e2e, build	V3-0 critical PostgreSQL gates (no skips)	2026-10-06T03:37:31.6782067Z   type: 'test'
typecheck, test, PostgreSQL, e2e, build	V3-0 critical PostgreSQL gates (no skips)	2026-10-06T03:37:31.6782440Z   ...
typecheck, test, PostgreSQL, e2e, build	V3-0 critical PostgreSQL gates (no skips)	2026-10-06T03:37:31.7070769Z # Subtest: F1 audio and AI-derived sources never inherit direct-save eligibility
typecheck, test, PostgreSQL, e2e, build	V3-0 critical PostgreSQL gates (no skips)	2026-10-06T03:37:31.7073873Z ok 14 - F1 audio and AI-derived sources never inherit direct-save eligibility
typecheck, test, PostgreSQL, e2e, build	V3-0 critical PostgreSQL gates (no skips)	2026-10-06T03:37:31.7074757Z   ---
typecheck, test, PostgreSQL, e2e, build	V3-0 critical PostgreSQL gates (no skips)	2026-10-06T03:37:31.7075362Z   duration_ms: 29.583867
typecheck, test, PostgreSQL, e2e, build	V3-0 critical PostgreSQL gates (no skips)	2026-10-06T03:37:31.7075801Z   type: 'test'
typecheck, test, PostgreSQL, e2e, build	V3-0 critical PostgreSQL gates (no skips)	2026-10-06T03:37:31.7082215Z   ...
typecheck, test, PostgreSQL, e2e, build	V3-0 critical PostgreSQL gates (no skips)	2026-10-06T03:37:31.7097116Z # Subtest: F1 explicit Ledger must match exactly, never by substring
typecheck, test, PostgreSQL, e2e, build	V3-0 critical PostgreSQL gates (no skips)	2026-10-06T03:37:31.7100258Z ok 15 - F1 explicit Ledger must match exactly, never by substring
typecheck, test, PostgreSQL, e2e, build	V3-0 critical PostgreSQL gates (no skips)	2026-10-06T03:37:31.7101281Z   ---
typecheck, test, PostgreSQL, e2e, build	V3-0 critical PostgreSQL gates (no skips)	2026-10-06T03:37:31.7101535Z   duration_ms: 2.534783
typecheck, test, PostgreSQL, e2e, build	V3-0 critical PostgreSQL gates (no skips)	2026-10-06T03:37:31.7101786Z   type: 'test'
typecheck, test, PostgreSQL, e2e, build	V3-0 critical PostgreSQL gates (no skips)	2026-10-06T03:37:31.7102143Z   ...
typecheck, test, PostgreSQL, e2e, build	V3-0 critical PostgreSQL gates (no skips)	2026-10-06T03:37:31.7237183Z # v2_notification_outbox_enqueued {
typecheck, test, PostgreSQL, e2e, build	V3-0 critical PostgreSQL gates (no skips)	2026-10-06T03:37:31.7238219Z #   transactionId: 'b5327ad6-35db-40f1-a01c-45f99b44cf93',
typecheck, test, PostgreSQL, e2e, build	V3-0 critical PostgreSQL gates (no skips)	2026-10-06T03:37:31.7239407Z #   dedupeKey: 'v2:transaction:b5327ad6-35db-40f1-a01c-45f99b44cf93:user:22222222-2222-4222-8222-222222222222'
typecheck, test, PostgreSQL, e2e, build	V3-0 critical PostgreSQL gates (no skips)	2026-10-06T03:37:31.7240073Z # }
typecheck, test, PostgreSQL, e2e, build	V3-0 critical PostgreSQL gates (no skips)	2026-10-06T03:37:31.7334673Z # Subtest: F4 same scope replay and concurrent duplicate have one canonical effect
typecheck, test, PostgreSQL, e2e, build	V3-0 critical PostgreSQL gates (no skips)	2026-10-06T03:37:31.7338592Z ok 16 - F4 same scope replay and concurrent duplicate have one canonical effect
typecheck, test, PostgreSQL, e2e, build	V3-0 critical PostgreSQL gates (no skips)	2026-10-06T03:37:31.7339440Z   ---
typecheck, test, PostgreSQL, e2e, build	V3-0 critical PostgreSQL gates (no skips)	2026-10-06T03:37:31.7339843Z   duration_ms: 23.787785
typecheck, test, PostgreSQL, e2e, build	V3-0 critical PostgreSQL gates (no skips)	2026-10-06T03:37:31.7340307Z   type: 'test'
typecheck, test, PostgreSQL, e2e, build	V3-0 critical PostgreSQL gates (no skips)	2026-10-06T03:37:31.7340701Z   ...
typecheck, test, PostgreSQL, e2e, build	V3-0 critical PostgreSQL gates (no skips)	2026-10-06T03:37:31.7468765Z # v2_notification_outbox_enqueued {
typecheck, test, PostgreSQL, e2e, build	V3-0 critical PostgreSQL gates (no skips)	2026-10-06T03:37:31.7469662Z #   transactionId: '8c4fc91a-bb84-4bce-acf3-a8c6bc3dc8b7',
typecheck, test, PostgreSQL, e2e, build	V3-0 critical PostgreSQL gates (no skips)	2026-10-06T03:37:31.7472297Z #   dedupeKey: 'v2:transaction:8c4fc91a-bb84-4bce-acf3-a8c6bc3dc8b7:user:22222222-2222-4222-8222-222222222222'
typecheck, test, PostgreSQL, e2e, build	V3-0 critical PostgreSQL gates (no skips)	2026-10-06T03:37:31.7472847Z # }
typecheck, test, PostgreSQL, e2e, build	V3-0 critical PostgreSQL gates (no skips)	2026-10-06T03:37:31.7628605Z # v2_notification_outbox_enqueued {
typecheck, test, PostgreSQL, e2e, build	V3-0 critical PostgreSQL gates (no skips)	2026-10-06T03:37:31.7630028Z #   transactionId: 'a3e4770a-1057-4813-afce-75501ff52dfc',
typecheck, test, PostgreSQL, e2e, build	V3-0 critical PostgreSQL gates (no skips)	2026-10-06T03:37:31.7632017Z #   dedupeKey: 'v2:transaction:a3e4770a-1057-4813-afce-75501ff52dfc:user:22222222-2222-4222-8222-222222222222'
typecheck, test, PostgreSQL, e2e, build	V3-0 critical PostgreSQL gates (no skips)	2026-10-06T03:37:31.7633510Z # }
typecheck, test, PostgreSQL, e2e, build	V3-0 critical PostgreSQL gates (no skips)	2026-10-06T03:37:31.7683695Z # Subtest: F4 same key in another Ledger must not replay the first Ledger
typecheck, test, PostgreSQL, e2e, build	V3-0 critical PostgreSQL gates (no skips)	2026-10-06T03:37:31.7687647Z ok 17 - F4 same key in another Ledger must not replay the first Ledger
typecheck, test, PostgreSQL, e2e, build	V3-0 critical PostgreSQL gates (no skips)	2026-10-06T03:37:31.7688457Z   ---
typecheck, test, PostgreSQL, e2e, build	V3-0 critical PostgreSQL gates (no skips)	2026-10-06T03:37:31.7688677Z   duration_ms: 34.735885
typecheck, test, PostgreSQL, e2e, build	V3-0 critical PostgreSQL gates (no skips)	2026-10-06T03:37:31.7688963Z   type: 'test'
typecheck, test, PostgreSQL, e2e, build	V3-0 critical PostgreSQL gates (no skips)	2026-10-06T03:37:31.7689168Z   ...
typecheck, test, PostgreSQL, e2e, build	V3-0 critical PostgreSQL gates (no skips)	2026-10-06T03:37:31.7771467Z # v2_notification_outbox_enqueued {
typecheck, test, PostgreSQL, e2e, build	V3-0 critical PostgreSQL gates (no skips)	2026-10-06T03:37:31.7772432Z #   transactionId: '514dfb07-1eed-4c64-8f47-b3c4f4001ce9',
typecheck, test, PostgreSQL, e2e, build	V3-0 critical PostgreSQL gates (no skips)	2026-10-06T03:37:31.7773845Z #   dedupeKey: 'v2:transaction:514dfb07-1eed-4c64-8f47-b3c4f4001ce9:user:22222222-2222-4222-8222-222222222222'
typecheck, test, PostgreSQL, e2e, build	V3-0 critical PostgreSQL gates (no skips)	2026-10-06T03:37:31.7775532Z # }
typecheck, test, PostgreSQL, e2e, build	V3-0 critical PostgreSQL gates (no skips)	2026-10-06T03:37:31.7943463Z # v2_notification_outbox_enqueued {
typecheck, test, PostgreSQL, e2e, build	V3-0 critical PostgreSQL gates (no skips)	2026-10-06T03:37:31.7944548Z #   transactionId: 'c5bbd3e7-8016-4a20-96be-2317f49dc961',
typecheck, test, PostgreSQL, e2e, build	V3-0 critical PostgreSQL gates (no skips)	2026-10-06T03:37:31.7946330Z #   dedupeKey: 'v2:transaction:c5bbd3e7-8016-4a20-96be-2317f49dc961:user:22222222-2222-4222-8222-222222222222'
typecheck, test, PostgreSQL, e2e, build	V3-0 critical PostgreSQL gates (no skips)	2026-10-06T03:37:31.7947640Z # }
typecheck, test, PostgreSQL, e2e, build	V3-0 critical PostgreSQL gates (no skips)	2026-10-06T03:37:31.7978472Z # Subtest: F4 conflicting payload has no effect; another operation has its own scope
typecheck, test, PostgreSQL, e2e, build	V3-0 critical PostgreSQL gates (no skips)	2026-10-06T03:37:31.7980916Z ok 18 - F4 conflicting payload has no effect; another operation has its own scope
typecheck, test, PostgreSQL, e2e, build	V3-0 critical PostgreSQL gates (no skips)	2026-10-06T03:37:31.7981678Z   ---
typecheck, test, PostgreSQL, e2e, build	V3-0 critical PostgreSQL gates (no skips)	2026-10-06T03:37:31.7982067Z   duration_ms: 29.626433
typecheck, test, PostgreSQL, e2e, build	V3-0 critical PostgreSQL gates (no skips)	2026-10-06T03:37:31.7982499Z   type: 'test'
typecheck, test, PostgreSQL, e2e, build	V3-0 critical PostgreSQL gates (no skips)	2026-10-06T03:37:31.7982842Z   ...
typecheck, test, PostgreSQL, e2e, build	V3-0 critical PostgreSQL gates (no skips)	2026-10-06T03:37:31.8059598Z # v2_notification_outbox_enqueued {
typecheck, test, PostgreSQL, e2e, build	V3-0 critical PostgreSQL gates (no skips)	2026-10-06T03:37:31.8060664Z #   transactionId: 'af50a007-155c-4905-8a95-fc3b9ba02287',
typecheck, test, PostgreSQL, e2e, build	V3-0 critical PostgreSQL gates (no skips)	2026-10-06T03:37:31.8062330Z #   dedupeKey: 'v2:transaction:af50a007-155c-4905-8a95-fc3b9ba02287:user:22222222-2222-4222-8222-222222222222'
typecheck, test, PostgreSQL, e2e, build	V3-0 critical PostgreSQL gates (no skips)	2026-10-06T03:37:31.8063526Z # }
typecheck, test, PostgreSQL, e2e, build	V3-0 critical PostgreSQL gates (no skips)	2026-10-06T03:37:31.8108043Z # Subtest: F4 receipt replay cannot bypass actor membership
typecheck, test, PostgreSQL, e2e, build	V3-0 critical PostgreSQL gates (no skips)	2026-10-06T03:37:31.8112598Z ok 19 - F4 receipt replay cannot bypass actor membership
typecheck, test, PostgreSQL, e2e, build	V3-0 critical PostgreSQL gates (no skips)	2026-10-06T03:37:31.8113208Z   ---
typecheck, test, PostgreSQL, e2e, build	V3-0 critical PostgreSQL gates (no skips)	2026-10-06T03:37:31.8113580Z   duration_ms: 12.981708
typecheck, test, PostgreSQL, e2e, build	V3-0 critical PostgreSQL gates (no skips)	2026-10-06T03:37:31.8113995Z   type: 'test'
typecheck, test, PostgreSQL, e2e, build	V3-0 critical PostgreSQL gates (no skips)	2026-10-06T03:37:31.8114331Z   ...
typecheck, test, PostgreSQL, e2e, build	V3-0 critical PostgreSQL gates (no skips)	2026-10-06T03:37:31.8241507Z # Subtest: PG canonical insert rollback is atomic when an event insert fails
typecheck, test, PostgreSQL, e2e, build	V3-0 critical PostgreSQL gates (no skips)	2026-10-06T03:37:31.8248941Z ok 20 - PG canonical insert rollback is atomic when an event insert fails
typecheck, test, PostgreSQL, e2e, build	V3-0 critical PostgreSQL gates (no skips)	2026-10-06T03:37:31.8249408Z   ---
typecheck, test, PostgreSQL, e2e, build	V3-0 critical PostgreSQL gates (no skips)	2026-10-06T03:37:31.8249648Z   duration_ms: 13.135196
typecheck, test, PostgreSQL, e2e, build	V3-0 critical PostgreSQL gates (no skips)	2026-10-06T03:37:31.8249912Z   type: 'test'
typecheck, test, PostgreSQL, e2e, build	V3-0 critical PostgreSQL gates (no skips)	2026-10-06T03:37:31.8250312Z   ...
typecheck, test, PostgreSQL, e2e, build	V3-0 critical PostgreSQL gates (no skips)	2026-10-06T03:37:31.8397881Z # Subtest: PG writer active-plane, mutation fence and maintenance prevent financial effects
typecheck, test, PostgreSQL, e2e, build	V3-0 critical PostgreSQL gates (no skips)	2026-10-06T03:37:31.8399078Z ok 21 - PG writer active-plane, mutation fence and maintenance prevent financial effects
typecheck, test, PostgreSQL, e2e, build	V3-0 critical PostgreSQL gates (no skips)	2026-10-06T03:37:31.8399891Z   ---
typecheck, test, PostgreSQL, e2e, build	V3-0 critical PostgreSQL gates (no skips)	2026-10-06T03:37:31.8400363Z   duration_ms: 15.570463
typecheck, test, PostgreSQL, e2e, build	V3-0 critical PostgreSQL gates (no skips)	2026-10-06T03:37:31.8400916Z   type: 'test'
typecheck, test, PostgreSQL, e2e, build	V3-0 critical PostgreSQL gates (no skips)	2026-10-06T03:37:31.8401386Z   ...
typecheck, test, PostgreSQL, e2e, build	V3-0 critical PostgreSQL gates (no skips)	2026-10-06T03:37:31.8486142Z # v2_line_inbox_business_failure { inboxId: '1', kind: 'RETRYABLE_PROCESSING_FAILURE' }
typecheck, test, PostgreSQL, e2e, build	V3-0 critical PostgreSQL gates (no skips)	2026-10-06T03:37:31.8504602Z # Subtest: F5 temporary DB failure remains retryable
typecheck, test, PostgreSQL, e2e, build	V3-0 critical PostgreSQL gates (no skips)	2026-10-06T03:37:31.8505648Z ok 22 - F5 temporary DB failure remains retryable
typecheck, test, PostgreSQL, e2e, build	V3-0 critical PostgreSQL gates (no skips)	2026-10-06T03:37:31.8506239Z   ---
typecheck, test, PostgreSQL, e2e, build	V3-0 critical PostgreSQL gates (no skips)	2026-10-06T03:37:31.8506610Z   duration_ms: 10.621601
typecheck, test, PostgreSQL, e2e, build	V3-0 critical PostgreSQL gates (no skips)	2026-10-06T03:37:31.8507006Z   type: 'test'
typecheck, test, PostgreSQL, e2e, build	V3-0 critical PostgreSQL gates (no skips)	2026-10-06T03:37:31.8507358Z   ...
typecheck, test, PostgreSQL, e2e, build	V3-0 critical PostgreSQL gates (no skips)	2026-10-06T03:37:31.8643067Z # v2_line_inbox_business_failure { inboxId: '2', kind: 'RETRYABLE_PROCESSING_FAILURE' }
typecheck, test, PostgreSQL, e2e, build	V3-0 critical PostgreSQL gates (no skips)	2026-10-06T03:37:31.8658806Z # Subtest: F5 provider timeout remains retryable
typecheck, test, PostgreSQL, e2e, build	V3-0 critical PostgreSQL gates (no skips)	2026-10-06T03:37:31.8659791Z ok 23 - F5 provider timeout remains retryable
typecheck, test, PostgreSQL, e2e, build	V3-0 critical PostgreSQL gates (no skips)	2026-10-06T03:37:31.8660464Z   ---
typecheck, test, PostgreSQL, e2e, build	V3-0 critical PostgreSQL gates (no skips)	2026-10-06T03:37:31.8660855Z   duration_ms: 15.449427
typecheck, test, PostgreSQL, e2e, build	V3-0 critical PostgreSQL gates (no skips)	2026-10-06T03:37:31.8661290Z   type: 'test'
typecheck, test, PostgreSQL, e2e, build	V3-0 critical PostgreSQL gates (no skips)	2026-10-06T03:37:31.8661665Z   ...
typecheck, test, PostgreSQL, e2e, build	V3-0 critical PostgreSQL gates (no skips)	2026-10-06T03:37:31.8749742Z # Subtest: F5 explicit clarification is terminal without financial writes
typecheck, test, PostgreSQL, e2e, build	V3-0 critical PostgreSQL gates (no skips)	2026-10-06T03:37:31.8750868Z ok 24 - F5 explicit clarification is terminal without financial writes
typecheck, test, PostgreSQL, e2e, build	V3-0 critical PostgreSQL gates (no skips)	2026-10-06T03:37:31.8751453Z   ---
typecheck, test, PostgreSQL, e2e, build	V3-0 critical PostgreSQL gates (no skips)	2026-10-06T03:37:31.8751714Z   duration_ms: 9.11814
typecheck, test, PostgreSQL, e2e, build	V3-0 critical PostgreSQL gates (no skips)	2026-10-06T03:37:31.8751959Z   type: 'test'
typecheck, test, PostgreSQL, e2e, build	V3-0 critical PostgreSQL gates (no skips)	2026-10-06T03:37:31.8752163Z   ...
typecheck, test, PostgreSQL, e2e, build	V3-0 critical PostgreSQL gates (no skips)	2026-10-06T03:37:31.8938417Z # v2_notification_outbox_enqueued {
typecheck, test, PostgreSQL, e2e, build	V3-0 critical PostgreSQL gates (no skips)	2026-10-06T03:37:31.8939951Z #   transactionId: '3f47b401-b151-4eab-b87f-a4ade864b566',
typecheck, test, PostgreSQL, e2e, build	V3-0 critical PostgreSQL gates (no skips)	2026-10-06T03:37:31.8941521Z #   dedupeKey: 'v2:transaction:3f47b401-b151-4eab-b87f-a4ade864b566:user:22222222-2222-4222-8222-222222222222'
typecheck, test, PostgreSQL, e2e, build	V3-0 critical PostgreSQL gates (no skips)	2026-10-06T03:37:31.8942831Z # }
typecheck, test, PostgreSQL, e2e, build	V3-0 critical PostgreSQL gates (no skips)	2026-10-06T03:37:31.9022012Z # v2_line_inbox_reply_failure {
typecheck, test, PostgreSQL, e2e, build	V3-0 critical PostgreSQL gates (no skips)	2026-10-06T03:37:31.9022576Z #   inboxId: '4',
typecheck, test, PostgreSQL, e2e, build	V3-0 critical PostgreSQL gates (no skips)	2026-10-06T03:37:31.9023053Z #   disposition: 'transient',
typecheck, test, PostgreSQL, e2e, build	V3-0 critical PostgreSQL gates (no skips)	2026-10-06T03:37:31.9023762Z #   operationError: 'LINE delivery network failure'
typecheck, test, PostgreSQL, e2e, build	V3-0 critical PostgreSQL gates (no skips)	2026-10-06T03:37:31.9024566Z # }
typecheck, test, PostgreSQL, e2e, build	V3-0 critical PostgreSQL gates (no skips)	2026-10-06T03:37:31.9072044Z # Subtest: F5 successful accounting survives reply failure and duplicate webhook
typecheck, test, PostgreSQL, e2e, build	V3-0 critical PostgreSQL gates (no skips)	2026-10-06T03:37:31.9073007Z ok 25 - F5 successful accounting survives reply failure and duplicate webhook
typecheck, test, PostgreSQL, e2e, build	V3-0 critical PostgreSQL gates (no skips)	2026-10-06T03:37:31.9073649Z   ---
typecheck, test, PostgreSQL, e2e, build	V3-0 critical PostgreSQL gates (no skips)	2026-10-06T03:37:31.9074118Z   duration_ms: 32.061651
typecheck, test, PostgreSQL, e2e, build	V3-0 critical PostgreSQL gates (no skips)	2026-10-06T03:37:31.9074370Z   type: 'test'
typecheck, test, PostgreSQL, e2e, build	V3-0 critical PostgreSQL gates (no skips)	2026-10-06T03:37:31.9074599Z   ...
typecheck, test, PostgreSQL, e2e, build	V3-0 critical PostgreSQL gates (no skips)	2026-10-06T03:37:31.9116570Z # Subtest: F5 maintenance preserves an unclaimed event and attempt budget
typecheck, test, PostgreSQL, e2e, build	V3-0 critical PostgreSQL gates (no skips)	2026-10-06T03:37:31.9117566Z ok 26 - F5 maintenance preserves an unclaimed event and attempt budget
typecheck, test, PostgreSQL, e2e, build	V3-0 critical PostgreSQL gates (no skips)	2026-10-06T03:37:31.9118368Z   ---
typecheck, test, PostgreSQL, e2e, build	V3-0 critical PostgreSQL gates (no skips)	2026-10-06T03:37:31.9118931Z   duration_ms: 4.294412
typecheck, test, PostgreSQL, e2e, build	V3-0 critical PostgreSQL gates (no skips)	2026-10-06T03:37:31.9119680Z   type: 'test'
typecheck, test, PostgreSQL, e2e, build	V3-0 critical PostgreSQL gates (no skips)	2026-10-06T03:37:31.9120151Z   ...
typecheck, test, PostgreSQL, e2e, build	V3-0 critical PostgreSQL gates (no skips)	2026-10-06T03:37:31.9421074Z # v2_notification_outbox_enqueued {
typecheck, test, PostgreSQL, e2e, build	V3-0 critical PostgreSQL gates (no skips)	2026-10-06T03:37:31.9421852Z #   transactionId: 'eaedd12b-b756-4cea-ba91-c8bc0f4f1ff7',
typecheck, test, PostgreSQL, e2e, build	V3-0 critical PostgreSQL gates (no skips)	2026-10-06T03:37:31.9423264Z #   dedupeKey: 'v2:transaction:eaedd12b-b756-4cea-ba91-c8bc0f4f1ff7:user:11111111-1111-4111-8111-111111111111'
typecheck, test, PostgreSQL, e2e, build	V3-0 critical PostgreSQL gates (no skips)	2026-10-06T03:37:31.9424163Z # }
typecheck, test, PostgreSQL, e2e, build	V3-0 critical PostgreSQL gates (no skips)	2026-10-06T03:37:31.9511596Z # Subtest: P1-B frozen explicit 681 shares survive changed defaults, replay once, and reject changed body
typecheck, test, PostgreSQL, e2e, build	V3-0 critical PostgreSQL gates (no skips)	2026-10-06T03:37:31.9513642Z ok 27 - P1-B frozen explicit 681 shares survive changed defaults, replay once, and reject changed body
typecheck, test, PostgreSQL, e2e, build	V3-0 critical PostgreSQL gates (no skips)	2026-10-06T03:37:31.9514886Z   ---
typecheck, test, PostgreSQL, e2e, build	V3-0 critical PostgreSQL gates (no skips)	2026-10-06T03:37:31.9515803Z   duration_ms: 39.626614
typecheck, test, PostgreSQL, e2e, build	V3-0 critical PostgreSQL gates (no skips)	2026-10-06T03:37:31.9516663Z   type: 'test'
typecheck, test, PostgreSQL, e2e, build	V3-0 critical PostgreSQL gates (no skips)	2026-10-06T03:37:31.9517070Z   ...
typecheck, test, PostgreSQL, e2e, build	V3-0 critical PostgreSQL gates (no skips)	2026-10-06T03:37:31.9670778Z # v2_notification_outbox_enqueued {
typecheck, test, PostgreSQL, e2e, build	V3-0 critical PostgreSQL gates (no skips)	2026-10-06T03:37:31.9671970Z #   transactionId: 'd2a27e35-3524-4ed1-8233-a162e156e335',
typecheck, test, PostgreSQL, e2e, build	V3-0 critical PostgreSQL gates (no skips)	2026-10-06T03:37:31.9673248Z #   dedupeKey: 'v2:transaction:d2a27e35-3524-4ed1-8233-a162e156e335:user:22222222-2222-4222-8222-222222222222'
typecheck, test, PostgreSQL, e2e, build	V3-0 critical PostgreSQL gates (no skips)	2026-10-06T03:37:31.9674549Z # }
typecheck, test, PostgreSQL, e2e, build	V3-0 critical PostgreSQL gates (no skips)	2026-10-06T03:37:31.9873510Z # v2_notification_outbox_enqueued {
typecheck, test, PostgreSQL, e2e, build	V3-0 critical PostgreSQL gates (no skips)	2026-10-06T03:37:31.9874512Z #   transactionId: '5bd491a8-ae8f-45dc-bf51-1d39e9e76070',
typecheck, test, PostgreSQL, e2e, build	V3-0 critical PostgreSQL gates (no skips)	2026-10-06T03:37:31.9876287Z #   dedupeKey: 'v2:transaction:5bd491a8-ae8f-45dc-bf51-1d39e9e76070:user:11111111-1111-4111-8111-111111111111'
typecheck, test, PostgreSQL, e2e, build	V3-0 critical PostgreSQL gates (no skips)	2026-10-06T03:37:31.9877444Z # }
typecheck, test, PostgreSQL, e2e, build	V3-0 critical PostgreSQL gates (no skips)	2026-10-06T03:37:32.0021168Z # Subtest: P1-B correction exact command replays original replacement despite stale expectedVersion
typecheck, test, PostgreSQL, e2e, build	V3-0 critical PostgreSQL gates (no skips)	2026-10-06T03:37:32.0023685Z ok 28 - P1-B correction exact command replays original replacement despite stale expectedVersion
typecheck, test, PostgreSQL, e2e, build	V3-0 critical PostgreSQL gates (no skips)	2026-10-06T03:37:32.0024577Z   ---
typecheck, test, PostgreSQL, e2e, build	V3-0 critical PostgreSQL gates (no skips)	2026-10-06T03:37:32.0024825Z   duration_ms: 50.945442
typecheck, test, PostgreSQL, e2e, build	V3-0 critical PostgreSQL gates (no skips)	2026-10-06T03:37:32.0025361Z   type: 'test'
typecheck, test, PostgreSQL, e2e, build	V3-0 critical PostgreSQL gates (no skips)	2026-10-06T03:37:32.0025651Z   ...
typecheck, test, PostgreSQL, e2e, build	V3-0 critical PostgreSQL gates (no skips)	2026-10-06T03:37:32.0096666Z # v2_notification_outbox_enqueued {
typecheck, test, PostgreSQL, e2e, build	V3-0 critical PostgreSQL gates (no skips)	2026-10-06T03:37:32.0097727Z #   transactionId: 'fc359de8-e8c2-4e86-a68f-29eee629842c',
typecheck, test, PostgreSQL, e2e, build	V3-0 critical PostgreSQL gates (no skips)	2026-10-06T03:37:32.0099230Z #   dedupeKey: 'v2:transaction:fc359de8-e8c2-4e86-a68f-29eee629842c:user:22222222-2222-4222-8222-222222222222'
typecheck, test, PostgreSQL, e2e, build	V3-0 critical PostgreSQL gates (no skips)	2026-10-06T03:37:32.0100076Z # }
typecheck, test, PostgreSQL, e2e, build	V3-0 critical PostgreSQL gates (no skips)	2026-10-06T03:37:32.0414715Z # v2_notification_outbox_enqueued {
typecheck, test, PostgreSQL, e2e, build	V3-0 critical PostgreSQL gates (no skips)	2026-10-06T03:37:32.0416039Z #   transactionId: 'c7954501-cb69-47ac-98be-3be034bb323d',
typecheck, test, PostgreSQL, e2e, build	V3-0 critical PostgreSQL gates (no skips)	2026-10-06T03:37:32.0417283Z #   dedupeKey: 'v2:transaction:c7954501-cb69-47ac-98be-3be034bb323d:user:22222222-2222-4222-8222-222222222222'
typecheck, test, PostgreSQL, e2e, build	V3-0 critical PostgreSQL gates (no skips)	2026-10-06T03:37:32.0417949Z # }
typecheck, test, PostgreSQL, e2e, build	V3-0 critical PostgreSQL gates (no skips)	2026-10-06T03:37:32.0439864Z # Subtest: P1-B replacement rollback leaves original posted and no replacement or receipt
typecheck, test, PostgreSQL, e2e, build	V3-0 critical PostgreSQL gates (no skips)	2026-10-06T03:37:32.0442982Z ok 29 - P1-B replacement rollback leaves original posted and no replacement or receipt
typecheck, test, PostgreSQL, e2e, build	V3-0 critical PostgreSQL gates (no skips)	2026-10-06T03:37:32.0443858Z   ---
typecheck, test, PostgreSQL, e2e, build	V3-0 critical PostgreSQL gates (no skips)	2026-10-06T03:37:32.0444232Z   duration_ms: 41.842356
typecheck, test, PostgreSQL, e2e, build	V3-0 critical PostgreSQL gates (no skips)	2026-10-06T03:37:32.0444683Z   type: 'test'
typecheck, test, PostgreSQL, e2e, build	V3-0 critical PostgreSQL gates (no skips)	2026-10-06T03:37:32.0445640Z   ...
typecheck, test, PostgreSQL, e2e, build	V3-0 critical PostgreSQL gates (no skips)	2026-10-06T03:37:32.0538086Z # v2_notification_outbox_enqueued {
typecheck, test, PostgreSQL, e2e, build	V3-0 critical PostgreSQL gates (no skips)	2026-10-06T03:37:32.0539132Z #   transactionId: '138040ad-850e-40c6-95ed-422875cc03d5',
typecheck, test, PostgreSQL, e2e, build	V3-0 critical PostgreSQL gates (no skips)	2026-10-06T03:37:32.0540588Z #   dedupeKey: 'v2:transaction:138040ad-850e-40c6-95ed-422875cc03d5:user:22222222-2222-4222-8222-222222222222'
typecheck, test, PostgreSQL, e2e, build	V3-0 critical PostgreSQL gates (no skips)	2026-10-06T03:37:32.0541659Z # }
typecheck, test, PostgreSQL, e2e, build	V3-0 critical PostgreSQL gates (no skips)	2026-10-06T03:37:32.0581001Z # Subtest: F4 canonical spelling and participant order replay the same transaction
typecheck, test, PostgreSQL, e2e, build	V3-0 critical PostgreSQL gates (no skips)	2026-10-06T03:37:32.0584010Z ok 30 - F4 canonical spelling and participant order replay the same transaction
typecheck, test, PostgreSQL, e2e, build	V3-0 critical PostgreSQL gates (no skips)	2026-10-06T03:37:32.0584845Z   ---
typecheck, test, PostgreSQL, e2e, build	V3-0 critical PostgreSQL gates (no skips)	2026-10-06T03:37:32.0585483Z   duration_ms: 14.024455
typecheck, test, PostgreSQL, e2e, build	V3-0 critical PostgreSQL gates (no skips)	2026-10-06T03:37:32.0585940Z   type: 'test'
typecheck, test, PostgreSQL, e2e, build	V3-0 critical PostgreSQL gates (no skips)	2026-10-06T03:37:32.0586648Z   ...
typecheck, test, PostgreSQL, e2e, build	V3-0 critical PostgreSQL gates (no skips)	2026-10-06T03:37:32.0662156Z # v2_notification_outbox_enqueued {
typecheck, test, PostgreSQL, e2e, build	V3-0 critical PostgreSQL gates (no skips)	2026-10-06T03:37:32.0663414Z #   transactionId: 'a995b7ea-ecd6-4c54-954a-a925bdf01133',
typecheck, test, PostgreSQL, e2e, build	V3-0 critical PostgreSQL gates (no skips)	2026-10-06T03:37:32.0664637Z #   dedupeKey: 'v2:transaction:a995b7ea-ecd6-4c54-954a-a925bdf01133:user:22222222-2222-4222-8222-222222222222'
typecheck, test, PostgreSQL, e2e, build	V3-0 critical PostgreSQL gates (no skips)	2026-10-06T03:37:32.0665777Z # }
typecheck, test, PostgreSQL, e2e, build	V3-0 critical PostgreSQL gates (no skips)	2026-10-06T03:37:32.0779222Z # Subtest: F4 historical receipts replay in place; ambiguous Ledger/actor reuse fails closed
typecheck, test, PostgreSQL, e2e, build	V3-0 critical PostgreSQL gates (no skips)	2026-10-06T03:37:32.0781761Z ok 31 - F4 historical receipts replay in place; ambiguous Ledger/actor reuse fails closed
typecheck, test, PostgreSQL, e2e, build	V3-0 critical PostgreSQL gates (no skips)	2026-10-06T03:37:32.0782803Z   ---
typecheck, test, PostgreSQL, e2e, build	V3-0 critical PostgreSQL gates (no skips)	2026-10-06T03:37:32.0783187Z   duration_ms: 19.443965
typecheck, test, PostgreSQL, e2e, build	V3-0 critical PostgreSQL gates (no skips)	2026-10-06T03:37:32.0783594Z   type: 'test'
typecheck, test, PostgreSQL, e2e, build	V3-0 critical PostgreSQL gates (no skips)	2026-10-06T03:37:32.0783934Z   ...
typecheck, test, PostgreSQL, e2e, build	V3-0 critical PostgreSQL gates (no skips)	2026-10-06T03:37:32.1471830Z # v2_notification_outbox_enqueued {
typecheck, test, PostgreSQL, e2e, build	V3-0 critical PostgreSQL gates (no skips)	2026-10-06T03:37:32.1473100Z #   transactionId: '6c8f76d1-69b3-46cc-8e0f-ffd2653a052c',
typecheck, test, PostgreSQL, e2e, build	V3-0 critical PostgreSQL gates (no skips)	2026-10-06T03:37:32.1474708Z #   dedupeKey: 'v2:transaction:6c8f76d1-69b3-46cc-8e0f-ffd2653a052c:user:22222222-2222-4222-8222-222222222222'
typecheck, test, PostgreSQL, e2e, build	V3-0 critical PostgreSQL gates (no skips)	2026-10-06T03:37:32.1476236Z # }
typecheck, test, PostgreSQL, e2e, build	V3-0 critical PostgreSQL gates (no skips)	2026-10-06T03:37:32.1803982Z # v2_notification_outbox_enqueued {
typecheck, test, PostgreSQL, e2e, build	V3-0 critical PostgreSQL gates (no skips)	2026-10-06T03:37:32.1806600Z #   transactionId: 'ecf1a259-34ac-432e-83ab-2370aa5c61e8',
typecheck, test, PostgreSQL, e2e, build	V3-0 critical PostgreSQL gates (no skips)	2026-10-06T03:37:32.1808161Z #   dedupeKey: 'v2:transaction:ecf1a259-34ac-432e-83ab-2370aa5c61e8:user:22222222-2222-4222-8222-222222222222'
typecheck, test, PostgreSQL, e2e, build	V3-0 critical PostgreSQL gates (no skips)	2026-10-06T03:37:32.1809377Z # }
typecheck, test, PostgreSQL, e2e, build	V3-0 critical PostgreSQL gates (no skips)	2026-10-06T03:37:32.1955690Z # Subtest: F4 every receipt-backed operation preserves authorized retry and resource scope
typecheck, test, PostgreSQL, e2e, build	V3-0 critical PostgreSQL gates (no skips)	2026-10-06T03:37:32.1958716Z ok 32 - F4 every receipt-backed operation preserves authorized retry and resource scope
typecheck, test, PostgreSQL, e2e, build	V3-0 critical PostgreSQL gates (no skips)	2026-10-06T03:37:32.1959776Z   ---
typecheck, test, PostgreSQL, e2e, build	V3-0 critical PostgreSQL gates (no skips)	2026-10-06T03:37:32.1960422Z   duration_ms: 117.896456
typecheck, test, PostgreSQL, e2e, build	V3-0 critical PostgreSQL gates (no skips)	2026-10-06T03:37:32.1961099Z   type: 'test'
typecheck, test, PostgreSQL, e2e, build	V3-0 critical PostgreSQL gates (no skips)	2026-10-06T03:37:32.1961513Z   ...
typecheck, test, PostgreSQL, e2e, build	V3-0 critical PostgreSQL gates (no skips)	2026-10-06T03:37:32.2013164Z # v2_line_inbox_business_failure { inboxId: '7', kind: 'PERMANENT_BUSINESS_FAILURE' }
typecheck, test, PostgreSQL, e2e, build	V3-0 critical PostgreSQL gates (no skips)	2026-10-06T03:37:32.2035708Z # Subtest: F5 malformed input is a permanent business failure without a provider or write
typecheck, test, PostgreSQL, e2e, build	V3-0 critical PostgreSQL gates (no skips)	2026-10-06T03:37:32.2038628Z ok 33 - F5 malformed input is a permanent business failure without a provider or write
typecheck, test, PostgreSQL, e2e, build	V3-0 critical PostgreSQL gates (no skips)	2026-10-06T03:37:32.2039586Z   ---
typecheck, test, PostgreSQL, e2e, build	V3-0 critical PostgreSQL gates (no skips)	2026-10-06T03:37:32.2043678Z   duration_ms: 7.975178
typecheck, test, PostgreSQL, e2e, build	V3-0 critical PostgreSQL gates (no skips)	2026-10-06T03:37:32.2045521Z   type: 'test'
typecheck, test, PostgreSQL, e2e, build	V3-0 critical PostgreSQL gates (no skips)	2026-10-06T03:37:32.2045908Z   ...
typecheck, test, PostgreSQL, e2e, build	V3-0 critical PostgreSQL gates (no skips)	2026-10-06T03:37:32.2196180Z # Subtest: PG inbox claim token prevents an old worker from overwriting a new lease
typecheck, test, PostgreSQL, e2e, build	V3-0 critical PostgreSQL gates (no skips)	2026-10-06T03:37:32.2197648Z ok 34 - PG inbox claim token prevents an old worker from overwriting a new lease
typecheck, test, PostgreSQL, e2e, build	V3-0 critical PostgreSQL gates (no skips)	2026-10-06T03:37:32.2202514Z   ---
typecheck, test, PostgreSQL, e2e, build	V3-0 critical PostgreSQL gates (no skips)	2026-10-06T03:37:32.2202985Z   duration_ms: 16.074883
typecheck, test, PostgreSQL, e2e, build	V3-0 critical PostgreSQL gates (no skips)	2026-10-06T03:37:32.2203607Z   type: 'test'
typecheck, test, PostgreSQL, e2e, build	V3-0 critical PostgreSQL gates (no skips)	2026-10-06T03:37:32.2203919Z   ...
typecheck, test, PostgreSQL, e2e, build	V3-0 critical PostgreSQL gates (no skips)	2026-10-06T03:37:32.2220497Z # Subtest: PG all canonical transactions retain payment/share totals and independent zero-sum balances
typecheck, test, PostgreSQL, e2e, build	V3-0 critical PostgreSQL gates (no skips)	2026-10-06T03:37:32.2222621Z ok 35 - PG all canonical transactions retain payment/share totals and independent zero-sum balances
typecheck, test, PostgreSQL, e2e, build	V3-0 critical PostgreSQL gates (no skips)	2026-10-06T03:37:32.2223830Z   ---
typecheck, test, PostgreSQL, e2e, build	V3-0 critical PostgreSQL gates (no skips)	2026-10-06T03:37:32.2224332Z   duration_ms: 2.278196
typecheck, test, PostgreSQL, e2e, build	V3-0 critical PostgreSQL gates (no skips)	2026-10-06T03:37:32.2224757Z   type: 'test'
typecheck, test, PostgreSQL, e2e, build	V3-0 critical PostgreSQL gates (no skips)	2026-10-06T03:37:32.2225318Z   ...
typecheck, test, PostgreSQL, e2e, build	V3-0 critical PostgreSQL gates (no skips)	2026-10-06T03:37:32.2454252Z # Subtest: F1 real audio dispatch preserves the STT source and creates only a proposal
typecheck, test, PostgreSQL, e2e, build	V3-0 critical PostgreSQL gates (no skips)	2026-10-06T03:37:32.2455905Z ok 36 - F1 real audio dispatch preserves the STT source and creates only a proposal
typecheck, test, PostgreSQL, e2e, build	V3-0 critical PostgreSQL gates (no skips)	2026-10-06T03:37:32.2457109Z   ---
typecheck, test, PostgreSQL, e2e, build	V3-0 critical PostgreSQL gates (no skips)	2026-10-06T03:37:32.2463680Z   duration_ms: 23.435991
typecheck, test, PostgreSQL, e2e, build	V3-0 critical PostgreSQL gates (no skips)	2026-10-06T03:37:32.2469593Z   type: 'test'
typecheck, test, PostgreSQL, e2e, build	V3-0 critical PostgreSQL gates (no skips)	2026-10-06T03:37:32.2469865Z   ...
typecheck, test, PostgreSQL, e2e, build	V3-0 critical PostgreSQL gates (no skips)	2026-10-06T03:37:32.2632771Z # Subtest: F1 AI-generated candidate output creates a proposal, never a canonical transaction
typecheck, test, PostgreSQL, e2e, build	V3-0 critical PostgreSQL gates (no skips)	2026-10-06T03:37:32.2634476Z ok 37 - F1 AI-generated candidate output creates a proposal, never a canonical transaction
typecheck, test, PostgreSQL, e2e, build	V3-0 critical PostgreSQL gates (no skips)	2026-10-06T03:37:32.2635601Z   ---
typecheck, test, PostgreSQL, e2e, build	V3-0 critical PostgreSQL gates (no skips)	2026-10-06T03:37:32.2636204Z   duration_ms: 17.549789
typecheck, test, PostgreSQL, e2e, build	V3-0 critical PostgreSQL gates (no skips)	2026-10-06T03:37:32.2636585Z   type: 'test'
typecheck, test, PostgreSQL, e2e, build	V3-0 critical PostgreSQL gates (no skips)	2026-10-06T03:37:32.2637012Z   ...
typecheck, test, PostgreSQL, e2e, build	V3-0 critical PostgreSQL gates (no skips)	2026-10-06T03:37:32.2693255Z # v2_line_inbox_business_failure { inboxId: '10', kind: 'RETRYABLE_PROCESSING_FAILURE' }
typecheck, test, PostgreSQL, e2e, build	V3-0 critical PostgreSQL gates (no skips)	2026-10-06T03:37:32.2890475Z # v2_notification_outbox_enqueued {
typecheck, test, PostgreSQL, e2e, build	V3-0 critical PostgreSQL gates (no skips)	2026-10-06T03:37:32.2891456Z #   transactionId: '5d2e51da-1a3a-4e2f-b2b5-937fbb7d161d',
typecheck, test, PostgreSQL, e2e, build	V3-0 critical PostgreSQL gates (no skips)	2026-10-06T03:37:32.2892685Z #   dedupeKey: 'v2:transaction:5d2e51da-1a3a-4e2f-b2b5-937fbb7d161d:user:22222222-2222-4222-8222-222222222222'
typecheck, test, PostgreSQL, e2e, build	V3-0 critical PostgreSQL gates (no skips)	2026-10-06T03:37:32.2893638Z # }
typecheck, test, PostgreSQL, e2e, build	V3-0 critical PostgreSQL gates (no skips)	2026-10-06T03:37:32.2964049Z # Subtest: F5 temporary DB failure recovers to exactly one canonical effect
typecheck, test, PostgreSQL, e2e, build	V3-0 critical PostgreSQL gates (no skips)	2026-10-06T03:37:32.2966811Z ok 38 - F5 temporary DB failure recovers to exactly one canonical effect
typecheck, test, PostgreSQL, e2e, build	V3-0 critical PostgreSQL gates (no skips)	2026-10-06T03:37:32.2967375Z   ---
typecheck, test, PostgreSQL, e2e, build	V3-0 critical PostgreSQL gates (no skips)	2026-10-06T03:37:32.2967668Z   duration_ms: 33.427307
typecheck, test, PostgreSQL, e2e, build	V3-0 critical PostgreSQL gates (no skips)	2026-10-06T03:37:32.2967999Z   type: 'test'
typecheck, test, PostgreSQL, e2e, build	V3-0 critical PostgreSQL gates (no skips)	2026-10-06T03:37:32.2968428Z   ...
typecheck, test, PostgreSQL, e2e, build	V3-0 critical PostgreSQL gates (no skips)	2026-10-06T03:37:32.3298547Z # v2_notification_outbox_enqueued {
typecheck, test, PostgreSQL, e2e, build	V3-0 critical PostgreSQL gates (no skips)	2026-10-06T03:37:32.3299706Z #   transactionId: '6918bae5-4355-4153-ac48-5bfac53382d5',
typecheck, test, PostgreSQL, e2e, build	V3-0 critical PostgreSQL gates (no skips)	2026-10-06T03:37:32.3301524Z #   dedupeKey: 'v2:transaction:6918bae5-4355-4153-ac48-5bfac53382d5:user:22222222-2222-4222-8222-222222222222'
typecheck, test, PostgreSQL, e2e, build	V3-0 critical PostgreSQL gates (no skips)	2026-10-06T03:37:32.3302686Z # }
typecheck, test, PostgreSQL, e2e, build	V3-0 critical PostgreSQL gates (no skips)	2026-10-06T03:37:32.3346037Z # Subtest: F5 freeze racing a claim releases the lease without consuming an attempt
typecheck, test, PostgreSQL, e2e, build	V3-0 critical PostgreSQL gates (no skips)	2026-10-06T03:37:32.3347685Z ok 39 - F5 freeze racing a claim releases the lease without consuming an attempt
typecheck, test, PostgreSQL, e2e, build	V3-0 critical PostgreSQL gates (no skips)	2026-10-06T03:37:32.3348611Z   ---
typecheck, test, PostgreSQL, e2e, build	V3-0 critical PostgreSQL gates (no skips)	2026-10-06T03:37:32.3348920Z   duration_ms: 38.066798
typecheck, test, PostgreSQL, e2e, build	V3-0 critical PostgreSQL gates (no skips)	2026-10-06T03:37:32.3349273Z   type: 'test'
typecheck, test, PostgreSQL, e2e, build	V3-0 critical PostgreSQL gates (no skips)	2026-10-06T03:37:32.3349562Z   ...
typecheck, test, PostgreSQL, e2e, build	V3-0 critical PostgreSQL gates (no skips)	2026-10-06T03:37:32.3523425Z # v2_notification_outbox_enqueued {
typecheck, test, PostgreSQL, e2e, build	V3-0 critical PostgreSQL gates (no skips)	2026-10-06T03:37:32.3524612Z #   transactionId: '21e1a942-3505-47fb-929f-40c7428735d3',
typecheck, test, PostgreSQL, e2e, build	V3-0 critical PostgreSQL gates (no skips)	2026-10-06T03:37:32.3526422Z #   dedupeKey: 'v2:transaction:21e1a942-3505-47fb-929f-40c7428735d3:user:22222222-2222-4222-8222-222222222222'
typecheck, test, PostgreSQL, e2e, build	V3-0 critical PostgreSQL gates (no skips)	2026-10-06T03:37:32.3527725Z # }
typecheck, test, PostgreSQL, e2e, build	V3-0 critical PostgreSQL gates (no skips)	2026-10-06T03:37:32.3664581Z # Subtest: F4 LINE event identity cannot create a second effect after its active Ledger changes
typecheck, test, PostgreSQL, e2e, build	V3-0 critical PostgreSQL gates (no skips)	2026-10-06T03:37:32.3668498Z ok 40 - F4 LINE event identity cannot create a second effect after its active Ledger changes
typecheck, test, PostgreSQL, e2e, build	V3-0 critical PostgreSQL gates (no skips)	2026-10-06T03:37:32.3668995Z   ---
typecheck, test, PostgreSQL, e2e, build	V3-0 critical PostgreSQL gates (no skips)	2026-10-06T03:37:32.3669215Z   duration_ms: 30.837881
typecheck, test, PostgreSQL, e2e, build	V3-0 critical PostgreSQL gates (no skips)	2026-10-06T03:37:32.3669653Z   type: 'test'
typecheck, test, PostgreSQL, e2e, build	V3-0 critical PostgreSQL gates (no skips)	2026-10-06T03:37:32.3669994Z   ...
typecheck, test, PostgreSQL, e2e, build	V3-0 critical PostgreSQL gates (no skips)	2026-10-06T03:37:32.3769938Z # v2_notification_outbox_enqueued {
typecheck, test, PostgreSQL, e2e, build	V3-0 critical PostgreSQL gates (no skips)	2026-10-06T03:37:32.3771068Z #   transactionId: '3b8b3ae3-8907-4956-b50a-3161d42b2ab7',
typecheck, test, PostgreSQL, e2e, build	V3-0 critical PostgreSQL gates (no skips)	2026-10-06T03:37:32.3772532Z #   dedupeKey: 'v2:transaction:3b8b3ae3-8907-4956-b50a-3161d42b2ab7:user:22222222-2222-4222-8222-222222222222'
typecheck, test, PostgreSQL, e2e, build	V3-0 critical PostgreSQL gates (no skips)	2026-10-06T03:37:32.3773119Z # }
typecheck, test, PostgreSQL, e2e, build	V3-0 critical PostgreSQL gates (no skips)	2026-10-06T03:37:32.3851432Z # Subtest: PG Ledger balances are independent and remain zero-sum after a canonical write
typecheck, test, PostgreSQL, e2e, build	V3-0 critical PostgreSQL gates (no skips)	2026-10-06T03:37:32.3852668Z ok 41 - PG Ledger balances are independent and remain zero-sum after a canonical write
typecheck, test, PostgreSQL, e2e, build	V3-0 critical PostgreSQL gates (no skips)	2026-10-06T03:37:32.3853382Z   ---
typecheck, test, PostgreSQL, e2e, build	V3-0 critical PostgreSQL gates (no skips)	2026-10-06T03:37:32.3853753Z   duration_ms: 19.830634
typecheck, test, PostgreSQL, e2e, build	V3-0 critical PostgreSQL gates (no skips)	2026-10-06T03:37:32.3854148Z   type: 'test'
typecheck, test, PostgreSQL, e2e, build	V3-0 critical PostgreSQL gates (no skips)	2026-10-06T03:37:32.3854527Z   ...
typecheck, test, PostgreSQL, e2e, build	V3-0 critical PostgreSQL gates (no skips)	2026-10-06T03:37:32.4083444Z # v2_notification_outbox_enqueued {
typecheck, test, PostgreSQL, e2e, build	V3-0 critical PostgreSQL gates (no skips)	2026-10-06T03:37:32.4084729Z #   transactionId: '286151e2-126e-4f96-8f0a-dff305ea4dad',
typecheck, test, PostgreSQL, e2e, build	V3-0 critical PostgreSQL gates (no skips)	2026-10-06T03:37:32.4086406Z #   dedupeKey: 'v2:transaction:286151e2-126e-4f96-8f0a-dff305ea4dad:user:22222222-2222-4222-8222-222222222222'
typecheck, test, PostgreSQL, e2e, build	V3-0 critical PostgreSQL gates (no skips)	2026-10-06T03:37:32.4087415Z # }
typecheck, test, PostgreSQL, e2e, build	V3-0 critical PostgreSQL gates (no skips)	2026-10-06T03:37:32.4232826Z # Subtest: F5 commit-before-ack replay remains processed after the active Ledger changes
typecheck, test, PostgreSQL, e2e, build	V3-0 critical PostgreSQL gates (no skips)	2026-10-06T03:37:32.4234634Z ok 42 - F5 commit-before-ack replay remains processed after the active Ledger changes
typecheck, test, PostgreSQL, e2e, build	V3-0 critical PostgreSQL gates (no skips)	2026-10-06T03:37:32.4235934Z   ---
typecheck, test, PostgreSQL, e2e, build	V3-0 critical PostgreSQL gates (no skips)	2026-10-06T03:37:32.4236483Z   duration_ms: 37.686846
typecheck, test, PostgreSQL, e2e, build	V3-0 critical PostgreSQL gates (no skips)	2026-10-06T03:37:32.4237130Z   type: 'test'
typecheck, test, PostgreSQL, e2e, build	V3-0 critical PostgreSQL gates (no skips)	2026-10-06T03:37:32.4237669Z   ...
typecheck, test, PostgreSQL, e2e, build	V3-0 critical PostgreSQL gates (no skips)	2026-10-06T03:37:42.4497767Z 1..42
typecheck, test, PostgreSQL, e2e, build	V3-0 critical PostgreSQL gates (no skips)	2026-10-06T03:37:42.4498196Z # tests 42
typecheck, test, PostgreSQL, e2e, build	V3-0 critical PostgreSQL gates (no skips)	2026-10-06T03:37:42.4498521Z # suites 0
typecheck, test, PostgreSQL, e2e, build	V3-0 critical PostgreSQL gates (no skips)	2026-10-06T03:37:42.4498925Z # pass 42
typecheck, test, PostgreSQL, e2e, build	V3-0 critical PostgreSQL gates (no skips)	2026-10-06T03:37:42.4499605Z # fail 0
typecheck, test, PostgreSQL, e2e, build	V3-0 critical PostgreSQL gates (no skips)	2026-10-06T03:37:42.4500096Z # cancelled 0
typecheck, test, PostgreSQL, e2e, build	V3-0 critical PostgreSQL gates (no skips)	2026-10-06T03:37:42.4500734Z # skipped 0
typecheck, test, PostgreSQL, e2e, build	V3-0 critical PostgreSQL gates (no skips)	2026-10-06T03:37:42.4501309Z # todo 0
typecheck, test, PostgreSQL, e2e, build	V3-0 critical PostgreSQL gates (no skips)	2026-10-06T03:37:42.4501879Z # duration_ms 11671.904678
typecheck, test, PostgreSQL, e2e, build	V3-0 critical PostgreSQL gates (no skips)	2026-10-06T03:37:43.7784019Z $ tsx --test src/lib/v2-precutover.pg.test.ts
typecheck, test, PostgreSQL, e2e, build	V3-0 critical PostgreSQL gates (no skips)	2026-10-06T03:37:43.9248248Z TAP version 13
typecheck, test, PostgreSQL, e2e, build	V3-0 critical PostgreSQL gates (no skips)	2026-10-06T03:37:44.7774965Z # v2_notification_outbox_enqueued {
typecheck, test, PostgreSQL, e2e, build	V3-0 critical PostgreSQL gates (no skips)	2026-10-06T03:37:44.7776393Z #   transactionId: 'a206095c-6d37-4dce-b8df-20c730c11433',
typecheck, test, PostgreSQL, e2e, build	V3-0 critical PostgreSQL gates (no skips)	2026-10-06T03:37:44.7795364Z #   dedupeKey: 'v2:transaction:a206095c-6d37-4dce-b8df-20c730c11433:user:22222222-2222-4222-8222-222222222222'
typecheck, test, PostgreSQL, e2e, build	V3-0 critical PostgreSQL gates (no skips)	2026-10-06T03:37:44.7796349Z # }
typecheck, test, PostgreSQL, e2e, build	V3-0 critical PostgreSQL gates (no skips)	2026-10-06T03:37:44.7887007Z # Subtest: real PostgreSQL multi-command proposal failure rolls back every command and receipt side effect
typecheck, test, PostgreSQL, e2e, build	V3-0 critical PostgreSQL gates (no skips)	2026-10-06T03:37:44.7893551Z ok 1 - real PostgreSQL multi-command proposal failure rolls back every command and receipt side effect
typecheck, test, PostgreSQL, e2e, build	V3-0 critical PostgreSQL gates (no skips)	2026-10-06T03:37:44.7894562Z   ---
typecheck, test, PostgreSQL, e2e, build	V3-0 critical PostgreSQL gates (no skips)	2026-10-06T03:37:44.7895514Z   duration_ms: 112.174336
typecheck, test, PostgreSQL, e2e, build	V3-0 critical PostgreSQL gates (no skips)	2026-10-06T03:37:44.7896137Z   type: 'test'
typecheck, test, PostgreSQL, e2e, build	V3-0 critical PostgreSQL gates (no skips)	2026-10-06T03:37:44.7896695Z   ...
typecheck, test, PostgreSQL, e2e, build	V3-0 critical PostgreSQL gates (no skips)	2026-10-06T03:37:44.7977805Z # v2_notification_outbox_enqueued {
typecheck, test, PostgreSQL, e2e, build	V3-0 critical PostgreSQL gates (no skips)	2026-10-06T03:37:44.7978662Z #   transactionId: 'bc52e19a-773a-4f7a-9a08-a39b66f0eb40',
typecheck, test, PostgreSQL, e2e, build	V3-0 critical PostgreSQL gates (no skips)	2026-10-06T03:37:44.7979991Z #   dedupeKey: 'v2:transaction:bc52e19a-773a-4f7a-9a08-a39b66f0eb40:user:22222222-2222-4222-8222-222222222222'
typecheck, test, PostgreSQL, e2e, build	V3-0 critical PostgreSQL gates (no skips)	2026-10-06T03:37:44.7981153Z # }
typecheck, test, PostgreSQL, e2e, build	V3-0 critical PostgreSQL gates (no skips)	2026-10-06T03:37:44.8204129Z # v2_notification_outbox_enqueued {
typecheck, test, PostgreSQL, e2e, build	V3-0 critical PostgreSQL gates (no skips)	2026-10-06T03:37:44.8205317Z #   transactionId: 'f53941ec-ce18-44f6-85aa-f79c878bea2b',
typecheck, test, PostgreSQL, e2e, build	V3-0 critical PostgreSQL gates (no skips)	2026-10-06T03:37:44.8206736Z #   dedupeKey: 'v2:transaction:f53941ec-ce18-44f6-85aa-f79c878bea2b:user:22222222-2222-4222-8222-222222222222'
typecheck, test, PostgreSQL, e2e, build	V3-0 critical PostgreSQL gates (no skips)	2026-10-06T03:37:44.8207860Z # }
typecheck, test, PostgreSQL, e2e, build	V3-0 critical PostgreSQL gates (no skips)	2026-10-06T03:37:44.8335959Z # v2_notification_outbox_enqueued {
typecheck, test, PostgreSQL, e2e, build	V3-0 critical PostgreSQL gates (no skips)	2026-10-06T03:37:44.8336780Z #   transactionId: 'f4263b19-2e75-42ae-ac8f-c437248de66d',
typecheck, test, PostgreSQL, e2e, build	V3-0 critical PostgreSQL gates (no skips)	2026-10-06T03:37:44.8338069Z #   dedupeKey: 'v2:transaction:f4263b19-2e75-42ae-ac8f-c437248de66d:user:22222222-2222-4222-8222-222222222222'
typecheck, test, PostgreSQL, e2e, build	V3-0 critical PostgreSQL gates (no skips)	2026-10-06T03:37:44.8338935Z # }
typecheck, test, PostgreSQL, e2e, build	V3-0 critical PostgreSQL gates (no skips)	2026-10-06T03:37:44.8554438Z # v2_notification_outbox_enqueued {
typecheck, test, PostgreSQL, e2e, build	V3-0 critical PostgreSQL gates (no skips)	2026-10-06T03:37:44.8555749Z #   transactionId: 'bfff4ca4-c796-414e-a507-67af65f8bb65',
typecheck, test, PostgreSQL, e2e, build	V3-0 critical PostgreSQL gates (no skips)	2026-10-06T03:37:44.8557124Z #   dedupeKey: 'v2:transaction:bfff4ca4-c796-414e-a507-67af65f8bb65:user:22222222-2222-4222-8222-222222222222'
typecheck, test, PostgreSQL, e2e, build	V3-0 critical PostgreSQL gates (no skips)	2026-10-06T03:37:44.8557673Z # }
typecheck, test, PostgreSQL, e2e, build	V3-0 critical PostgreSQL gates (no skips)	2026-10-06T03:37:44.8666816Z # v2_notification_outbox_enqueued {
typecheck, test, PostgreSQL, e2e, build	V3-0 critical PostgreSQL gates (no skips)	2026-10-06T03:37:44.8667635Z #   transactionId: 'b00d6546-1092-4369-bc84-c009cbb629b1',
typecheck, test, PostgreSQL, e2e, build	V3-0 critical PostgreSQL gates (no skips)	2026-10-06T03:37:44.8668923Z #   dedupeKey: 'v2:transaction:b00d6546-1092-4369-bc84-c009cbb629b1:user:22222222-2222-4222-8222-222222222222'
typecheck, test, PostgreSQL, e2e, build	V3-0 critical PostgreSQL gates (no skips)	2026-10-06T03:37:44.8669901Z # }
typecheck, test, PostgreSQL, e2e, build	V3-0 critical PostgreSQL gates (no skips)	2026-10-06T03:37:44.8773991Z # v2_notification_outbox_enqueued {
typecheck, test, PostgreSQL, e2e, build	V3-0 critical PostgreSQL gates (no skips)	2026-10-06T03:37:44.8775464Z #   transactionId: '08dcfa8d-75fc-4bc6-82d5-ed3804012fdc',
typecheck, test, PostgreSQL, e2e, build	V3-0 critical PostgreSQL gates (no skips)	2026-10-06T03:37:44.8776851Z #   dedupeKey: 'v2:transaction:08dcfa8d-75fc-4bc6-82d5-ed3804012fdc:user:22222222-2222-4222-8222-222222222222'
typecheck, test, PostgreSQL, e2e, build	V3-0 critical PostgreSQL gates (no skips)	2026-10-06T03:37:44.8777672Z # }
typecheck, test, PostgreSQL, e2e, build	V3-0 critical PostgreSQL gates (no skips)	2026-10-06T03:37:44.8935443Z # v2_notification_outbox_enqueued {
typecheck, test, PostgreSQL, e2e, build	V3-0 critical PostgreSQL gates (no skips)	2026-10-06T03:37:44.8936603Z #   transactionId: '7c3c874a-ca3e-410d-bdf3-baf1b0b9fce7',
typecheck, test, PostgreSQL, e2e, build	V3-0 critical PostgreSQL gates (no skips)	2026-10-06T03:37:44.8937985Z #   dedupeKey: 'v2:transaction:7c3c874a-ca3e-410d-bdf3-baf1b0b9fce7:user:22222222-2222-4222-8222-222222222222'
typecheck, test, PostgreSQL, e2e, build	V3-0 critical PostgreSQL gates (no skips)	2026-10-06T03:37:44.8938972Z # }
typecheck, test, PostgreSQL, e2e, build	V3-0 critical PostgreSQL gates (no skips)	2026-10-06T03:37:44.9189653Z # v2_notification_outbox_enqueued {
typecheck, test, PostgreSQL, e2e, build	V3-0 critical PostgreSQL gates (no skips)	2026-10-06T03:37:44.9190963Z #   transactionId: '2a02987e-7be3-4836-9952-e022026c537d',
typecheck, test, PostgreSQL, e2e, build	V3-0 critical PostgreSQL gates (no skips)	2026-10-06T03:37:44.9192416Z #   dedupeKey: 'v2:transaction:2a02987e-7be3-4836-9952-e022026c537d:user:22222222-2222-4222-8222-222222222222'
typecheck, test, PostgreSQL, e2e, build	V3-0 critical PostgreSQL gates (no skips)	2026-10-06T03:37:44.9193204Z # }
typecheck, test, PostgreSQL, e2e, build	V3-0 critical PostgreSQL gates (no skips)	2026-10-06T03:37:44.9565673Z # v2_notification_outbox_enqueued {
typecheck, test, PostgreSQL, e2e, build	V3-0 critical PostgreSQL gates (no skips)	2026-10-06T03:37:44.9566527Z #   transactionId: '31a06e59-f7e2-49d8-a4cc-c0e1b30e3a91',
typecheck, test, PostgreSQL, e2e, build	V3-0 critical PostgreSQL gates (no skips)	2026-10-06T03:37:44.9567749Z #   dedupeKey: 'v2:transaction:31a06e59-f7e2-49d8-a4cc-c0e1b30e3a91:user:22222222-2222-4222-8222-222222222222'
typecheck, test, PostgreSQL, e2e, build	V3-0 critical PostgreSQL gates (no skips)	2026-10-06T03:37:44.9568902Z # }
typecheck, test, PostgreSQL, e2e, build	V3-0 critical PostgreSQL gates (no skips)	2026-10-06T03:37:44.9627919Z # Subtest: migrated V2 schema exercises allocations, lineage, categories, recurring, cursor, receipt metadata, and CSV
typecheck, test, PostgreSQL, e2e, build	V3-0 critical PostgreSQL gates (no skips)	2026-10-06T03:37:44.9633972Z ok 2 - migrated V2 schema exercises allocations, lineage, categories, recurring, cursor, receipt metadata, and CSV
typecheck, test, PostgreSQL, e2e, build	V3-0 critical PostgreSQL gates (no skips)	2026-10-06T03:37:44.9634969Z   ---
typecheck, test, PostgreSQL, e2e, build	V3-0 critical PostgreSQL gates (no skips)	2026-10-06T03:37:44.9635615Z   duration_ms: 175.284479
typecheck, test, PostgreSQL, e2e, build	V3-0 critical PostgreSQL gates (no skips)	2026-10-06T03:37:44.9636060Z   type: 'test'
typecheck, test, PostgreSQL, e2e, build	V3-0 critical PostgreSQL gates (no skips)	2026-10-06T03:37:44.9636793Z   ...
typecheck, test, PostgreSQL, e2e, build	V3-0 critical PostgreSQL gates (no skips)	2026-10-06T03:37:44.9815169Z # v2_notification_outbox_enqueued {
typecheck, test, PostgreSQL, e2e, build	V3-0 critical PostgreSQL gates (no skips)	2026-10-06T03:37:44.9816128Z #   transactionId: 'a323bc9d-7c03-41f7-9cfd-638704a96609',
typecheck, test, PostgreSQL, e2e, build	V3-0 critical PostgreSQL gates (no skips)	2026-10-06T03:37:44.9817894Z #   dedupeKey: 'v2:transaction:a323bc9d-7c03-41f7-9cfd-638704a96609:user:22222222-2222-4222-8222-222222222222'
typecheck, test, PostgreSQL, e2e, build	V3-0 critical PostgreSQL gates (no skips)	2026-10-06T03:37:44.9818842Z # }
typecheck, test, PostgreSQL, e2e, build	V3-0 critical PostgreSQL gates (no skips)	2026-10-06T03:37:44.9979053Z # Subtest: exact LINE webhook replay is one DB transaction/effect with a stable response
typecheck, test, PostgreSQL, e2e, build	V3-0 critical PostgreSQL gates (no skips)	2026-10-06T03:37:44.9982359Z ok 3 - exact LINE webhook replay is one DB transaction/effect with a stable response
typecheck, test, PostgreSQL, e2e, build	V3-0 critical PostgreSQL gates (no skips)	2026-10-06T03:37:44.9983362Z   ---
typecheck, test, PostgreSQL, e2e, build	V3-0 critical PostgreSQL gates (no skips)	2026-10-06T03:37:44.9983743Z   duration_ms: 34.974308
typecheck, test, PostgreSQL, e2e, build	V3-0 critical PostgreSQL gates (no skips)	2026-10-06T03:37:44.9984144Z   type: 'test'
typecheck, test, PostgreSQL, e2e, build	V3-0 critical PostgreSQL gates (no skips)	2026-10-06T03:37:44.9984488Z   ...
typecheck, test, PostgreSQL, e2e, build	V3-0 critical PostgreSQL gates (no skips)	2026-10-06T03:37:45.0067901Z # v2_line_inbox_business_failure { inboxId: '1', kind: 'RETRYABLE_PROCESSING_FAILURE' }
typecheck, test, PostgreSQL, e2e, build	V3-0 critical PostgreSQL gates (no skips)	2026-10-06T03:37:45.0155932Z # v2_line_inbox_business_failure { inboxId: '1', kind: 'RETRYABLE_PROCESSING_FAILURE' }
typecheck, test, PostgreSQL, e2e, build	V3-0 critical PostgreSQL gates (no skips)	2026-10-06T03:37:45.0214201Z # v2_line_inbox_business_failure { inboxId: '1', kind: 'RETRYABLE_PROCESSING_FAILURE' }
typecheck, test, PostgreSQL, e2e, build	V3-0 critical PostgreSQL gates (no skips)	2026-10-06T03:37:45.0259763Z # v2_notification_outbox_drain_start { limit: 1 }
typecheck, test, PostgreSQL, e2e, build	V3-0 critical PostgreSQL gates (no skips)	2026-10-06T03:37:45.0284055Z # v2_notification_outbox_drain_selected { limit: 1, recoveredLeases: 0, selected: 1 }
typecheck, test, PostgreSQL, e2e, build	V3-0 critical PostgreSQL gates (no skips)	2026-10-06T03:37:45.0434227Z # v2_notification_outbox_delivery_failure {
typecheck, test, PostgreSQL, e2e, build	V3-0 critical PostgreSQL gates (no skips)	2026-10-06T03:37:45.0435461Z #   outboxId: '12',
typecheck, test, PostgreSQL, e2e, build	V3-0 critical PostgreSQL gates (no skips)	2026-10-06T03:37:45.0436404Z #   dedupeKey: 'pg-precutover:2337701d-1e5:outbox',
typecheck, test, PostgreSQL, e2e, build	V3-0 critical PostgreSQL gates (no skips)	2026-10-06T03:37:45.0438285Z #   attempt: 1,
typecheck, test, PostgreSQL, e2e, build	V3-0 critical PostgreSQL gates (no skips)	2026-10-06T03:37:45.0439263Z #   disposition: 'transient',
typecheck, test, PostgreSQL, e2e, build	V3-0 critical PostgreSQL gates (no skips)	2026-10-06T03:37:45.0440367Z #   error: 'LINE delivery HTTP 503'
typecheck, test, PostgreSQL, e2e, build	V3-0 critical PostgreSQL gates (no skips)	2026-10-06T03:37:45.0440776Z # }
typecheck, test, PostgreSQL, e2e, build	V3-0 critical PostgreSQL gates (no skips)	2026-10-06T03:37:45.0442120Z # v2_notification_outbox_drain_finish { limit: 1, selected: 1, sent: 0 }
typecheck, test, PostgreSQL, e2e, build	V3-0 critical PostgreSQL gates (no skips)	2026-10-06T03:37:45.0464440Z # v2_notification_outbox_drain_start { limit: 1 }
typecheck, test, PostgreSQL, e2e, build	V3-0 critical PostgreSQL gates (no skips)	2026-10-06T03:37:45.0492969Z # v2_notification_outbox_drain_selected { limit: 1, recoveredLeases: 0, selected: 1 }
typecheck, test, PostgreSQL, e2e, build	V3-0 critical PostgreSQL gates (no skips)	2026-10-06T03:37:45.0514874Z # v2_notification_outbox_delivery_failure {
typecheck, test, PostgreSQL, e2e, build	V3-0 critical PostgreSQL gates (no skips)	2026-10-06T03:37:45.0515775Z #   outboxId: '12',
typecheck, test, PostgreSQL, e2e, build	V3-0 critical PostgreSQL gates (no skips)	2026-10-06T03:37:45.0516375Z #   dedupeKey: 'pg-precutover:2337701d-1e5:outbox',
typecheck, test, PostgreSQL, e2e, build	V3-0 critical PostgreSQL gates (no skips)	2026-10-06T03:37:45.0516948Z #   attempt: 2,
typecheck, test, PostgreSQL, e2e, build	V3-0 critical PostgreSQL gates (no skips)	2026-10-06T03:37:45.0517363Z #   disposition: 'transient',
typecheck, test, PostgreSQL, e2e, build	V3-0 critical PostgreSQL gates (no skips)	2026-10-06T03:37:45.0517878Z #   error: 'LINE delivery HTTP 503'
typecheck, test, PostgreSQL, e2e, build	V3-0 critical PostgreSQL gates (no skips)	2026-10-06T03:37:45.0518361Z # }
typecheck, test, PostgreSQL, e2e, build	V3-0 critical PostgreSQL gates (no skips)	2026-10-06T03:37:45.0519053Z # v2_notification_outbox_drain_finish { limit: 1, selected: 1, sent: 0 }
typecheck, test, PostgreSQL, e2e, build	V3-0 critical PostgreSQL gates (no skips)	2026-10-06T03:37:45.0524453Z # v2_notification_outbox_drain_start { limit: 1 }
typecheck, test, PostgreSQL, e2e, build	V3-0 critical PostgreSQL gates (no skips)	2026-10-06T03:37:45.0574859Z # v2_notification_outbox_drain_selected { limit: 1, recoveredLeases: 0, selected: 1 }
typecheck, test, PostgreSQL, e2e, build	V3-0 critical PostgreSQL gates (no skips)	2026-10-06T03:37:45.0622491Z # v2_notification_outbox_delivery_failure {
typecheck, test, PostgreSQL, e2e, build	V3-0 critical PostgreSQL gates (no skips)	2026-10-06T03:37:45.0627439Z #   outboxId: '12',
typecheck, test, PostgreSQL, e2e, build	V3-0 critical PostgreSQL gates (no skips)	2026-10-06T03:37:45.0628333Z #   dedupeKey: 'pg-precutover:2337701d-1e5:outbox',
typecheck, test, PostgreSQL, e2e, build	V3-0 critical PostgreSQL gates (no skips)	2026-10-06T03:37:45.0629377Z #   attempt: 3,
typecheck, test, PostgreSQL, e2e, build	V3-0 critical PostgreSQL gates (no skips)	2026-10-06T03:37:45.0630140Z #   disposition: 'transient',
typecheck, test, PostgreSQL, e2e, build	V3-0 critical PostgreSQL gates (no skips)	2026-10-06T03:37:45.0631000Z #   error: 'LINE delivery HTTP 503'
typecheck, test, PostgreSQL, e2e, build	V3-0 critical PostgreSQL gates (no skips)	2026-10-06T03:37:45.0631786Z # }
typecheck, test, PostgreSQL, e2e, build	V3-0 critical PostgreSQL gates (no skips)	2026-10-06T03:37:45.0634976Z # v2_notification_outbox_drain_finish { limit: 1, selected: 1, sent: 0 }
typecheck, test, PostgreSQL, e2e, build	V3-0 critical PostgreSQL gates (no skips)	2026-10-06T03:37:45.0671133Z # Subtest: inbox/outbox failures recover leases, retry, dead-letter, and never replay finance
typecheck, test, PostgreSQL, e2e, build	V3-0 critical PostgreSQL gates (no skips)	2026-10-06T03:37:45.0687022Z ok 4 - inbox/outbox failures recover leases, retry, dead-letter, and never replay finance
typecheck, test, PostgreSQL, e2e, build	V3-0 critical PostgreSQL gates (no skips)	2026-10-06T03:37:45.0690646Z   ---
typecheck, test, PostgreSQL, e2e, build	V3-0 critical PostgreSQL gates (no skips)	2026-10-06T03:37:45.0691067Z   duration_ms: 68.529335
typecheck, test, PostgreSQL, e2e, build	V3-0 critical PostgreSQL gates (no skips)	2026-10-06T03:37:45.0691532Z   type: 'test'
typecheck, test, PostgreSQL, e2e, build	V3-0 critical PostgreSQL gates (no skips)	2026-10-06T03:37:45.0691895Z   ...
typecheck, test, PostgreSQL, e2e, build	V3-0 critical PostgreSQL gates (no skips)	2026-10-06T03:37:45.0692580Z # Subtest: worker retry SQL exposes the persisted first-failure delay
typecheck, test, PostgreSQL, e2e, build	V3-0 critical PostgreSQL gates (no skips)	2026-10-06T03:37:45.0693530Z ok 5 - worker retry SQL exposes the persisted first-failure delay
typecheck, test, PostgreSQL, e2e, build	V3-0 critical PostgreSQL gates (no skips)	2026-10-06T03:37:45.0694167Z   ---
typecheck, test, PostgreSQL, e2e, build	V3-0 critical PostgreSQL gates (no skips)	2026-10-06T03:37:45.0694537Z   duration_ms: 1.557169
typecheck, test, PostgreSQL, e2e, build	V3-0 critical PostgreSQL gates (no skips)	2026-10-06T03:37:45.0694932Z   type: 'test'
typecheck, test, PostgreSQL, e2e, build	V3-0 critical PostgreSQL gates (no skips)	2026-10-06T03:37:45.0695580Z   ...
typecheck, test, PostgreSQL, e2e, build	V3-0 critical PostgreSQL gates (no skips)	2026-10-06T03:37:45.0705885Z # v2_notification_outbox_drain_start { limit: 2 }
typecheck, test, PostgreSQL, e2e, build	V3-0 critical PostgreSQL gates (no skips)	2026-10-06T03:37:45.0730901Z # v2_notification_outbox_drain_selected { limit: 2, recoveredLeases: 0, selected: 2 }
typecheck, test, PostgreSQL, e2e, build	V3-0 critical PostgreSQL gates (no skips)	2026-10-06T03:37:45.0745477Z # v2_notification_outbox_delivery_failure {
typecheck, test, PostgreSQL, e2e, build	V3-0 critical PostgreSQL gates (no skips)	2026-10-06T03:37:45.0746284Z #   outboxId: '13',
typecheck, test, PostgreSQL, e2e, build	V3-0 critical PostgreSQL gates (no skips)	2026-10-06T03:37:45.0749057Z #   dedupeKey: 'pg-precutover:2337701d-1e5:outbox-permanent',
typecheck, test, PostgreSQL, e2e, build	V3-0 critical PostgreSQL gates (no skips)	2026-10-06T03:37:45.0749746Z #   attempt: 1,
typecheck, test, PostgreSQL, e2e, build	V3-0 critical PostgreSQL gates (no skips)	2026-10-06T03:37:45.0750321Z #   disposition: 'permanent',
typecheck, test, PostgreSQL, e2e, build	V3-0 critical PostgreSQL gates (no skips)	2026-10-06T03:37:45.0753816Z #   error: 'LINE delivery HTTP 400'
typecheck, test, PostgreSQL, e2e, build	V3-0 critical PostgreSQL gates (no skips)	2026-10-06T03:37:45.0754365Z # }
typecheck, test, PostgreSQL, e2e, build	V3-0 critical PostgreSQL gates (no skips)	2026-10-06T03:37:45.0762644Z # v2_notification_outbox_sent {
typecheck, test, PostgreSQL, e2e, build	V3-0 critical PostgreSQL gates (no skips)	2026-10-06T03:37:45.0767968Z #   outboxId: '14',
typecheck, test, PostgreSQL, e2e, build	V3-0 critical PostgreSQL gates (no skips)	2026-10-06T03:37:45.0776221Z #   dedupeKey: 'pg-precutover:2337701d-1e5:outbox-later',
typecheck, test, PostgreSQL, e2e, build	V3-0 critical PostgreSQL gates (no skips)	2026-10-06T03:37:45.0776859Z #   attempt: 1
typecheck, test, PostgreSQL, e2e, build	V3-0 critical PostgreSQL gates (no skips)	2026-10-06T03:37:45.0777383Z # }
typecheck, test, PostgreSQL, e2e, build	V3-0 critical PostgreSQL gates (no skips)	2026-10-06T03:37:45.0778206Z # v2_notification_outbox_drain_finish { limit: 2, selected: 2, sent: 1 }
typecheck, test, PostgreSQL, e2e, build	V3-0 critical PostgreSQL gates (no skips)	2026-10-06T03:37:45.0822152Z # Subtest: permanent outbox failures dead-letter once, do not block later rows, and leases are exclusive
typecheck, test, PostgreSQL, e2e, build	V3-0 critical PostgreSQL gates (no skips)	2026-10-06T03:37:45.0826776Z ok 6 - permanent outbox failures dead-letter once, do not block later rows, and leases are exclusive
typecheck, test, PostgreSQL, e2e, build	V3-0 critical PostgreSQL gates (no skips)	2026-10-06T03:37:45.0827770Z   ---
typecheck, test, PostgreSQL, e2e, build	V3-0 critical PostgreSQL gates (no skips)	2026-10-06T03:37:45.0828435Z   duration_ms: 14.034903
typecheck, test, PostgreSQL, e2e, build	V3-0 critical PostgreSQL gates (no skips)	2026-10-06T03:37:45.0829085Z   type: 'test'
typecheck, test, PostgreSQL, e2e, build	V3-0 critical PostgreSQL gates (no skips)	2026-10-06T03:37:45.0829590Z   ...
typecheck, test, PostgreSQL, e2e, build	V3-0 critical PostgreSQL gates (no skips)	2026-10-06T03:37:55.1041185Z 1..6
typecheck, test, PostgreSQL, e2e, build	V3-0 critical PostgreSQL gates (no skips)	2026-10-06T03:37:55.1041679Z # tests 6
typecheck, test, PostgreSQL, e2e, build	V3-0 critical PostgreSQL gates (no skips)	2026-10-06T03:37:55.1042062Z # suites 0
typecheck, test, PostgreSQL, e2e, build	V3-0 critical PostgreSQL gates (no skips)	2026-10-06T03:37:55.1042431Z # pass 6
typecheck, test, PostgreSQL, e2e, build	V3-0 critical PostgreSQL gates (no skips)	2026-10-06T03:37:55.1043006Z # fail 0
typecheck, test, PostgreSQL, e2e, build	V3-0 critical PostgreSQL gates (no skips)	2026-10-06T03:37:55.1043664Z # cancelled 0
typecheck, test, PostgreSQL, e2e, build	V3-0 critical PostgreSQL gates (no skips)	2026-10-06T03:37:55.1044144Z # skipped 0
typecheck, test, PostgreSQL, e2e, build	V3-0 critical PostgreSQL gates (no skips)	2026-10-06T03:37:55.1044763Z # todo 0
typecheck, test, PostgreSQL, e2e, build	V3-0 critical PostgreSQL gates (no skips)	2026-10-06T03:37:55.1045854Z # duration_ms 11192.259725
typecheck, test, PostgreSQL, e2e, build	V3-0 critical PostgreSQL gates (no skips)	2026-10-06T03:37:56.5060654Z $ tsx --test src/lib/v2-category-migration.pg.test.ts src/lib/v2-incident-freeze.test.ts
typecheck, test, PostgreSQL, e2e, build	V3-0 critical PostgreSQL gates (no skips)	2026-10-06T03:37:56.6515946Z TAP version 13
typecheck, test, PostgreSQL, e2e, build	V3-0 critical PostgreSQL gates (no skips)	2026-10-06T03:37:57.1144456Z # Subtest: old category order fails with SQLSTATE 55006 and corrected order plus runtime grant are atomic
typecheck, test, PostgreSQL, e2e, build	V3-0 critical PostgreSQL gates (no skips)	2026-10-06T03:37:57.1166926Z ok 1 - old category order fails with SQLSTATE 55006 and corrected order plus runtime grant are atomic
typecheck, test, PostgreSQL, e2e, build	V3-0 critical PostgreSQL gates (no skips)	2026-10-06T03:37:57.1168119Z   ---
typecheck, test, PostgreSQL, e2e, build	V3-0 critical PostgreSQL gates (no skips)	2026-10-06T03:37:57.1168663Z   duration_ms: 108.365095
typecheck, test, PostgreSQL, e2e, build	V3-0 critical PostgreSQL gates (no skips)	2026-10-06T03:37:57.1169256Z   type: 'test'
typecheck, test, PostgreSQL, e2e, build	V3-0 critical PostgreSQL gates (no skips)	2026-10-06T03:37:57.1169771Z   ...
typecheck, test, PostgreSQL, e2e, build	V3-0 critical PostgreSQL gates (no skips)	2026-10-06T03:37:57.1331357Z # Subtest: incident freeze error has the stable maintenance response
typecheck, test, PostgreSQL, e2e, build	V3-0 critical PostgreSQL gates (no skips)	2026-10-06T03:37:57.1332560Z ok 2 - incident freeze error has the stable maintenance response
typecheck, test, PostgreSQL, e2e, build	V3-0 critical PostgreSQL gates (no skips)	2026-10-06T03:37:57.1333259Z   ---
typecheck, test, PostgreSQL, e2e, build	V3-0 critical PostgreSQL gates (no skips)	2026-10-06T03:37:57.1333667Z   duration_ms: 1.41898
typecheck, test, PostgreSQL, e2e, build	V3-0 critical PostgreSQL gates (no skips)	2026-10-06T03:37:57.1334111Z   type: 'test'
typecheck, test, PostgreSQL, e2e, build	V3-0 critical PostgreSQL gates (no skips)	2026-10-06T03:37:57.1334511Z   ...
typecheck, test, PostgreSQL, e2e, build	V3-0 critical PostgreSQL gates (no skips)	2026-10-06T03:37:57.1335586Z # Subtest: incident freeze detection does not classify ordinary errors
typecheck, test, PostgreSQL, e2e, build	V3-0 critical PostgreSQL gates (no skips)	2026-10-06T03:37:57.1356301Z ok 3 - incident freeze detection does not classify ordinary errors
typecheck, test, PostgreSQL, e2e, build	V3-0 critical PostgreSQL gates (no skips)	2026-10-06T03:37:57.1357127Z   ---
typecheck, test, PostgreSQL, e2e, build	V3-0 critical PostgreSQL gates (no skips)	2026-10-06T03:37:57.1357747Z   duration_ms: 0.242642
typecheck, test, PostgreSQL, e2e, build	V3-0 critical PostgreSQL gates (no skips)	2026-10-06T03:37:57.1358364Z   type: 'test'
typecheck, test, PostgreSQL, e2e, build	V3-0 critical PostgreSQL gates (no skips)	2026-10-06T03:37:57.1358883Z   ...
typecheck, test, PostgreSQL, e2e, build	V3-0 critical PostgreSQL gates (no skips)	2026-10-06T03:37:57.1359793Z # Subtest: bootstrap-only mode is explicit and disabled by default
typecheck, test, PostgreSQL, e2e, build	V3-0 critical PostgreSQL gates (no skips)	2026-10-06T03:37:57.1360933Z ok 4 - bootstrap-only mode is explicit and disabled by default
typecheck, test, PostgreSQL, e2e, build	V3-0 critical PostgreSQL gates (no skips)	2026-10-06T03:37:57.1361698Z   ---
typecheck, test, PostgreSQL, e2e, build	V3-0 critical PostgreSQL gates (no skips)	2026-10-06T03:37:57.1362265Z   duration_ms: 0.23098
typecheck, test, PostgreSQL, e2e, build	V3-0 critical PostgreSQL gates (no skips)	2026-10-06T03:37:57.1362863Z   type: 'test'
typecheck, test, PostgreSQL, e2e, build	V3-0 critical PostgreSQL gates (no skips)	2026-10-06T03:37:57.1363380Z   ...
typecheck, test, PostgreSQL, e2e, build	V3-0 critical PostgreSQL gates (no skips)	2026-10-06T03:37:57.1376253Z # Subtest: bootstrap-only mode allows only schema-compatible V2 reads
typecheck, test, PostgreSQL, e2e, build	V3-0 critical PostgreSQL gates (no skips)	2026-10-06T03:37:57.1377518Z ok 5 - bootstrap-only mode allows only schema-compatible V2 reads
typecheck, test, PostgreSQL, e2e, build	V3-0 critical PostgreSQL gates (no skips)	2026-10-06T03:37:57.1378555Z   ---
typecheck, test, PostgreSQL, e2e, build	V3-0 critical PostgreSQL gates (no skips)	2026-10-06T03:37:57.1379130Z   duration_ms: 0.410664
typecheck, test, PostgreSQL, e2e, build	V3-0 critical PostgreSQL gates (no skips)	2026-10-06T03:37:57.1379902Z   type: 'test'
typecheck, test, PostgreSQL, e2e, build	V3-0 critical PostgreSQL gates (no skips)	2026-10-06T03:37:57.1380525Z   ...
typecheck, test, PostgreSQL, e2e, build	V3-0 critical PostgreSQL gates (no skips)	2026-10-06T03:37:57.1380988Z 1..5
typecheck, test, PostgreSQL, e2e, build	V3-0 critical PostgreSQL gates (no skips)	2026-10-06T03:37:57.1381481Z # tests 5
typecheck, test, PostgreSQL, e2e, build	V3-0 critical PostgreSQL gates (no skips)	2026-10-06T03:37:57.1381976Z # suites 0
typecheck, test, PostgreSQL, e2e, build	V3-0 critical PostgreSQL gates (no skips)	2026-10-06T03:37:57.1382476Z # pass 5
typecheck, test, PostgreSQL, e2e, build	V3-0 critical PostgreSQL gates (no skips)	2026-10-06T03:37:57.1382938Z # fail 0
typecheck, test, PostgreSQL, e2e, build	V3-0 critical PostgreSQL gates (no skips)	2026-10-06T03:37:57.1383470Z # cancelled 0
typecheck, test, PostgreSQL, e2e, build	V3-0 critical PostgreSQL gates (no skips)	2026-10-06T03:37:57.1394790Z # skipped 0
typecheck, test, PostgreSQL, e2e, build	V3-0 critical PostgreSQL gates (no skips)	2026-10-06T03:37:57.1396213Z # todo 0
typecheck, test, PostgreSQL, e2e, build	V3-0 critical PostgreSQL gates (no skips)	2026-10-06T03:37:57.1396866Z # duration_ms 495.395684
typecheck, test, PostgreSQL, e2e, build	Install Playwright browser	﻿2026-10-06T03:37:57.2054901Z ##[group]Run pnpm exec playwright install --with-deps chromium webkit
typecheck, test, PostgreSQL, e2e, build	Install Playwright browser	2026-10-06T03:37:57.2055743Z ^[[36;1mpnpm exec playwright install --with-deps chromium webkit^[[0m
typecheck, test, PostgreSQL, e2e, build	Install Playwright browser	2026-10-06T03:37:57.2120682Z shell: /usr/bin/bash -e {0}
typecheck, test, PostgreSQL, e2e, build	Install Playwright browser	2026-10-06T03:37:57.2120964Z env:
typecheck, test, PostgreSQL, e2e, build	Install Playwright browser	2026-10-06T03:37:57.2121241Z   PNPM_HOME: /home/runner/setup-pnpm/node_modules/.bin
typecheck, test, PostgreSQL, e2e, build	Install Playwright browser	2026-10-06T03:37:57.2121600Z ##[endgroup]
typecheck, test, PostgreSQL, e2e, build	Install Playwright browser	2026-10-06T03:37:58.1411314Z Installing dependencies...
typecheck, test, PostgreSQL, e2e, build	Install Playwright browser	2026-10-06T03:37:58.1477070Z Switching to root user to install dependencies...
typecheck, test, PostgreSQL, e2e, build	Install Playwright browser	2026-10-06T03:37:58.2367107Z Get:1 file:/etc/apt/apt-mirrors.txt Mirrorlist [144 B]
typecheck, test, PostgreSQL, e2e, build	Install Playwright browser	2026-10-06T03:37:58.2644323Z Get:6 https://packages.microsoft.com/ubuntu/24.04/prod noble InRelease [3600 B]
typecheck, test, PostgreSQL, e2e, build	Install Playwright browser	2026-10-06T03:37:58.2778314Z Hit:2 http://azure.archive.ubuntu.com/ubuntu noble InRelease
typecheck, test, PostgreSQL, e2e, build	Install Playwright browser	2026-10-06T03:37:58.2800228Z Get:3 http://azure.archive.ubuntu.com/ubuntu noble-updates InRelease [126 kB]
typecheck, test, PostgreSQL, e2e, build	Install Playwright browser	2026-10-06T03:37:58.2845933Z Get:4 http://azure.archive.ubuntu.com/ubuntu noble-backports InRelease [126 kB]
typecheck, test, PostgreSQL, e2e, build	Install Playwright browser	2026-10-06T03:37:58.2847763Z Get:5 http://azure.archive.ubuntu.com/ubuntu noble-security InRelease [126 kB]
typecheck, test, PostgreSQL, e2e, build	Install Playwright browser	2026-10-06T03:37:58.3516550Z Get:7 https://packages.microsoft.com/ubuntu/24.04/prod noble/main armhf Packages [12.6 kB]
typecheck, test, PostgreSQL, e2e, build	Install Playwright browser	2026-10-06T03:37:58.3652474Z Get:8 https://packages.microsoft.com/ubuntu/24.04/prod noble/main amd64 Packages [515 kB]
typecheck, test, PostgreSQL, e2e, build	Install Playwright browser	2026-10-06T03:37:58.3806065Z Get:9 https://packages.microsoft.com/ubuntu/24.04/prod noble/main arm64 Packages [458 kB]
typecheck, test, PostgreSQL, e2e, build	Install Playwright browser	2026-10-06T03:37:58.4626739Z Get:10 http://azure.archive.ubuntu.com/ubuntu noble-updates/main amd64 Packages [1370 kB]
typecheck, test, PostgreSQL, e2e, build	Install Playwright browser	2026-10-06T03:37:58.4714578Z Get:11 http://azure.archive.ubuntu.com/ubuntu noble-updates/main Translation-en [305 kB]
typecheck, test, PostgreSQL, e2e, build	Install Playwright browser	2026-10-06T03:37:58.4719051Z Get:12 http://azure.archive.ubuntu.com/ubuntu noble-updates/main amd64 Components [181 kB]
typecheck, test, PostgreSQL, e2e, build	Install Playwright browser	2026-10-06T03:37:58.4737566Z Get:13 http://azure.archive.ubuntu.com/ubuntu noble-updates/universe amd64 Packages [1701 kB]
typecheck, test, PostgreSQL, e2e, build	Install Playwright browser	2026-10-06T03:37:58.4833239Z Get:14 http://azure.archive.ubuntu.com/ubuntu noble-updates/universe Translation-en [341 kB]
typecheck, test, PostgreSQL, e2e, build	Install Playwright browser	2026-10-06T03:37:58.4857289Z Get:15 http://azure.archive.ubuntu.com/ubuntu noble-updates/universe amd64 Components [388 kB]
typecheck, test, PostgreSQL, e2e, build	Install Playwright browser	2026-10-06T03:37:58.4897871Z Get:16 http://azure.archive.ubuntu.com/ubuntu noble-updates/restricted amd64 Packages [1728 kB]
typecheck, test, PostgreSQL, e2e, build	Install Playwright browser	2026-10-06T03:37:58.4984643Z Get:17 http://azure.archive.ubuntu.com/ubuntu noble-updates/restricted Translation-en [395 kB]
typecheck, test, PostgreSQL, e2e, build	Install Playwright browser	2026-10-06T03:37:58.5002800Z Get:18 http://azure.archive.ubuntu.com/ubuntu noble-updates/multiverse Translation-en [13.3 kB]
typecheck, test, PostgreSQL, e2e, build	Install Playwright browser	2026-10-06T03:37:58.5010415Z Get:19 http://azure.archive.ubuntu.com/ubuntu noble-updates/multiverse amd64 Components [940 B]
typecheck, test, PostgreSQL, e2e, build	Install Playwright browser	2026-10-06T03:37:58.5646818Z Get:20 http://azure.archive.ubuntu.com/ubuntu noble-backports/main amd64 Components [5764 B]
typecheck, test, PostgreSQL, e2e, build	Install Playwright browser	2026-10-06T03:37:58.5707794Z Get:21 http://azure.archive.ubuntu.com/ubuntu noble-backports/universe amd64 Components [12.6 kB]
typecheck, test, PostgreSQL, e2e, build	Install Playwright browser	2026-10-06T03:37:58.5719105Z Get:22 http://azure.archive.ubuntu.com/ubuntu noble-security/main amd64 Packages [1071 kB]
typecheck, test, PostgreSQL, e2e, build	Install Playwright browser	2026-10-06T03:37:58.5776339Z Get:23 http://azure.archive.ubuntu.com/ubuntu noble-security/main Translation-en [222 kB]
typecheck, test, PostgreSQL, e2e, build	Install Playwright browser	2026-10-06T03:37:58.5790002Z Get:24 http://azure.archive.ubuntu.com/ubuntu noble-security/main amd64 Components [46.4 kB]
typecheck, test, PostgreSQL, e2e, build	Install Playwright browser	2026-10-06T03:37:58.5799041Z Get:25 http://azure.archive.ubuntu.com/ubuntu noble-security/universe amd64 Packages [1216 kB]
typecheck, test, PostgreSQL, e2e, build	Install Playwright browser	2026-10-06T03:37:58.5858755Z Get:26 http://azure.archive.ubuntu.com/ubuntu noble-security/universe Translation-en [244 kB]
typecheck, test, PostgreSQL, e2e, build	Install Playwright browser	2026-10-06T03:37:58.5874558Z Get:27 http://azure.archive.ubuntu.com/ubuntu noble-security/universe amd64 Components [76.3 kB]
typecheck, test, PostgreSQL, e2e, build	Install Playwright browser	2026-10-06T03:37:58.5884010Z Get:28 http://azure.archive.ubuntu.com/ubuntu noble-security/restricted amd64 Packages [1566 kB]
typecheck, test, PostgreSQL, e2e, build	Install Playwright browser	2026-10-06T03:37:58.5958583Z Get:29 http://azure.archive.ubuntu.com/ubuntu noble-security/restricted Translation-en [361 kB]
typecheck, test, PostgreSQL, e2e, build	Install Playwright browser	2026-10-06T03:38:02.7871286Z Fetched 12.6 MB in 1s (9243 kB/s)
typecheck, test, PostgreSQL, e2e, build	Install Playwright browser	2026-10-06T03:38:03.5932255Z Reading package lists...
typecheck, test, PostgreSQL, e2e, build	Install Playwright browser	2026-10-06T03:38:03.6174402Z Reading package lists...
typecheck, test, PostgreSQL, e2e, build	Install Playwright browser	2026-10-06T03:38:03.7877355Z Building dependency tree...
typecheck, test, PostgreSQL, e2e, build	Install Playwright browser	2026-10-06T03:38:03.7884888Z Reading state information...
typecheck, test, PostgreSQL, e2e, build	Install Playwright browser	2026-10-06T03:38:03.8020796Z libasound2t64 is already the newest version (1.2.11-1ubuntu0.3).
typecheck, test, PostgreSQL, e2e, build	Install Playwright browser	2026-10-06T03:38:03.8021639Z libasound2t64 set to manually installed.
typecheck, test, PostgreSQL, e2e, build	Install Playwright browser	2026-10-06T03:38:03.8022442Z libatk-bridge2.0-0t64 is already the newest version (2.52.0-1build1).
typecheck, test, PostgreSQL, e2e, build	Install Playwright browser	2026-10-06T03:38:03.8023248Z libatk-bridge2.0-0t64 set to manually installed.
typecheck, test, PostgreSQL, e2e, build	Install Playwright browser	2026-10-06T03:38:03.8023997Z libatk1.0-0t64 is already the newest version (2.52.0-1build1).
typecheck, test, PostgreSQL, e2e, build	Install Playwright browser	2026-10-06T03:38:03.8024687Z libatk1.0-0t64 set to manually installed.
typecheck, test, PostgreSQL, e2e, build	Install Playwright browser	2026-10-06T03:38:03.8025663Z libatspi2.0-0t64 is already the newest version (2.52.0-1build1).
typecheck, test, PostgreSQL, e2e, build	Install Playwright browser	2026-10-06T03:38:03.8026425Z libatspi2.0-0t64 set to manually installed.
typecheck, test, PostgreSQL, e2e, build	Install Playwright browser	2026-10-06T03:38:03.8027121Z libcairo2 is already the newest version (1.18.0-3build1).
typecheck, test, PostgreSQL, e2e, build	Install Playwright browser	2026-10-06T03:38:03.8027774Z libcairo2 set to manually installed.
typecheck, test, PostgreSQL, e2e, build	Install Playwright browser	2026-10-06T03:38:03.8028499Z libcups2t64 is already the newest version (2.4.7-1.2ubuntu7.14).
typecheck, test, PostgreSQL, e2e, build	Install Playwright browser	2026-10-06T03:38:03.8029248Z libcups2t64 set to manually installed.
typecheck, test, PostgreSQL, e2e, build	Install Playwright browser	2026-10-06T03:38:03.8029959Z libdbus-1-3 is already the newest version (1.14.10-4ubuntu4.1).
typecheck, test, PostgreSQL, e2e, build	Install Playwright browser	2026-10-06T03:38:03.8030653Z libdbus-1-3 set to manually installed.
typecheck, test, PostgreSQL, e2e, build	Install Playwright browser	2026-10-06T03:38:03.8031381Z libdrm2 is already the newest version (2.4.125-1ubuntu0.1~24.04.2).
typecheck, test, PostgreSQL, e2e, build	Install Playwright browser	2026-10-06T03:38:03.8032069Z libdrm2 set to manually installed.
typecheck, test, PostgreSQL, e2e, build	Install Playwright browser	2026-10-06T03:38:03.8032781Z libglib2.0-0t64 is already the newest version (2.80.0-6ubuntu3.9).
typecheck, test, PostgreSQL, e2e, build	Install Playwright browser	2026-10-06T03:38:03.8033512Z libglib2.0-0t64 set to manually installed.
typecheck, test, PostgreSQL, e2e, build	Install Playwright browser	2026-10-06T03:38:03.8034227Z libnspr4 is already the newest version (2:4.35-1.1build1).
typecheck, test, PostgreSQL, e2e, build	Install Playwright browser	2026-10-06T03:38:03.8034885Z libnspr4 set to manually installed.
typecheck, test, PostgreSQL, e2e, build	Install Playwright browser	2026-10-06T03:38:03.8035738Z libnss3 is already the newest version (2:3.98-1ubuntu0.2).
typecheck, test, PostgreSQL, e2e, build	Install Playwright browser	2026-10-06T03:38:03.8036384Z libnss3 set to manually installed.
typecheck, test, PostgreSQL, e2e, build	Install Playwright browser	2026-10-06T03:38:03.8037097Z libpango-1.0-0 is already the newest version (1.52.1+ds-1build1).
typecheck, test, PostgreSQL, e2e, build	Install Playwright browser	2026-10-06T03:38:03.8037829Z libpango-1.0-0 set to manually installed.
typecheck, test, PostgreSQL, e2e, build	Install Playwright browser	2026-10-06T03:38:03.8038522Z libx11-6 is already the newest version (2:1.8.7-1build1).
typecheck, test, PostgreSQL, e2e, build	Install Playwright browser	2026-10-06T03:38:03.8039166Z libx11-6 set to manually installed.
typecheck, test, PostgreSQL, e2e, build	Install Playwright browser	2026-10-06T03:38:03.8039811Z libxcb1 is already the newest version (1.15-1ubuntu2).
typecheck, test, PostgreSQL, e2e, build	Install Playwright browser	2026-10-06T03:38:03.8040439Z libxcb1 set to manually installed.
typecheck, test, PostgreSQL, e2e, build	Install Playwright browser	2026-10-06T03:38:03.8041156Z libxcomposite1 is already the newest version (1:0.4.5-1build3).
typecheck, test, PostgreSQL, e2e, build	Install Playwright browser	2026-10-06T03:38:03.8041899Z libxcomposite1 set to manually installed.
typecheck, test, PostgreSQL, e2e, build	Install Playwright browser	2026-10-06T03:38:03.8042626Z libxdamage1 is already the newest version (1:1.1.6-1build1).
typecheck, test, PostgreSQL, e2e, build	Install Playwright browser	2026-10-06T03:38:03.8043308Z libxdamage1 set to manually installed.
typecheck, test, PostgreSQL, e2e, build	Install Playwright browser	2026-10-06T03:38:03.8043989Z libxext6 is already the newest version (2:1.3.4-1build2).
typecheck, test, PostgreSQL, e2e, build	Install Playwright browser	2026-10-06T03:38:03.8044638Z libxext6 set to manually installed.
typecheck, test, PostgreSQL, e2e, build	Install Playwright browser	2026-10-06T03:38:03.8045485Z libxfixes3 is already the newest version (1:6.0.0-2build1).
typecheck, test, PostgreSQL, e2e, build	Install Playwright browser	2026-10-06T03:38:03.8046161Z libxfixes3 set to manually installed.
typecheck, test, PostgreSQL, e2e, build	Install Playwright browser	2026-10-06T03:38:03.8046867Z libxkbcommon0 is already the newest version (1.6.0-1build1).
typecheck, test, PostgreSQL, e2e, build	Install Playwright browser	2026-10-06T03:38:03.8047567Z libxkbcommon0 set to manually installed.
typecheck, test, PostgreSQL, e2e, build	Install Playwright browser	2026-10-06T03:38:03.8048267Z libxrandr2 is already the newest version (2:1.5.2-2build1).
typecheck, test, PostgreSQL, e2e, build	Install Playwright browser	2026-10-06T03:38:03.8048944Z libxrandr2 set to manually installed.
typecheck, test, PostgreSQL, e2e, build	Install Playwright browser	2026-10-06T03:38:03.8049616Z xvfb is already the newest version (2:21.1.12-1ubuntu1.8).
typecheck, test, PostgreSQL, e2e, build	Install Playwright browser	2026-10-06T03:38:03.8050549Z fonts-noto-color-emoji is already the newest version (2.047-0ubuntu0.24.04.1).
typecheck, test, PostgreSQL, e2e, build	Install Playwright browser	2026-10-06T03:38:03.8051527Z libfontconfig1 is already the newest version (2.15.0-1.1ubuntu2).
typecheck, test, PostgreSQL, e2e, build	Install Playwright browser	2026-10-06T03:38:03.8052260Z libfontconfig1 set to manually installed.
typecheck, test, PostgreSQL, e2e, build	Install Playwright browser	2026-10-06T03:38:03.8053035Z libfreetype6 is already the newest version (2.13.2+dfsg-1ubuntu0.1).
typecheck, test, PostgreSQL, e2e, build	Install Playwright browser	2026-10-06T03:38:03.8053778Z libfreetype6 set to manually installed.
typecheck, test, PostgreSQL, e2e, build	Install Playwright browser	2026-10-06T03:38:03.8054491Z fonts-liberation is already the newest version (1:2.1.5-3).
typecheck, test, PostgreSQL, e2e, build	Install Playwright browser	2026-10-06T03:38:03.8055289Z fonts-liberation set to manually installed.
typecheck, test, PostgreSQL, e2e, build	Install Playwright browser	2026-10-06T03:38:03.8055898Z libicu74 is already the newest version (74.2-1ubuntu3.1).
typecheck, test, PostgreSQL, e2e, build	Install Playwright browser	2026-10-06T03:38:03.8057249Z libatomic1 is already the newest version (14.2.0-4ubuntu2~24.04.1).
typecheck, test, PostgreSQL, e2e, build	Install Playwright browser	2026-10-06T03:38:03.8057907Z libatomic1 set to manually installed.
typecheck, test, PostgreSQL, e2e, build	Install Playwright browser	2026-10-06T03:38:03.8058619Z libcairo-gobject2 is already the newest version (1.18.0-3build1).
typecheck, test, PostgreSQL, e2e, build	Install Playwright browser	2026-10-06T03:38:03.8059287Z libcairo-gobject2 set to manually installed.
typecheck, test, PostgreSQL, e2e, build	Install Playwright browser	2026-10-06T03:38:03.8059939Z libenchant-2-2 is already the newest version (2.3.3-2build2).
typecheck, test, PostgreSQL, e2e, build	Install Playwright browser	2026-10-06T03:38:03.8060566Z libenchant-2-2 set to manually installed.
typecheck, test, PostgreSQL, e2e, build	Install Playwright browser	2026-10-06T03:38:03.8061162Z libepoxy0 is already the newest version (1.5.10-1build1).
typecheck, test, PostgreSQL, e2e, build	Install Playwright browser	2026-10-06T03:38:03.8061729Z libepoxy0 set to manually installed.
typecheck, test, PostgreSQL, e2e, build	Install Playwright browser	2026-10-06T03:38:03.8062410Z libgdk-pixbuf-2.0-0 is already the newest version (2.42.10+dfsg-3ubuntu3.3).
typecheck, test, PostgreSQL, e2e, build	Install Playwright browser	2026-10-06T03:38:03.8063150Z libgdk-pixbuf-2.0-0 set to manually installed.
typecheck, test, PostgreSQL, e2e, build	Install Playwright browser	2026-10-06T03:38:03.8063850Z libgstreamer1.0-0 is already the newest version (1.24.2-1ubuntu0.1).
typecheck, test, PostgreSQL, e2e, build	Install Playwright browser	2026-10-06T03:38:03.8064496Z libgstreamer1.0-0 set to manually installed.
typecheck, test, PostgreSQL, e2e, build	Install Playwright browser	2026-10-06T03:38:03.8065349Z libharfbuzz0b is already the newest version (8.3.0-2build2).
typecheck, test, PostgreSQL, e2e, build	Install Playwright browser	2026-10-06T03:38:03.8065940Z libharfbuzz0b set to manually installed.
typecheck, test, PostgreSQL, e2e, build	Install Playwright browser	2026-10-06T03:38:03.8066574Z libjpeg-turbo8 is already the newest version (2.1.5-2ubuntu2).
typecheck, test, PostgreSQL, e2e, build	Install Playwright browser	2026-10-06T03:38:03.8067181Z libjpeg-turbo8 set to manually installed.
typecheck, test, PostgreSQL, e2e, build	Install Playwright browser	2026-10-06T03:38:03.8067843Z liblcms2-2 is already the newest version (2.14-2ubuntu0.1).
typecheck, test, PostgreSQL, e2e, build	Install Playwright browser	2026-10-06T03:38:03.8068402Z liblcms2-2 set to manually installed.
typecheck, test, PostgreSQL, e2e, build	Install Playwright browser	2026-10-06T03:38:03.8069049Z libpangocairo-1.0-0 is already the newest version (1.52.1+ds-1build1).
typecheck, test, PostgreSQL, e2e, build	Install Playwright browser	2026-10-06T03:38:03.8069733Z libpangocairo-1.0-0 set to manually installed.
typecheck, test, PostgreSQL, e2e, build	Install Playwright browser	2026-10-06T03:38:03.8070417Z libpng16-16t64 is already the newest version (1.6.43-5ubuntu0.6).
typecheck, test, PostgreSQL, e2e, build	Install Playwright browser	2026-10-06T03:38:03.8071050Z libpng16-16t64 set to manually installed.
typecheck, test, PostgreSQL, e2e, build	Install Playwright browser	2026-10-06T03:38:03.8071771Z libwayland-client0 is already the newest version (1.22.0-2.1build1).
typecheck, test, PostgreSQL, e2e, build	Install Playwright browser	2026-10-06T03:38:03.8072476Z libwayland-client0 set to manually installed.
typecheck, test, PostgreSQL, e2e, build	Install Playwright browser	2026-10-06T03:38:03.8073160Z libwayland-egl1 is already the newest version (1.22.0-2.1build1).
typecheck, test, PostgreSQL, e2e, build	Install Playwright browser	2026-10-06T03:38:03.8073849Z libwayland-egl1 set to manually installed.
typecheck, test, PostgreSQL, e2e, build	Install Playwright browser	2026-10-06T03:38:03.8074492Z libwebp7 is already the newest version (1.3.2-0.4build3).
typecheck, test, PostgreSQL, e2e, build	Install Playwright browser	2026-10-06T03:38:03.8075299Z libwebp7 set to manually installed.
typecheck, test, PostgreSQL, e2e, build	Install Playwright browser	2026-10-06T03:38:03.9286563Z libwebpdemux2 is already the newest version (1.3.2-0.4build3).
typecheck, test, PostgreSQL, e2e, build	Install Playwright browser	2026-10-06T03:38:03.9287427Z libwebpdemux2 set to manually installed.
typecheck, test, PostgreSQL, e2e, build	Install Playwright browser	2026-10-06T03:38:03.9288246Z libxml2 is already the newest version (2.9.14+dfsg-1.3ubuntu3.9).
typecheck, test, PostgreSQL, e2e, build	Install Playwright browser	2026-10-06T03:38:03.9289041Z libxml2 set to manually installed.
typecheck, test, PostgreSQL, e2e, build	Install Playwright browser	2026-10-06T03:38:03.9289871Z libxslt1.1 is already the newest version (1.1.39-0exp1ubuntu0.24.04.3).
typecheck, test, PostgreSQL, e2e, build	Install Playwright browser	2026-10-06T03:38:03.9290665Z libxslt1.1 set to manually installed.
typecheck, test, PostgreSQL, e2e, build	Install Playwright browser	2026-10-06T03:38:03.9291397Z The following additional packages will be installed:
typecheck, test, PostgreSQL, e2e, build	Install Playwright browser	2026-10-06T03:38:03.9292222Z   glib-networking glib-networking-common glib-networking-services
typecheck, test, PostgreSQL, e2e, build	Install Playwright browser	2026-10-06T03:38:03.9293185Z   gsettings-desktop-schemas libaa1 libabsl20220623t64 libass9 libasyncns0
typecheck, test, PostgreSQL, e2e, build	Install Playwright browser	2026-10-06T03:38:03.9294207Z   libavc1394-0 libavcodec60 libavfilter9 libavformat60 libavtp0 libavutil58
typecheck, test, PostgreSQL, e2e, build	Install Playwright browser	2026-10-06T03:38:03.9295352Z   libblas3 libbluray2 libbs2b0 libcaca0 libcairo-script-interpreter2
typecheck, test, PostgreSQL, e2e, build	Install Playwright browser	2026-10-06T03:38:03.9296220Z   libcdparanoia0 libchromaprint1 libcjson1 libcodec2-1.2 libdav1d7
typecheck, test, PostgreSQL, e2e, build	Install Playwright browser	2026-10-06T03:38:03.9297226Z   libdc1394-25 libdca0 libde265-0 libdecor-0-0 libdirectfb-1.7-7t64 libdv4t64
typecheck, test, PostgreSQL, e2e, build	Install Playwright browser	2026-10-06T03:38:03.9298230Z   libdvdnav4 libdvdread8t64 libegl-mesa0 libegl1 libevent-core-2.1-7t64
typecheck, test, PostgreSQL, e2e, build	Install Playwright browser	2026-10-06T03:38:03.9299256Z   libevent-pthreads-2.1-7t64 libfaad2 libflac12t64 libfluidsynth3 libfreeaptx0
typecheck, test, PostgreSQL, e2e, build	Install Playwright browser	2026-10-06T03:38:03.9300233Z   libgav1-1 libgl1-mesa-dri libglx-mesa0 libgme0 libgraphene-1.0-0 libgsm1
typecheck, test, PostgreSQL, e2e, build	Install Playwright browser	2026-10-06T03:38:03.9301194Z   libgssdp-1.6-0 libgstreamer-plugins-good1.0-0 libgtk-4-common libgupnp-1.6-0
typecheck, test, PostgreSQL, e2e, build	Install Playwright browser	2026-10-06T03:38:03.9302033Z   libgupnp-igd-1.6-0 libhwy1t64 libiec61883-0 libimath-3-1-29t64
typecheck, test, PostgreSQL, e2e, build	Install Playwright browser	2026-10-06T03:38:03.9302621Z   libinstpatch-1.0-2 libjack-jackd2-0 libjxl0.7 liblapack3 liblc3-1
typecheck, test, PostgreSQL, e2e, build	Install Playwright browser	2026-10-06T03:38:03.9303704Z   libldacbt-enc2 liblilv-0-0 liblrdf0 libltc11 libmbedcrypto7t64 libmfx1
typecheck, test, PostgreSQL, e2e, build	Install Playwright browser	2026-10-06T03:38:03.9304204Z   libmjpegutils-2.1-0t64 libmodplug1 libmp3lame0 libmpcdec6
typecheck, test, PostgreSQL, e2e, build	Install Playwright browser	2026-10-06T03:38:03.9304768Z   libmpeg2encpp-2.1-0t64 libmpg123-0t64 libmplex2-2.1-0t64 libmysofa1
typecheck, test, PostgreSQL, e2e, build	Install Playwright browser	2026-10-06T03:38:03.9305714Z   libneon27t64 libnice10 libopenal-data libopenal1 libopenexr-3-1-30
typecheck, test, PostgreSQL, e2e, build	Install Playwright browser	2026-10-06T03:38:03.9306206Z   libopenh264-7 libopenmpt0t64 libopenni2-0 liborc-0.4-0t64
typecheck, test, PostgreSQL, e2e, build	Install Playwright browser	2026-10-06T03:38:03.9306679Z   libpipewire-0.3-0t64 libplacebo338 libpocketsphinx3 libpostproc57
typecheck, test, PostgreSQL, e2e, build	Install Playwright browser	2026-10-06T03:38:03.9307193Z   libproxy1v5 libpulse0 libqrencode4 libraptor2-0 librav1e0 libraw1394-11
typecheck, test, PostgreSQL, e2e, build	Install Playwright browser	2026-10-06T03:38:03.9307734Z   librist4 librsvg2-2 librubberband2 libsamplerate0 libsbc1 libsdl2-2.0-0
typecheck, test, PostgreSQL, e2e, build	Install Playwright browser	2026-10-06T03:38:03.9308509Z   libsecret-common libserd-0-0 libshine3 libshout3 libsndfile1 libsndio7.0
typecheck, test, PostgreSQL, e2e, build	Install Playwright browser	2026-10-06T03:38:03.9309053Z   libsord-0-0 libsoundtouch1 libsoup-3.0-0 libsoup-3.0-common libsoxr0
typecheck, test, PostgreSQL, e2e, build	Install Playwright browser	2026-10-06T03:38:03.9309612Z   libspa-0.2-modules libspandsp2t64 libspeex1 libsphinxbase3t64 libsratom-0-0
typecheck, test, PostgreSQL, e2e, build	Install Playwright browser	2026-10-06T03:38:03.9310181Z   libsrt1.5-gnutls libsrtp2-1 libssh-gcrypt-4 libsvtav1enc1d1 libswresample4
typecheck, test, PostgreSQL, e2e, build	Install Playwright browser	2026-10-06T03:38:03.9310928Z   libswscale7 libtag1v5 libtag1v5-vanilla libtheora0 libtwolame0 libudfread0
typecheck, test, PostgreSQL, e2e, build	Install Playwright browser	2026-10-06T03:38:03.9311832Z   libunibreak5 libv4l-0t64 libv4lconvert0t64 libva-drm2 libva-x11-2 libva2
typecheck, test, PostgreSQL, e2e, build	Install Playwright browser	2026-10-06T03:38:03.9312749Z   libvdpau1 libvidstab1.1 libvisual-0.4-0 libvo-aacenc0 libvo-amrwbenc0
typecheck, test, PostgreSQL, e2e, build	Install Playwright browser	2026-10-06T03:38:03.9313712Z   libvorbisenc2 libvpl2 libwavpack1 libwebrtc-audio-processing1 libwildmidi2
typecheck, test, PostgreSQL, e2e, build	Install Playwright browser	2026-10-06T03:38:03.9314327Z   libx265-199 libxcb-xkb1 libxkbcommon-x11-0 libxvidcore4 libyuv0 libzbar0t64
typecheck, test, PostgreSQL, e2e, build	Install Playwright browser	2026-10-06T03:38:03.9314870Z   libzimg2 libzix-0-0 libzvbi-common libzvbi0t64 libzxing3 mesa-libgallium
typecheck, test, PostgreSQL, e2e, build	Install Playwright browser	2026-10-06T03:38:03.9315733Z   ocl-icd-libopencl1 session-migration timgm6mb-soundfont xfonts-encodings
typecheck, test, PostgreSQL, e2e, build	Install Playwright browser	2026-10-06T03:38:03.9316369Z   xfonts-utils
typecheck, test, PostgreSQL, e2e, build	Install Playwright browser	2026-10-06T03:38:03.9316777Z Suggested packages:
typecheck, test, PostgreSQL, e2e, build	Install Playwright browser	2026-10-06T03:38:03.9317480Z   frei0r-plugins gvfs libcuda1 libnvcuvid1 libnvidia-encode1 libbluray-bdj
typecheck, test, PostgreSQL, e2e, build	Install Playwright browser	2026-10-06T03:38:03.9318319Z   libdirectfb-extra libdv-bin oss-compat libdvdcss2 libvisual-0.4-plugins
typecheck, test, PostgreSQL, e2e, build	Install Playwright browser	2026-10-06T03:38:03.9318860Z   jackd2 liblrdf0-dev libportaudio2 opus-tools pipewire pulseaudio
typecheck, test, PostgreSQL, e2e, build	Install Playwright browser	2026-10-06T03:38:03.9319364Z   raptor2-utils libraw1394-doc librsvg2-bin serdi sndiod sordi speex
typecheck, test, PostgreSQL, e2e, build	Install Playwright browser	2026-10-06T03:38:03.9319812Z   libwildmidi-config opencl-icd fluid-soundfont-gm
typecheck, test, PostgreSQL, e2e, build	Install Playwright browser	2026-10-06T03:38:03.9320317Z Recommended packages:
typecheck, test, PostgreSQL, e2e, build	Install Playwright browser	2026-10-06T03:38:03.9320927Z   fonts-ipafont-mincho fonts-tlwg-loma gstreamer1.0-x libaacs0
typecheck, test, PostgreSQL, e2e, build	Install Playwright browser	2026-10-06T03:38:03.9321830Z   default-libdecor-0-plugin-1 | libdecor-0-plugin-1 gstreamer1.0-gl
typecheck, test, PostgreSQL, e2e, build	Install Playwright browser	2026-10-06T03:38:03.9322842Z   libgtk-4-bin librsvg2-common libgtk-4-media-gstreamer libpipewire-0.3-common
typecheck, test, PostgreSQL, e2e, build	Install Playwright browser	2026-10-06T03:38:03.9323903Z   pocketsphinx-en-us va-driver-all | va-driver vdpau-driver-all | vdpau-driver
typecheck, test, PostgreSQL, e2e, build	Install Playwright browser	2026-10-06T03:38:03.9324637Z   libmagickcore-6.q16-7-extra
typecheck, test, PostgreSQL, e2e, build	Install Playwright browser	2026-10-06T03:38:03.9946311Z The following NEW packages will be installed:
typecheck, test, PostgreSQL, e2e, build	Install Playwright browser	2026-10-06T03:38:03.9947335Z   fonts-freefont-ttf fonts-ipafont-gothic fonts-tlwg-loma-otf fonts-unifont
typecheck, test, PostgreSQL, e2e, build	Install Playwright browser	2026-10-06T03:38:03.9948340Z   fonts-wqy-zenhei glib-networking glib-networking-common
typecheck, test, PostgreSQL, e2e, build	Install Playwright browser	2026-10-06T03:38:03.9949319Z   glib-networking-services gsettings-desktop-schemas gstreamer1.0-libav
typecheck, test, PostgreSQL, e2e, build	Install Playwright browser	2026-10-06T03:38:03.9950423Z   gstreamer1.0-plugins-bad gstreamer1.0-plugins-base gstreamer1.0-plugins-good
typecheck, test, PostgreSQL, e2e, build	Install Playwright browser	2026-10-06T03:38:03.9951542Z   libaa1 libabsl20220623t64 libass9 libasyncns0 libavc1394-0 libavcodec60
typecheck, test, PostgreSQL, e2e, build	Install Playwright browser	2026-10-06T03:38:03.9952537Z   libavfilter9 libavformat60 libavif16 libavtp0 libavutil58 libblas3
typecheck, test, PostgreSQL, e2e, build	Install Playwright browser	2026-10-06T03:38:03.9953595Z   libbluray2 libbs2b0 libcaca0 libcairo-script-interpreter2 libcdparanoia0
typecheck, test, PostgreSQL, e2e, build	Install Playwright browser	2026-10-06T03:38:03.9954671Z   libchromaprint1 libcjson1 libcodec2-1.2 libdav1d7 libdc1394-25 libdca0
typecheck, test, PostgreSQL, e2e, build	Install Playwright browser	2026-10-06T03:38:03.9955918Z   libde265-0 libdecor-0-0 libdirectfb-1.7-7t64 libdv4t64 libdvdnav4
typecheck, test, PostgreSQL, e2e, build	Install Playwright browser	2026-10-06T03:38:03.9956898Z   libdvdread8t64 libegl-mesa0 libegl1 libevent-2.1-7t64 libfaad2 libflac12t64
typecheck, test, PostgreSQL, e2e, build	Install Playwright browser	2026-10-06T03:38:03.9958440Z   libflite1 libfluidsynth3 libfreeaptx0 libgav1-1 libgles2 libgme0
typecheck, test, PostgreSQL, e2e, build	Install Playwright browser	2026-10-06T03:38:03.9959343Z   libgraphene-1.0-0 libgsm1 libgssdp-1.6-0 libgstreamer-gl1.0-0
typecheck, test, PostgreSQL, e2e, build	Install Playwright browser	2026-10-06T03:38:03.9960236Z   libgstreamer-plugins-bad1.0-0 libgstreamer-plugins-base1.0-0
typecheck, test, PostgreSQL, e2e, build	Install Playwright browser	2026-10-06T03:38:03.9961274Z   libgstreamer-plugins-good1.0-0 libgtk-4-1 libgtk-4-common libgupnp-1.6-0
typecheck, test, PostgreSQL, e2e, build	Install Playwright browser	2026-10-06T03:38:03.9962348Z   libgupnp-igd-1.6-0 libharfbuzz-icu0 libhwy1t64 libhyphen0 libiec61883-0
typecheck, test, PostgreSQL, e2e, build	Install Playwright browser	2026-10-06T03:38:03.9963431Z   libimath-3-1-29t64 libinstpatch-1.0-2 libjack-jackd2-0 libjxl0.7 liblapack3
typecheck, test, PostgreSQL, e2e, build	Install Playwright browser	2026-10-06T03:38:03.9964404Z   liblc3-1 libldacbt-enc2 liblilv-0-0 liblrdf0 libltc11 libmanette-0.2-0
typecheck, test, PostgreSQL, e2e, build	Install Playwright browser	2026-10-06T03:38:03.9965584Z   libmbedcrypto7t64 libmfx1 libmjpegutils-2.1-0t64 libmodplug1 libmp3lame0
typecheck, test, PostgreSQL, e2e, build	Install Playwright browser	2026-10-06T03:38:03.9966562Z   libmpcdec6 libmpeg2encpp-2.1-0t64 libmpg123-0t64 libmplex2-2.1-0t64
typecheck, test, PostgreSQL, e2e, build	Install Playwright browser	2026-10-06T03:38:03.9967438Z   libmysofa1 libneon27t64 libnice10 libopenal-data libopenal1
typecheck, test, PostgreSQL, e2e, build	Install Playwright browser	2026-10-06T03:38:03.9968410Z   libopenexr-3-1-30 libopenh264-7 libopenmpt0t64 libopenni2-0 libopus0
typecheck, test, PostgreSQL, e2e, build	Install Playwright browser	2026-10-06T03:38:03.9969355Z   liborc-0.4-0t64 libpipewire-0.3-0t64 libplacebo338 libpocketsphinx3
typecheck, test, PostgreSQL, e2e, build	Install Playwright browser	2026-10-06T03:38:03.9970352Z   libpostproc57 libproxy1v5 libpulse0 libqrencode4 libraptor2-0 librav1e0
typecheck, test, PostgreSQL, e2e, build	Install Playwright browser	2026-10-06T03:38:03.9971298Z   libraw1394-11 librist4 librsvg2-2 librubberband2 libsamplerate0 libsbc1
typecheck, test, PostgreSQL, e2e, build	Install Playwright browser	2026-10-06T03:38:03.9972303Z   libsdl2-2.0-0 libsecret-1-0 libsecret-common libserd-0-0 libshine3 libshout3
typecheck, test, PostgreSQL, e2e, build	Install Playwright browser	2026-10-06T03:38:03.9973290Z   libsndfile1 libsndio7.0 libsord-0-0 libsoundtouch1 libsoup-3.0-0
typecheck, test, PostgreSQL, e2e, build	Install Playwright browser	2026-10-06T03:38:03.9974234Z   libsoup-3.0-common libsoxr0 libspa-0.2-modules libspandsp2t64 libspeex1
typecheck, test, PostgreSQL, e2e, build	Install Playwright browser	2026-10-06T03:38:03.9975415Z   libsphinxbase3t64 libsratom-0-0 libsrt1.5-gnutls libsrtp2-1 libssh-gcrypt-4
typecheck, test, PostgreSQL, e2e, build	Install Playwright browser	2026-10-06T03:38:03.9976376Z   libsvtav1enc1d1 libswresample4 libswscale7 libtag1v5 libtag1v5-vanilla
typecheck, test, PostgreSQL, e2e, build	Install Playwright browser	2026-10-06T03:38:03.9977230Z   libtheora0 libtwolame0 libudfread0 libunibreak5 libv4l-0t64
typecheck, test, PostgreSQL, e2e, build	Install Playwright browser	2026-10-06T03:38:03.9978094Z   libv4lconvert0t64 libva-drm2 libva-x11-2 libva2 libvdpau1 libvidstab1.1
typecheck, test, PostgreSQL, e2e, build	Install Playwright browser	2026-10-06T03:38:03.9979040Z   libvisual-0.4-0 libvo-aacenc0 libvo-amrwbenc0 libvorbisenc2 libvpl2 libvpx9
typecheck, test, PostgreSQL, e2e, build	Install Playwright browser	2026-10-06T03:38:03.9979995Z   libwavpack1 libwayland-server0 libwebrtc-audio-processing1 libwildmidi2
typecheck, test, PostgreSQL, e2e, build	Install Playwright browser	2026-10-06T03:38:03.9980958Z   libwoff1 libx264-164 libx265-199 libxcb-xkb1 libxkbcommon-x11-0 libxvidcore4
typecheck, test, PostgreSQL, e2e, build	Install Playwright browser	2026-10-06T03:38:03.9981933Z   libyuv0 libzbar0t64 libzimg2 libzix-0-0 libzvbi-common libzvbi0t64 libzxing3
typecheck, test, PostgreSQL, e2e, build	Install Playwright browser	2026-10-06T03:38:03.9982893Z   ocl-icd-libopencl1 session-migration timgm6mb-soundfont xfonts-cyrillic
typecheck, test, PostgreSQL, e2e, build	Install Playwright browser	2026-10-06T03:38:03.9983674Z   xfonts-encodings xfonts-scalable xfonts-utils
typecheck, test, PostgreSQL, e2e, build	Install Playwright browser	2026-10-06T03:38:03.9984318Z The following packages will be upgraded:
typecheck, test, PostgreSQL, e2e, build	Install Playwright browser	2026-10-06T03:38:03.9985244Z   libevent-core-2.1-7t64 libevent-pthreads-2.1-7t64 libgbm1 libgl1-mesa-dri
typecheck, test, PostgreSQL, e2e, build	Install Playwright browser	2026-10-06T03:38:03.9985970Z   libglx-mesa0 mesa-libgallium
typecheck, test, PostgreSQL, e2e, build	Install Playwright browser	2026-10-06T03:38:04.0188014Z 6 upgraded, 181 newly installed, 0 to remove and 19 not upgraded.
typecheck, test, PostgreSQL, e2e, build	Install Playwright browser	2026-10-06T03:38:04.0188512Z Need to get 125 MB of archives.
typecheck, test, PostgreSQL, e2e, build	Install Playwright browser	2026-10-06T03:38:04.0189011Z After this operation, 364 MB of additional disk space will be used.
typecheck, test, PostgreSQL, e2e, build	Install Playwright browser	2026-10-06T03:38:04.0189883Z Get:1 file:/etc/apt/apt-mirrors.txt Mirrorlist [144 B]
typecheck, test, PostgreSQL, e2e, build	Install Playwright browser	2026-10-06T03:38:04.0529669Z Get:2 http://azure.archive.ubuntu.com/ubuntu noble/universe amd64 fonts-ipafont-gothic all 00303-21ubuntu1 [3513 kB]
typecheck, test, PostgreSQL, e2e, build	Install Playwright browser	2026-10-06T03:38:04.0936049Z Get:3 http://azure.archive.ubuntu.com/ubuntu noble/main amd64 fonts-freefont-ttf all 20211204+svn4273-2 [5641 kB]
typecheck, test, PostgreSQL, e2e, build	Install Playwright browser	2026-10-06T03:38:04.1495660Z Get:4 http://azure.archive.ubuntu.com/ubuntu noble/universe amd64 fonts-tlwg-loma-otf all 1:0.7.3-1 [107 kB]
typecheck, test, PostgreSQL, e2e, build	Install Playwright browser	2026-10-06T03:38:04.1682064Z Get:5 http://azure.archive.ubuntu.com/ubuntu noble/universe amd64 fonts-unifont all 1:15.1.01-1build1 [2993 kB]
typecheck, test, PostgreSQL, e2e, build	Install Playwright browser	2026-10-06T03:38:04.2069211Z Get:6 http://azure.archive.ubuntu.com/ubuntu noble/universe amd64 fonts-wqy-zenhei all 0.9.45-8 [7472 kB]
typecheck, test, PostgreSQL, e2e, build	Install Playwright browser	2026-10-06T03:38:04.2794459Z Get:7 http://azure.archive.ubuntu.com/ubuntu noble/main amd64 libproxy1v5 amd64 0.5.4-4build1 [26.5 kB]
typecheck, test, PostgreSQL, e2e, build	Install Playwright browser	2026-10-06T03:38:04.2977422Z Get:8 http://azure.archive.ubuntu.com/ubuntu noble/main amd64 glib-networking-common all 2.80.0-1build1 [6702 B]
typecheck, test, PostgreSQL, e2e, build	Install Playwright browser	2026-10-06T03:38:04.3156917Z Get:9 http://azure.archive.ubuntu.com/ubuntu noble/main amd64 glib-networking-services amd64 2.80.0-1build1 [12.8 kB]
typecheck, test, PostgreSQL, e2e, build	Install Playwright browser	2026-10-06T03:38:04.3337771Z Get:10 http://azure.archive.ubuntu.com/ubuntu noble/main amd64 session-migration amd64 0.3.9build1 [9034 B]
typecheck, test, PostgreSQL, e2e, build	Install Playwright browser	2026-10-06T03:38:04.3518555Z Get:11 http://azure.archive.ubuntu.com/ubuntu noble-updates/main amd64 gsettings-desktop-schemas all 46.1-0ubuntu1 [35.6 kB]
typecheck, test, PostgreSQL, e2e, build	Install Playwright browser	2026-10-06T03:38:04.3702172Z Get:12 http://azure.archive.ubuntu.com/ubuntu noble/main amd64 glib-networking amd64 2.80.0-1build1 [64.1 kB]
typecheck, test, PostgreSQL, e2e, build	Install Playwright browser	2026-10-06T03:38:04.3888438Z Get:13 http://azure.archive.ubuntu.com/ubuntu noble-updates/universe amd64 libva2 amd64 2.20.0-2ubuntu0.2 [66.4 kB]
typecheck, test, PostgreSQL, e2e, build	Install Playwright browser	2026-10-06T03:38:04.4071365Z Get:14 http://azure.archive.ubuntu.com/ubuntu noble-updates/universe amd64 libva-drm2 amd64 2.20.0-2ubuntu0.2 [7124 B]
typecheck, test, PostgreSQL, e2e, build	Install Playwright browser	2026-10-06T03:38:04.4254199Z Get:15 http://azure.archive.ubuntu.com/ubuntu noble-updates/universe amd64 libva-x11-2 amd64 2.20.0-2ubuntu0.2 [12.0 kB]
typecheck, test, PostgreSQL, e2e, build	Install Playwright browser	2026-10-06T03:38:04.4436417Z Get:16 http://azure.archive.ubuntu.com/ubuntu noble/main amd64 libvdpau1 amd64 1.5-2build1 [27.8 kB]
typecheck, test, PostgreSQL, e2e, build	Install Playwright browser	2026-10-06T03:38:04.4618072Z Get:17 http://azure.archive.ubuntu.com/ubuntu noble/universe amd64 libvpl2 amd64 2023.3.0-1build1 [99.8 kB]
typecheck, test, PostgreSQL, e2e, build	Install Playwright browser	2026-10-06T03:38:04.4806536Z Get:18 http://azure.archive.ubuntu.com/ubuntu noble/universe amd64 ocl-icd-libopencl1 amd64 2.3.2-1build1 [38.5 kB]
typecheck, test, PostgreSQL, e2e, build	Install Playwright browser	2026-10-06T03:38:04.4988288Z Get:19 http://azure.archive.ubuntu.com/ubuntu noble/universe amd64 libavutil58 amd64 7:6.1.1-3ubuntu5 [401 kB]
typecheck, test, PostgreSQL, e2e, build	Install Playwright browser	2026-10-06T03:38:04.5858094Z Get:20 http://azure.archive.ubuntu.com/ubuntu noble/universe amd64 libcodec2-1.2 amd64 1.2.0-2build1 [8998 kB]
typecheck, test, PostgreSQL, e2e, build	Install Playwright browser	2026-10-06T03:38:04.8516744Z Get:21 http://azure.archive.ubuntu.com/ubuntu noble/universe amd64 libdav1d7 amd64 1.4.1-1build1 [604 kB]
typecheck, test, PostgreSQL, e2e, build	Install Playwright browser	2026-10-06T03:38:04.8756761Z Get:22 http://azure.archive.ubuntu.com/ubuntu noble/universe amd64 libgsm1 amd64 1.0.22-1build1 [27.8 kB]
typecheck, test, PostgreSQL, e2e, build	Install Playwright browser	2026-10-06T03:38:04.8960992Z Get:23 http://azure.archive.ubuntu.com/ubuntu noble/universe amd64 libhwy1t64 amd64 1.0.7-8.1build1 [584 kB]
typecheck, test, PostgreSQL, e2e, build	Install Playwright browser	2026-10-06T03:38:04.9185665Z Get:24 http://azure.archive.ubuntu.com/ubuntu noble-updates/universe amd64 libjxl0.7 amd64 0.7.0-10.2ubuntu6.1 [1001 kB]
typecheck, test, PostgreSQL, e2e, build	Install Playwright browser	2026-10-06T03:38:04.9434511Z Get:25 http://azure.archive.ubuntu.com/ubuntu noble/main amd64 libmp3lame0 amd64 3.100-6build1 [142 kB]
typecheck, test, PostgreSQL, e2e, build	Install Playwright browser	2026-10-06T03:38:04.9636803Z Get:26 http://azure.archive.ubuntu.com/ubuntu noble/main amd64 libopus0 amd64 1.4-1build1 [208 kB]
typecheck, test, PostgreSQL, e2e, build	Install Playwright browser	2026-10-06T03:38:04.9840623Z Get:27 http://azure.archive.ubuntu.com/ubuntu noble/universe amd64 librav1e0 amd64 0.7.1-2 [1022 kB]
typecheck, test, PostgreSQL, e2e, build	Install Playwright browser	2026-10-06T03:38:05.0136495Z Get:28 http://azure.archive.ubuntu.com/ubuntu noble/main amd64 librsvg2-2 amd64 2.58.0+dfsg-1build1 [2135 kB]
typecheck, test, PostgreSQL, e2e, build	Install Playwright browser	2026-10-06T03:38:05.0466950Z Get:29 http://azure.archive.ubuntu.com/ubuntu noble/universe amd64 libshine3 amd64 3.1.1-2build1 [23.2 kB]
typecheck, test, PostgreSQL, e2e, build	Install Playwright browser	2026-10-06T03:38:05.0669124Z Get:30 http://azure.archive.ubuntu.com/ubuntu noble-updates/main amd64 libspeex1 amd64 1.2.1-2ubuntu2.24.04.1 [59.6 kB]
typecheck, test, PostgreSQL, e2e, build	Install Playwright browser	2026-10-06T03:38:05.0866687Z Get:31 http://azure.archive.ubuntu.com/ubuntu noble/universe amd64 libsvtav1enc1d1 amd64 1.7.0+dfsg-2build1 [2425 kB]
typecheck, test, PostgreSQL, e2e, build	Install Playwright browser	2026-10-06T03:38:05.1205681Z Get:32 http://azure.archive.ubuntu.com/ubuntu noble/universe amd64 libsoxr0 amd64 0.1.3-4build3 [80.0 kB]
typecheck, test, PostgreSQL, e2e, build	Install Playwright browser	2026-10-06T03:38:05.1400304Z Get:33 http://azure.archive.ubuntu.com/ubuntu noble/universe amd64 libswresample4 amd64 7:6.1.1-3ubuntu5 [63.8 kB]
typecheck, test, PostgreSQL, e2e, build	Install Playwright browser	2026-10-06T03:38:05.1596421Z Get:34 http://azure.archive.ubuntu.com/ubuntu noble/main amd64 libtheora0 amd64 1.1.1+dfsg.1-16.1build3 [211 kB]
typecheck, test, PostgreSQL, e2e, build	Install Playwright browser	2026-10-06T03:38:05.1802024Z Get:35 http://azure.archive.ubuntu.com/ubuntu noble/main amd64 libtwolame0 amd64 0.4.0-2build3 [52.3 kB]
typecheck, test, PostgreSQL, e2e, build	Install Playwright browser	2026-10-06T03:38:05.1996188Z Get:36 http://azure.archive.ubuntu.com/ubuntu noble/main amd64 libvorbisenc2 amd64 1.3.7-1build3 [80.8 kB]
typecheck, test, PostgreSQL, e2e, build	Install Playwright browser	2026-10-06T03:38:05.2193742Z Get:37 http://azure.archive.ubuntu.com/ubuntu noble-updates/main amd64 libvpx9 amd64 1.14.0-1ubuntu2.3 [1143 kB]
typecheck, test, PostgreSQL, e2e, build	Install Playwright browser	2026-10-06T03:38:05.2462198Z Get:38 http://azure.archive.ubuntu.com/ubuntu noble/universe amd64 libx264-164 amd64 2:0.164.3108+git31e19f9-1 [604 kB]
typecheck, test, PostgreSQL, e2e, build	Install Playwright browser	2026-10-06T03:38:05.3105786Z Get:39 http://azure.archive.ubuntu.com/ubuntu noble/universe amd64 libx265-199 amd64 3.5-2build1 [1226 kB]
typecheck, test, PostgreSQL, e2e, build	Install Playwright browser	2026-10-06T03:38:05.3386460Z Get:40 http://azure.archive.ubuntu.com/ubuntu noble/universe amd64 libxvidcore4 amd64 2:1.3.7-1build1 [219 kB]
typecheck, test, PostgreSQL, e2e, build	Install Playwright browser	2026-10-06T03:38:05.3592787Z Get:41 http://azure.archive.ubuntu.com/ubuntu noble/universe amd64 libzvbi-common all 0.2.42-2 [42.4 kB]
typecheck, test, PostgreSQL, e2e, build	Install Playwright browser	2026-10-06T03:38:05.3785443Z Get:42 http://azure.archive.ubuntu.com/ubuntu noble/universe amd64 libzvbi0t64 amd64 0.2.42-2 [261 kB]
typecheck, test, PostgreSQL, e2e, build	Install Playwright browser	2026-10-06T03:38:05.3994397Z Get:43 http://azure.archive.ubuntu.com/ubuntu noble/universe amd64 libavcodec60 amd64 7:6.1.1-3ubuntu5 [5851 kB]
typecheck, test, PostgreSQL, e2e, build	Install Playwright browser	2026-10-06T03:38:05.4610706Z Get:44 http://azure.archive.ubuntu.com/ubuntu noble/universe amd64 libunibreak5 amd64 5.1-2build1 [25.0 kB]
typecheck, test, PostgreSQL, e2e, build	Install Playwright browser	2026-10-06T03:38:05.4809505Z Get:45 http://azure.archive.ubuntu.com/ubuntu noble/universe amd64 libass9 amd64 1:0.17.1-2build1 [104 kB]
typecheck, test, PostgreSQL, e2e, build	Install Playwright browser	2026-10-06T03:38:05.5009795Z Get:46 http://azure.archive.ubuntu.com/ubuntu noble/universe amd64 libudfread0 amd64 1.1.2-1build1 [19.0 kB]
typecheck, test, PostgreSQL, e2e, build	Install Playwright browser	2026-10-06T03:38:05.5203466Z Get:47 http://azure.archive.ubuntu.com/ubuntu noble/universe amd64 libbluray2 amd64 1:1.3.4-1build1 [159 kB]
typecheck, test, PostgreSQL, e2e, build	Install Playwright browser	2026-10-06T03:38:05.5406799Z Get:48 http://azure.archive.ubuntu.com/ubuntu noble/universe amd64 libchromaprint1 amd64 1.5.1-5 [30.5 kB]
typecheck, test, PostgreSQL, e2e, build	Install Playwright browser	2026-10-06T03:38:05.5599729Z Get:49 http://azure.archive.ubuntu.com/ubuntu noble/universe amd64 libgme0 amd64 0.6.3-7build1 [134 kB]
typecheck, test, PostgreSQL, e2e, build	Install Playwright browser	2026-10-06T03:38:05.5810428Z Get:50 http://azure.archive.ubuntu.com/ubuntu noble-updates/main amd64 libmpg123-0t64 amd64 1.32.5-1ubuntu1.1 [169 kB]
typecheck, test, PostgreSQL, e2e, build	Install Playwright browser	2026-10-06T03:38:05.6012300Z Get:51 http://azure.archive.ubuntu.com/ubuntu noble/universe amd64 libopenmpt0t64 amd64 0.7.3-1.1build3 [647 kB]
typecheck, test, PostgreSQL, e2e, build	Install Playwright browser	2026-10-06T03:38:05.6245656Z Get:52 http://azure.archive.ubuntu.com/ubuntu noble/universe amd64 libcjson1 amd64 1.7.17-1 [24.8 kB]
typecheck, test, PostgreSQL, e2e, build	Install Playwright browser	2026-10-06T03:38:05.6436292Z Get:53 http://azure.archive.ubuntu.com/ubuntu noble/universe amd64 libmbedcrypto7t64 amd64 2.28.8-1 [209 kB]
typecheck, test, PostgreSQL, e2e, build	Install Playwright browser	2026-10-06T03:38:05.6646375Z Get:54 http://azure.archive.ubuntu.com/ubuntu noble/universe amd64 librist4 amd64 0.2.10+dfsg-2 [74.9 kB]
typecheck, test, PostgreSQL, e2e, build	Install Playwright browser	2026-10-06T03:38:05.6838820Z Get:55 http://azure.archive.ubuntu.com/ubuntu noble/universe amd64 libsrt1.5-gnutls amd64 1.5.3-1build2 [316 kB]
typecheck, test, PostgreSQL, e2e, build	Install Playwright browser	2026-10-06T03:38:05.7057112Z Get:56 http://azure.archive.ubuntu.com/ubuntu noble-updates/main amd64 libssh-gcrypt-4 amd64 0.10.6-2ubuntu0.5 [226 kB]
typecheck, test, PostgreSQL, e2e, build	Install Playwright browser	2026-10-06T03:38:05.7259512Z Get:57 http://azure.archive.ubuntu.com/ubuntu noble/universe amd64 libavformat60 amd64 7:6.1.1-3ubuntu5 [1153 kB]
typecheck, test, PostgreSQL, e2e, build	Install Playwright browser	2026-10-06T03:38:05.7946299Z Get:58 http://azure.archive.ubuntu.com/ubuntu noble/universe amd64 libbs2b0 amd64 3.1.0+dfsg-7build1 [10.6 kB]
typecheck, test, PostgreSQL, e2e, build	Install Playwright browser	2026-10-06T03:38:05.8139717Z Get:59 http://azure.archive.ubuntu.com/ubuntu noble/universe amd64 libflite1 amd64 2.2-6build3 [13.6 MB]
typecheck, test, PostgreSQL, e2e, build	Install Playwright browser	2026-10-06T03:38:05.9229102Z Get:60 http://azure.archive.ubuntu.com/ubuntu noble/universe amd64 libserd-0-0 amd64 0.32.2-1 [43.6 kB]
typecheck, test, PostgreSQL, e2e, build	Install Playwright browser	2026-10-06T03:38:05.9418998Z Get:61 http://azure.archive.ubuntu.com/ubuntu noble/universe amd64 libzix-0-0 amd64 0.4.2-2build1 [23.6 kB]
typecheck, test, PostgreSQL, e2e, build	Install Playwright browser	2026-10-06T03:38:05.9606744Z Get:62 http://azure.archive.ubuntu.com/ubuntu noble/universe amd64 libsord-0-0 amd64 0.16.16-2build1 [15.8 kB]
typecheck, test, PostgreSQL, e2e, build	Install Playwright browser	2026-10-06T03:38:05.9827117Z Get:63 http://azure.archive.ubuntu.com/ubuntu noble/universe amd64 libsratom-0-0 amd64 0.6.16-1build1 [17.3 kB]
typecheck, test, PostgreSQL, e2e, build	Install Playwright browser	2026-10-06T03:38:06.0014469Z Get:64 http://azure.archive.ubuntu.com/ubuntu noble/universe amd64 liblilv-0-0 amd64 0.24.22-1build1 [41.0 kB]
typecheck, test, PostgreSQL, e2e, build	Install Playwright browser	2026-10-06T03:38:06.0204783Z Get:65 http://azure.archive.ubuntu.com/ubuntu noble/universe amd64 libmysofa1 amd64 1.3.2+dfsg-2ubuntu2 [1158 kB]
typecheck, test, PostgreSQL, e2e, build	Install Playwright browser	2026-10-06T03:38:06.0473786Z Get:66 http://azure.archive.ubuntu.com/ubuntu noble/universe amd64 libplacebo338 amd64 6.338.2-2build1 [2654 kB]
typecheck, test, PostgreSQL, e2e, build	Install Playwright browser	2026-10-06T03:38:06.0822004Z Get:67 http://azure.archive.ubuntu.com/ubuntu noble-updates/main amd64 libblas3 amd64 3.12.0-3build1.1 [238 kB]
typecheck, test, PostgreSQL, e2e, build	Install Playwright browser	2026-10-06T03:38:06.1027103Z Get:68 http://azure.archive.ubuntu.com/ubuntu noble-updates/main amd64 liblapack3 amd64 3.12.0-3build1.1 [2646 kB]
typecheck, test, PostgreSQL, e2e, build	Install Playwright browser	2026-10-06T03:38:06.1370047Z Get:69 http://azure.archive.ubuntu.com/ubuntu noble/main amd64 libasyncns0 amd64 0.8-6build4 [11.3 kB]
typecheck, test, PostgreSQL, e2e, build	Install Playwright browser	2026-10-06T03:38:06.1558537Z Get:70 http://azure.archive.ubuntu.com/ubuntu noble/main amd64 libflac12t64 amd64 1.4.3+ds-2.1ubuntu2 [197 kB]
typecheck, test, PostgreSQL, e2e, build	Install Playwright browser	2026-10-06T03:38:06.1770539Z Get:71 http://azure.archive.ubuntu.com/ubuntu noble-updates/main amd64 libsndfile1 amd64 1.2.2-1ubuntu5.24.04.1 [209 kB]
typecheck, test, PostgreSQL, e2e, build	Install Playwright browser	2026-10-06T03:38:06.1978260Z Get:72 http://azure.archive.ubuntu.com/ubuntu noble-updates/main amd64 libpulse0 amd64 1:16.1+dfsg1-2ubuntu10.1 [292 kB]
typecheck, test, PostgreSQL, e2e, build	Install Playwright browser	2026-10-06T03:38:06.2223388Z Get:73 http://azure.archive.ubuntu.com/ubuntu noble/universe amd64 libsphinxbase3t64 amd64 0.8+5prealpha+1-17build2 [126 kB]
typecheck, test, PostgreSQL, e2e, build	Install Playwright browser	2026-10-06T03:38:06.2450520Z Get:74 http://azure.archive.ubuntu.com/ubuntu noble/universe amd64 libpocketsphinx3 amd64 0.8.0+real5prealpha+1-15ubuntu5 [133 kB]
typecheck, test, PostgreSQL, e2e, build	Install Playwright browser	2026-10-06T03:38:06.2658924Z Get:75 http://azure.archive.ubuntu.com/ubuntu noble/universe amd64 libpostproc57 amd64 7:6.1.1-3ubuntu5 [49.9 kB]
typecheck, test, PostgreSQL, e2e, build	Install Playwright browser	2026-10-06T03:38:06.3264052Z Get:76 http://azure.archive.ubuntu.com/ubuntu noble/main amd64 libsamplerate0 amd64 0.2.2-4build1 [1344 kB]
typecheck, test, PostgreSQL, e2e, build	Install Playwright browser	2026-10-06T03:38:06.3624589Z Get:77 http://azure.archive.ubuntu.com/ubuntu noble/universe amd64 librubberband2 amd64 3.3.0+dfsg-2build1 [130 kB]
typecheck, test, PostgreSQL, e2e, build	Install Playwright browser	2026-10-06T03:38:06.3834386Z Get:78 http://azure.archive.ubuntu.com/ubuntu noble/universe amd64 libswscale7 amd64 7:6.1.1-3ubuntu5 [193 kB]
typecheck, test, PostgreSQL, e2e, build	Install Playwright browser	2026-10-06T03:38:06.4048702Z Get:79 http://azure.archive.ubuntu.com/ubuntu noble/universe amd64 libvidstab1.1 amd64 1.1.0-2build1 [38.5 kB]
typecheck, test, PostgreSQL, e2e, build	Install Playwright browser	2026-10-06T03:38:06.4261919Z Get:80 http://azure.archive.ubuntu.com/ubuntu noble/universe amd64 libzimg2 amd64 3.0.5+ds1-1build1 [254 kB]
typecheck, test, PostgreSQL, e2e, build	Install Playwright browser	2026-10-06T03:38:06.4466114Z Get:81 http://azure.archive.ubuntu.com/ubuntu noble/universe amd64 libavfilter9 amd64 7:6.1.1-3ubuntu5 [4235 kB]
typecheck, test, PostgreSQL, e2e, build	Install Playwright browser	2026-10-06T03:38:06.5236901Z Get:82 http://azure.archive.ubuntu.com/ubuntu noble-updates/main amd64 liborc-0.4-0t64 amd64 1:0.4.38-1ubuntu0.1 [207 kB]
typecheck, test, PostgreSQL, e2e, build	Install Playwright browser	2026-10-06T03:38:06.5459892Z Get:83 http://azure.archive.ubuntu.com/ubuntu noble-updates/main amd64 libgstreamer-plugins-base1.0-0 amd64 1.24.2-1ubuntu0.5 [862 kB]
typecheck, test, PostgreSQL, e2e, build	Install Playwright browser	2026-10-06T03:38:06.5750896Z Get:84 http://azure.archive.ubuntu.com/ubuntu noble/universe amd64 gstreamer1.0-libav amd64 1.24.1-1build1 [103 kB]
typecheck, test, PostgreSQL, e2e, build	Install Playwright browser	2026-10-06T03:38:06.5969508Z Get:85 http://azure.archive.ubuntu.com/ubuntu noble/main amd64 libcdparanoia0 amd64 3.10.2+debian-14build3 [48.5 kB]
typecheck, test, PostgreSQL, e2e, build	Install Playwright browser	2026-10-06T03:38:06.6171496Z Get:86 http://azure.archive.ubuntu.com/ubuntu noble/main amd64 libvisual-0.4-0 amd64 0.4.2-2build1 [115 kB]
typecheck, test, PostgreSQL, e2e, build	Install Playwright browser	2026-10-06T03:38:06.6420953Z Get:87 http://azure.archive.ubuntu.com/ubuntu noble-updates/main amd64 gstreamer1.0-plugins-base amd64 1.24.2-1ubuntu0.5 [721 kB]
typecheck, test, PostgreSQL, e2e, build	Install Playwright browser	2026-10-06T03:38:06.6726988Z Get:88 http://azure.archive.ubuntu.com/ubuntu noble/main amd64 libaa1 amd64 1.4p5-51.1 [49.9 kB]
typecheck, test, PostgreSQL, e2e, build	Install Playwright browser	2026-10-06T03:38:06.6925346Z Get:89 http://azure.archive.ubuntu.com/ubuntu noble/main amd64 libraw1394-11 amd64 2.1.2-2build3 [26.2 kB]
typecheck, test, PostgreSQL, e2e, build	Install Playwright browser	2026-10-06T03:38:06.7122117Z Get:90 http://azure.archive.ubuntu.com/ubuntu noble/main amd64 libavc1394-0 amd64 0.5.4-5build3 [15.4 kB]
typecheck, test, PostgreSQL, e2e, build	Install Playwright browser	2026-10-06T03:38:06.7309644Z Get:91 http://azure.archive.ubuntu.com/ubuntu noble-updates/main amd64 libcaca0 amd64 0.99.beta20-4ubuntu0.2 [209 kB]
typecheck, test, PostgreSQL, e2e, build	Install Playwright browser	2026-10-06T03:38:06.7562911Z Get:92 http://azure.archive.ubuntu.com/ubuntu noble/main amd64 libdv4t64 amd64 1.0.0-17.1build1 [63.2 kB]
typecheck, test, PostgreSQL, e2e, build	Install Playwright browser	2026-10-06T03:38:06.7757770Z Get:93 http://azure.archive.ubuntu.com/ubuntu noble-updates/main amd64 libgstreamer-plugins-good1.0-0 amd64 1.24.2-1ubuntu1.8 [34.3 kB]
typecheck, test, PostgreSQL, e2e, build	Install Playwright browser	2026-10-06T03:38:06.7950815Z Get:94 http://azure.archive.ubuntu.com/ubuntu noble/main amd64 libiec61883-0 amd64 1.2.0-6build1 [24.5 kB]
typecheck, test, PostgreSQL, e2e, build	Install Playwright browser	2026-10-06T03:38:06.8582995Z Get:95 http://azure.archive.ubuntu.com/ubuntu noble/main amd64 libshout3 amd64 2.4.6-1build2 [50.3 kB]
typecheck, test, PostgreSQL, e2e, build	Install Playwright browser	2026-10-06T03:38:06.8786780Z Get:96 http://azure.archive.ubuntu.com/ubuntu noble/main amd64 libtag1v5-vanilla amd64 1.13.1-1build1 [326 kB]
typecheck, test, PostgreSQL, e2e, build	Install Playwright browser	2026-10-06T03:38:06.9069938Z Get:97 http://azure.archive.ubuntu.com/ubuntu noble/main amd64 libtag1v5 amd64 1.13.1-1build1 [11.7 kB]
typecheck, test, PostgreSQL, e2e, build	Install Playwright browser	2026-10-06T03:38:06.9254820Z Get:98 http://azure.archive.ubuntu.com/ubuntu noble/main amd64 libv4lconvert0t64 amd64 1.26.1-4build3 [87.6 kB]
typecheck, test, PostgreSQL, e2e, build	Install Playwright browser	2026-10-06T03:38:06.9466477Z Get:99 http://azure.archive.ubuntu.com/ubuntu noble/main amd64 libv4l-0t64 amd64 1.26.1-4build3 [46.9 kB]
typecheck, test, PostgreSQL, e2e, build	Install Playwright browser	2026-10-06T03:38:06.9663247Z Get:100 http://azure.archive.ubuntu.com/ubuntu noble/main amd64 libwavpack1 amd64 5.6.0-1build1 [84.6 kB]
typecheck, test, PostgreSQL, e2e, build	Install Playwright browser	2026-10-06T03:38:06.9858129Z Get:101 http://azure.archive.ubuntu.com/ubuntu noble-updates/main amd64 libsoup-3.0-common all 3.4.4-5ubuntu0.8 [11.7 kB]
typecheck, test, PostgreSQL, e2e, build	Install Playwright browser	2026-10-06T03:38:07.0042943Z Get:102 http://azure.archive.ubuntu.com/ubuntu noble-updates/main amd64 libsoup-3.0-0 amd64 3.4.4-5ubuntu0.8 [290 kB]
typecheck, test, PostgreSQL, e2e, build	Install Playwright browser	2026-10-06T03:38:07.1088941Z Get:103 http://azure.archive.ubuntu.com/ubuntu noble-updates/main amd64 gstreamer1.0-plugins-good amd64 1.24.2-1ubuntu1.8 [2236 kB]
typecheck, test, PostgreSQL, e2e, build	Install Playwright browser	2026-10-06T03:38:07.2387083Z Get:104 http://azure.archive.ubuntu.com/ubuntu noble-updates/main amd64 libabsl20220623t64 amd64 20220623.1-3.1ubuntu3.2 [423 kB]
typecheck, test, PostgreSQL, e2e, build	Install Playwright browser	2026-10-06T03:38:07.3424092Z Get:105 http://azure.archive.ubuntu.com/ubuntu noble/universe amd64 libgav1-1 amd64 0.18.0-1build3 [357 kB]
typecheck, test, PostgreSQL, e2e, build	Install Playwright browser	2026-10-06T03:38:08.0237955Z Get:106 http://azure.archive.ubuntu.com/ubuntu noble/universe amd64 libyuv0 amd64 0.0~git202401110.af6ac82-1 [178 kB]
typecheck, test, PostgreSQL, e2e, build	Install Playwright browser	2026-10-06T03:38:08.1274498Z Get:107 http://azure.archive.ubuntu.com/ubuntu noble/universe amd64 libavif16 amd64 1.0.4-1ubuntu3 [91.2 kB]
typecheck, test, PostgreSQL, e2e, build	Install Playwright browser	2026-10-06T03:38:08.2286559Z Get:108 http://azure.archive.ubuntu.com/ubuntu noble/universe amd64 libavtp0 amd64 0.2.0-1build1 [6414 B]
typecheck, test, PostgreSQL, e2e, build	Install Playwright browser	2026-10-06T03:38:08.3290987Z Get:109 http://azure.archive.ubuntu.com/ubuntu noble/main amd64 libcairo-script-interpreter2 amd64 1.18.0-3build1 [60.3 kB]
typecheck, test, PostgreSQL, e2e, build	Install Playwright browser	2026-10-06T03:38:08.4413668Z Get:110 http://azure.archive.ubuntu.com/ubuntu noble/universe amd64 libdc1394-25 amd64 2.2.6-4build1 [90.1 kB]
typecheck, test, PostgreSQL, e2e, build	Install Playwright browser	2026-10-06T03:38:08.5607570Z Get:111 http://azure.archive.ubuntu.com/ubuntu noble-updates/main amd64 libde265-0 amd64 1.0.15-1ubuntu0.1 [167 kB]
typecheck, test, PostgreSQL, e2e, build	Install Playwright browser	2026-10-06T03:38:08.6985768Z Get:112 http://azure.archive.ubuntu.com/ubuntu noble/main amd64 libdecor-0-0 amd64 0.2.2-1build2 [16.5 kB]
typecheck, test, PostgreSQL, e2e, build	Install Playwright browser	2026-10-06T03:38:08.8011577Z Get:113 http://azure.archive.ubuntu.com/ubuntu noble/main amd64 libgles2 amd64 1.7.0-1build1 [17.1 kB]
typecheck, test, PostgreSQL, e2e, build	Install Playwright browser	2026-10-06T03:38:08.9034076Z Get:114 http://azure.archive.ubuntu.com/ubuntu noble/universe amd64 libdirectfb-1.7-7t64 amd64 1.7.7-11.1ubuntu2 [1035 kB]
typecheck, test, PostgreSQL, e2e, build	Install Playwright browser	2026-10-06T03:38:09.2126572Z Get:115 http://azure.archive.ubuntu.com/ubuntu noble/universe amd64 libdvdread8t64 amd64 6.1.3-1.1build1 [54.7 kB]
typecheck, test, PostgreSQL, e2e, build	Install Playwright browser	2026-10-06T03:38:09.3142947Z Get:116 http://azure.archive.ubuntu.com/ubuntu noble/universe amd64 libdvdnav4 amd64 6.1.1-3build1 [39.5 kB]
typecheck, test, PostgreSQL, e2e, build	Install Playwright browser	2026-10-06T03:38:09.4152452Z Get:117 http://azure.archive.ubuntu.com/ubuntu noble-updates/main amd64 libgl1-mesa-dri amd64 25.2.8-0ubuntu0.24.04.4 [38.0 kB]
typecheck, test, PostgreSQL, e2e, build	Install Playwright browser	2026-10-06T03:38:09.5196411Z Get:118 http://azure.archive.ubuntu.com/ubuntu noble-updates/main amd64 libglx-mesa0 amd64 25.2.8-0ubuntu0.24.04.4 [110 kB]
typecheck, test, PostgreSQL, e2e, build	Install Playwright browser	2026-10-06T03:38:09.6229328Z Get:119 http://azure.archive.ubuntu.com/ubuntu noble-updates/main amd64 libgbm1 amd64 25.2.8-0ubuntu0.24.04.4 [34.2 kB]
typecheck, test, PostgreSQL, e2e, build	Install Playwright browser	2026-10-06T03:38:09.7239558Z Get:120 http://azure.archive.ubuntu.com/ubuntu noble-updates/main amd64 mesa-libgallium amd64 25.2.8-0ubuntu0.24.04.4 [10.8 MB]
typecheck, test, PostgreSQL, e2e, build	Install Playwright browser	2026-10-06T03:38:10.2616249Z Get:121 http://azure.archive.ubuntu.com/ubuntu noble-updates/main amd64 libegl-mesa0 amd64 25.2.8-0ubuntu0.24.04.4 [117 kB]
typecheck, test, PostgreSQL, e2e, build	Install Playwright browser	2026-10-06T03:38:10.3642361Z Get:122 http://azure.archive.ubuntu.com/ubuntu noble-updates/main amd64 libevent-2.1-7t64 amd64 2.1.12-stable-9ubuntu2.2 [146 kB]
typecheck, test, PostgreSQL, e2e, build	Install Playwright browser	2026-10-06T03:38:10.4692314Z Get:123 http://azure.archive.ubuntu.com/ubuntu noble-updates/main amd64 libevent-pthreads-2.1-7t64 amd64 2.1.12-stable-9ubuntu2.2 [7988 B]
typecheck, test, PostgreSQL, e2e, build	Install Playwright browser	2026-10-06T03:38:10.5693096Z Get:124 http://azure.archive.ubuntu.com/ubuntu noble-updates/main amd64 libevent-core-2.1-7t64 amd64 2.1.12-stable-9ubuntu2.2 [91.9 kB]
typecheck, test, PostgreSQL, e2e, build	Install Playwright browser	2026-10-06T03:38:10.6694723Z Get:125 http://azure.archive.ubuntu.com/ubuntu noble/universe amd64 libfaad2 amd64 2.11.1-1build1 [207 kB]
typecheck, test, PostgreSQL, e2e, build	Install Playwright browser	2026-10-06T03:38:10.7713207Z Get:126 http://azure.archive.ubuntu.com/ubuntu noble/universe amd64 libinstpatch-1.0-2 amd64 1.1.6-1build2 [251 kB]
typecheck, test, PostgreSQL, e2e, build	Install Playwright browser	2026-10-06T03:38:10.8735579Z Get:127 http://azure.archive.ubuntu.com/ubuntu noble/main amd64 libjack-jackd2-0 amd64 1.9.21~dfsg-3ubuntu3 [289 kB]
typecheck, test, PostgreSQL, e2e, build	Install Playwright browser	2026-10-06T03:38:10.9778981Z Get:128 http://azure.archive.ubuntu.com/ubuntu noble/main amd64 libwebrtc-audio-processing1 amd64 0.3.1-0ubuntu6 [290 kB]
typecheck, test, PostgreSQL, e2e, build	Install Playwright browser	2026-10-06T03:38:11.0814121Z Get:129 http://azure.archive.ubuntu.com/ubuntu noble-updates/main amd64 libspa-0.2-modules amd64 1.0.5-1ubuntu3.3 [628 kB]
typecheck, test, PostgreSQL, e2e, build	Install Playwright browser	2026-10-06T03:38:11.1868830Z Get:130 http://azure.archive.ubuntu.com/ubuntu noble-updates/main amd64 libpipewire-0.3-0t64 amd64 1.0.5-1ubuntu3.3 [252 kB]
typecheck, test, PostgreSQL, e2e, build	Install Playwright browser	2026-10-06T03:38:11.2881494Z Get:131 http://azure.archive.ubuntu.com/ubuntu noble-updates/main amd64 libsdl2-2.0-0 amd64 2.30.0+dfsg-1ubuntu3.1 [686 kB]
typecheck, test, PostgreSQL, e2e, build	Install Playwright browser	2026-10-06T03:38:11.3943282Z Get:132 http://azure.archive.ubuntu.com/ubuntu noble/universe amd64 timgm6mb-soundfont all 1.3-5 [5427 kB]
typecheck, test, PostgreSQL, e2e, build	Install Playwright browser	2026-10-06T03:38:11.6170153Z Get:133 http://azure.archive.ubuntu.com/ubuntu noble/universe amd64 libfluidsynth3 amd64 2.3.4-1build3 [249 kB]
typecheck, test, PostgreSQL, e2e, build	Install Playwright browser	2026-10-06T03:38:11.7226971Z Get:134 http://azure.archive.ubuntu.com/ubuntu noble/main amd64 libfreeaptx0 amd64 0.1.1-2build1 [13.5 kB]
typecheck, test, PostgreSQL, e2e, build	Install Playwright browser	2026-10-06T03:38:11.8226280Z Get:135 http://azure.archive.ubuntu.com/ubuntu noble/main amd64 libgraphene-1.0-0 amd64 1.10.8-3build2 [46.2 kB]
typecheck, test, PostgreSQL, e2e, build	Install Playwright browser	2026-10-06T03:38:11.9224459Z Get:136 http://azure.archive.ubuntu.com/ubuntu noble/main amd64 libgssdp-1.6-0 amd64 1.6.3-1build3 [40.4 kB]
typecheck, test, PostgreSQL, e2e, build	Install Playwright browser	2026-10-06T03:38:12.0221442Z Get:137 http://azure.archive.ubuntu.com/ubuntu noble/main amd64 libegl1 amd64 1.7.0-1build1 [28.7 kB]
typecheck, test, PostgreSQL, e2e, build	Install Playwright browser	2026-10-06T03:38:12.1214966Z Get:138 http://azure.archive.ubuntu.com/ubuntu noble-updates/main amd64 libgstreamer-gl1.0-0 amd64 1.24.2-1ubuntu0.5 [214 kB]
typecheck, test, PostgreSQL, e2e, build	Install Playwright browser	2026-10-06T03:38:12.2264584Z Get:139 http://azure.archive.ubuntu.com/ubuntu noble-updates/main amd64 libgtk-4-common all 4.14.5+ds-0ubuntu0.10 [1497 kB]
typecheck, test, PostgreSQL, e2e, build	Install Playwright browser	2026-10-06T03:38:12.3718465Z Get:140 http://azure.archive.ubuntu.com/ubuntu noble-updates/main amd64 libgtk-4-1 amd64 4.14.5+ds-0ubuntu0.10 [3295 kB]
typecheck, test, PostgreSQL, e2e, build	Install Playwright browser	2026-10-06T03:38:12.5739406Z Get:141 http://azure.archive.ubuntu.com/ubuntu noble/main amd64 libgupnp-1.6-0 amd64 1.6.6-1build3 [92.7 kB]
typecheck, test, PostgreSQL, e2e, build	Install Playwright browser	2026-10-06T03:38:12.6749607Z Get:142 http://azure.archive.ubuntu.com/ubuntu noble/universe amd64 libgupnp-igd-1.6-0 amd64 1.6.0-3build3 [16.5 kB]
typecheck, test, PostgreSQL, e2e, build	Install Playwright browser	2026-10-06T03:38:12.7744680Z Get:143 http://azure.archive.ubuntu.com/ubuntu noble/main amd64 libharfbuzz-icu0 amd64 8.3.0-2build2 [13.3 kB]
typecheck, test, PostgreSQL, e2e, build	Install Playwright browser	2026-10-06T03:38:12.8792444Z Get:144 http://azure.archive.ubuntu.com/ubuntu noble/main amd64 libhyphen0 amd64 2.8.8-7build3 [26.5 kB]
typecheck, test, PostgreSQL, e2e, build	Install Playwright browser	2026-10-06T03:38:12.9840315Z Get:145 http://azure.archive.ubuntu.com/ubuntu noble/universe amd64 libimath-3-1-29t64 amd64 3.1.9-3.1ubuntu2 [72.2 kB]
typecheck, test, PostgreSQL, e2e, build	Install Playwright browser	2026-10-06T03:38:13.0890666Z Get:146 http://azure.archive.ubuntu.com/ubuntu noble/main amd64 liblc3-1 amd64 1.0.4-3build1 [69.7 kB]
typecheck, test, PostgreSQL, e2e, build	Install Playwright browser	2026-10-06T03:38:13.1944310Z Get:147 http://azure.archive.ubuntu.com/ubuntu noble/main amd64 libldacbt-enc2 amd64 2.0.2.3+git20200429+ed310a0-4ubuntu2 [27.1 kB]
typecheck, test, PostgreSQL, e2e, build	Install Playwright browser	2026-10-06T03:38:13.2993386Z Get:148 http://azure.archive.ubuntu.com/ubuntu noble-updates/main amd64 libraptor2-0 amd64 2.0.16-3ubuntu0.1 [165 kB]
typecheck, test, PostgreSQL, e2e, build	Install Playwright browser	2026-10-06T03:38:13.4054408Z Get:149 http://azure.archive.ubuntu.com/ubuntu noble/universe amd64 liblrdf0 amd64 0.6.1-4build1 [18.5 kB]
typecheck, test, PostgreSQL, e2e, build	Install Playwright browser	2026-10-06T03:38:13.5100174Z Get:150 http://azure.archive.ubuntu.com/ubuntu noble/universe amd64 libltc11 amd64 1.3.2-1build1 [13.0 kB]
typecheck, test, PostgreSQL, e2e, build	Install Playwright browser	2026-10-06T03:38:13.6148697Z Get:151 http://azure.archive.ubuntu.com/ubuntu noble/main amd64 libmanette-0.2-0 amd64 0.2.7-1build2 [30.6 kB]
typecheck, test, PostgreSQL, e2e, build	Install Playwright browser	2026-10-06T03:38:13.8216943Z Get:152 http://azure.archive.ubuntu.com/ubuntu noble/universe amd64 libmfx1 amd64 22.5.4-1 [3124 kB]
typecheck, test, PostgreSQL, e2e, build	Install Playwright browser	2026-10-06T03:38:14.7703832Z Get:153 http://azure.archive.ubuntu.com/ubuntu noble/universe amd64 libmjpegutils-2.1-0t64 amd64 1:2.1.0+debian-8.1build1 [25.5 kB]
typecheck, test, PostgreSQL, e2e, build	Install Playwright browser	2026-10-06T03:38:14.8742422Z Get:154 http://azure.archive.ubuntu.com/ubuntu noble/universe amd64 libmodplug1 amd64 1:0.8.9.0-3build1 [166 kB]
typecheck, test, PostgreSQL, e2e, build	Install Playwright browser	2026-10-06T03:38:14.9821821Z Get:155 http://azure.archive.ubuntu.com/ubuntu noble/universe amd64 libmpcdec6 amd64 2:0.1~r495-2build1 [32.7 kB]
typecheck, test, PostgreSQL, e2e, build	Install Playwright browser	2026-10-06T03:38:15.0863497Z Get:156 http://azure.archive.ubuntu.com/ubuntu noble/universe amd64 libmpeg2encpp-2.1-0t64 amd64 1:2.1.0+debian-8.1build1 [75.6 kB]
typecheck, test, PostgreSQL, e2e, build	Install Playwright browser	2026-10-06T03:38:15.1909801Z Get:157 http://azure.archive.ubuntu.com/ubuntu noble/universe amd64 libmplex2-2.1-0t64 amd64 1:2.1.0+debian-8.1build1 [46.1 kB]
typecheck, test, PostgreSQL, e2e, build	Install Playwright browser	2026-10-06T03:38:15.2950902Z Get:158 http://azure.archive.ubuntu.com/ubuntu noble/universe amd64 libneon27t64 amd64 0.33.0-1.1build3 [102 kB]
typecheck, test, PostgreSQL, e2e, build	Install Playwright browser	2026-10-06T03:38:15.4011928Z Get:159 http://azure.archive.ubuntu.com/ubuntu noble/universe amd64 libnice10 amd64 0.1.21-2build3 [157 kB]
typecheck, test, PostgreSQL, e2e, build	Install Playwright browser	2026-10-06T03:38:15.5083343Z Get:160 http://azure.archive.ubuntu.com/ubuntu noble/universe amd64 libopenal-data all 1:1.23.1-4build1 [161 kB]
typecheck, test, PostgreSQL, e2e, build	Install Playwright browser	2026-10-06T03:38:15.6139656Z Get:161 http://azure.archive.ubuntu.com/ubuntu noble/universe amd64 libopenexr-3-1-30 amd64 3.1.5-5.1build3 [1004 kB]
typecheck, test, PostgreSQL, e2e, build	Install Playwright browser	2026-10-06T03:38:15.7399312Z Get:162 http://azure.archive.ubuntu.com/ubuntu noble/universe amd64 libopenh264-7 amd64 2.4.1+dfsg-1 [409 kB]
typecheck, test, PostgreSQL, e2e, build	Install Playwright browser	2026-10-06T03:38:15.8519873Z Get:163 http://azure.archive.ubuntu.com/ubuntu noble/universe amd64 libopenni2-0 amd64 2.2.0.33+dfsg-18 [370 kB]
typecheck, test, PostgreSQL, e2e, build	Install Playwright browser	2026-10-06T03:38:15.9633560Z Get:164 http://azure.archive.ubuntu.com/ubuntu noble/universe amd64 libqrencode4 amd64 4.1.1-1build2 [25.0 kB]
typecheck, test, PostgreSQL, e2e, build	Install Playwright browser	2026-10-06T03:38:16.0673016Z Get:165 http://azure.archive.ubuntu.com/ubuntu noble/main amd64 libsecret-common all 0.21.4-1build3 [4962 B]
typecheck, test, PostgreSQL, e2e, build	Install Playwright browser	2026-10-06T03:38:16.1713992Z Get:166 http://azure.archive.ubuntu.com/ubuntu noble/main amd64 libsecret-1-0 amd64 0.21.4-1build3 [116 kB]
typecheck, test, PostgreSQL, e2e, build	Install Playwright browser	2026-10-06T03:38:16.2767758Z Get:167 http://azure.archive.ubuntu.com/ubuntu noble/universe amd64 libsndio7.0 amd64 1.9.0-0.3build3 [29.6 kB]
typecheck, test, PostgreSQL, e2e, build	Install Playwright browser	2026-10-06T03:38:16.3812229Z Get:168 http://azure.archive.ubuntu.com/ubuntu noble/universe amd64 libsoundtouch1 amd64 2.3.2+ds1-1build1 [60.5 kB]
typecheck, test, PostgreSQL, e2e, build	Install Playwright browser	2026-10-06T03:38:16.4853176Z Get:169 http://azure.archive.ubuntu.com/ubuntu noble/universe amd64 libspandsp2t64 amd64 0.0.6+dfsg-2.1build1 [311 kB]
typecheck, test, PostgreSQL, e2e, build	Install Playwright browser	2026-10-06T03:38:16.5951500Z Get:170 http://azure.archive.ubuntu.com/ubuntu noble/universe amd64 libsrtp2-1 amd64 2.5.0-3build1 [41.9 kB]
typecheck, test, PostgreSQL, e2e, build	Install Playwright browser	2026-10-06T03:38:16.6991931Z Get:171 http://azure.archive.ubuntu.com/ubuntu noble/main amd64 libwayland-server0 amd64 1.22.0-2.1build1 [33.9 kB]
typecheck, test, PostgreSQL, e2e, build	Install Playwright browser	2026-10-06T03:38:16.8034760Z Get:172 http://azure.archive.ubuntu.com/ubuntu noble/universe amd64 libwildmidi2 amd64 0.4.3-1build3 [68.5 kB]
typecheck, test, PostgreSQL, e2e, build	Install Playwright browser	2026-10-06T03:38:16.9155932Z Get:173 http://azure.archive.ubuntu.com/ubuntu noble/main amd64 libwoff1 amd64 1.0.2-2build1 [45.3 kB]
typecheck, test, PostgreSQL, e2e, build	Install Playwright browser	2026-10-06T03:38:17.0268584Z Get:174 http://azure.archive.ubuntu.com/ubuntu noble/main amd64 libxcb-xkb1 amd64 1.15-1ubuntu2 [32.3 kB]
typecheck, test, PostgreSQL, e2e, build	Install Playwright browser	2026-10-06T03:38:17.1372825Z Get:175 http://azure.archive.ubuntu.com/ubuntu noble/main amd64 libxkbcommon-x11-0 amd64 1.6.0-1build1 [14.5 kB]
typecheck, test, PostgreSQL, e2e, build	Install Playwright browser	2026-10-06T03:38:17.2469295Z Get:176 http://azure.archive.ubuntu.com/ubuntu noble/universe amd64 libzbar0t64 amd64 0.23.93-4build3 [123 kB]
typecheck, test, PostgreSQL, e2e, build	Install Playwright browser	2026-10-06T03:38:17.3569640Z Get:177 http://azure.archive.ubuntu.com/ubuntu noble/universe amd64 libzxing3 amd64 2.2.1-3 [583 kB]
typecheck, test, PostgreSQL, e2e, build	Install Playwright browser	2026-10-06T03:38:17.4730492Z Get:178 http://azure.archive.ubuntu.com/ubuntu noble/main amd64 xfonts-encodings all 1:1.0.5-0ubuntu2 [578 kB]
typecheck, test, PostgreSQL, e2e, build	Install Playwright browser	2026-10-06T03:38:17.5994691Z Get:179 http://azure.archive.ubuntu.com/ubuntu noble/main amd64 xfonts-utils amd64 1:7.7+6build3 [94.4 kB]
typecheck, test, PostgreSQL, e2e, build	Install Playwright browser	2026-10-06T03:38:17.7127194Z Get:180 http://azure.archive.ubuntu.com/ubuntu noble/universe amd64 xfonts-cyrillic all 1:1.0.5+nmu1 [384 kB]
typecheck, test, PostgreSQL, e2e, build	Install Playwright browser	2026-10-06T03:38:17.8379541Z Get:181 http://azure.archive.ubuntu.com/ubuntu noble/main amd64 xfonts-scalable all 1:1.0.3-1.3 [304 kB]
typecheck, test, PostgreSQL, e2e, build	Install Playwright browser	2026-10-06T03:38:17.9583363Z Get:182 http://azure.archive.ubuntu.com/ubuntu noble/universe amd64 libgstreamer-plugins-bad1.0-0 amd64 1.24.2-1ubuntu4 [797 kB]
typecheck, test, PostgreSQL, e2e, build	Install Playwright browser	2026-10-06T03:38:18.0786542Z Get:183 http://azure.archive.ubuntu.com/ubuntu noble/universe amd64 libdca0 amd64 0.0.7-2build1 [93.8 kB]
typecheck, test, PostgreSQL, e2e, build	Install Playwright browser	2026-10-06T03:38:18.1904429Z Get:184 http://azure.archive.ubuntu.com/ubuntu noble/universe amd64 libopenal1 amd64 1:1.23.1-4build1 [540 kB]
typecheck, test, PostgreSQL, e2e, build	Install Playwright browser	2026-10-06T03:38:18.3059710Z Get:185 http://azure.archive.ubuntu.com/ubuntu noble/main amd64 libsbc1 amd64 2.0-1build1 [33.9 kB]
typecheck, test, PostgreSQL, e2e, build	Install Playwright browser	2026-10-06T03:38:18.4158441Z Get:186 http://azure.archive.ubuntu.com/ubuntu noble/universe amd64 libvo-aacenc0 amd64 0.1.3-2build1 [67.8 kB]
typecheck, test, PostgreSQL, e2e, build	Install Playwright browser	2026-10-06T03:38:18.5260799Z Get:187 http://azure.archive.ubuntu.com/ubuntu noble/universe amd64 libvo-amrwbenc0 amd64 0.1.3-2build1 [76.7 kB]
typecheck, test, PostgreSQL, e2e, build	Install Playwright browser	2026-10-06T03:38:18.6374283Z Get:188 http://azure.archive.ubuntu.com/ubuntu noble/universe amd64 gstreamer1.0-plugins-bad amd64 1.24.2-1ubuntu4 [3081 kB]
typecheck, test, PostgreSQL, e2e, build	Install Playwright browser	2026-10-06T03:38:19.0859742Z Fetched 125 MB in 15s (8536 kB/s)
typecheck, test, PostgreSQL, e2e, build	Install Playwright browser	2026-10-06T03:38:19.1118403Z Selecting previously unselected package fonts-ipafont-gothic.
typecheck, test, PostgreSQL, e2e, build	Install Playwright browser	2026-10-06T03:38:19.1459026Z (Reading database ... 
typecheck, test, PostgreSQL, e2e, build	Install Playwright browser	2026-10-06T03:38:19.1459791Z (Reading database ... 5%
typecheck, test, PostgreSQL, e2e, build	Install Playwright browser	2026-10-06T03:38:19.1460410Z (Reading database ... 10%
typecheck, test, PostgreSQL, e2e, build	Install Playwright browser	2026-10-06T03:38:19.1460999Z (Reading database ... 15%
typecheck, test, PostgreSQL, e2e, build	Install Playwright browser	2026-10-06T03:38:19.1461420Z (Reading database ... 20%
typecheck, test, PostgreSQL, e2e, build	Install Playwright browser	2026-10-06T03:38:19.1461786Z (Reading database ... 25%
typecheck, test, PostgreSQL, e2e, build	Install Playwright browser	2026-10-06T03:38:19.1462144Z (Reading database ... 30%
typecheck, test, PostgreSQL, e2e, build	Install Playwright browser	2026-10-06T03:38:19.1462499Z (Reading database ... 35%
typecheck, test, PostgreSQL, e2e, build	Install Playwright browser	2026-10-06T03:38:19.1462863Z (Reading database ... 40%
typecheck, test, PostgreSQL, e2e, build	Install Playwright browser	2026-10-06T03:38:19.1463232Z (Reading database ... 45%
typecheck, test, PostgreSQL, e2e, build	Install Playwright browser	2026-10-06T03:38:19.1463591Z (Reading database ... 50%
typecheck, test, PostgreSQL, e2e, build	Install Playwright browser	2026-10-06T03:38:19.1518152Z (Reading database ... 55%
typecheck, test, PostgreSQL, e2e, build	Install Playwright browser	2026-10-06T03:38:19.2180428Z (Reading database ... 60%
typecheck, test, PostgreSQL, e2e, build	Install Playwright browser	2026-10-06T03:38:19.4213964Z (Reading database ... 65%
typecheck, test, PostgreSQL, e2e, build	Install Playwright browser	2026-10-06T03:38:19.5700529Z (Reading database ... 70%
typecheck, test, PostgreSQL, e2e, build	Install Playwright browser	2026-10-06T03:38:19.7737911Z (Reading database ... 75%
typecheck, test, PostgreSQL, e2e, build	Install Playwright browser	2026-10-06T03:38:19.9074042Z (Reading database ... 80%
typecheck, test, PostgreSQL, e2e, build	Install Playwright browser	2026-10-06T03:38:20.0301304Z (Reading database ... 85%
typecheck, test, PostgreSQL, e2e, build	Install Playwright browser	2026-10-06T03:38:20.1246227Z (Reading database ... 90%
typecheck, test, PostgreSQL, e2e, build	Install Playwright browser	2026-10-06T03:38:20.2190357Z (Reading database ... 95%
typecheck, test, PostgreSQL, e2e, build	Install Playwright browser	2026-10-06T03:38:20.2191051Z (Reading database ... 100%
typecheck, test, PostgreSQL, e2e, build	Install Playwright browser	2026-10-06T03:38:20.2191714Z (Reading database ... 202296 files and directories currently installed.)
typecheck, test, PostgreSQL, e2e, build	Install Playwright browser	2026-10-06T03:38:20.2231267Z Preparing to unpack .../000-fonts-ipafont-gothic_00303-21ubuntu1_all.deb ...
typecheck, test, PostgreSQL, e2e, build	Install Playwright browser	2026-10-06T03:38:20.2322542Z Unpacking fonts-ipafont-gothic (00303-21ubuntu1) ...
typecheck, test, PostgreSQL, e2e, build	Install Playwright browser	2026-10-06T03:38:20.4563566Z Selecting previously unselected package fonts-freefont-ttf.
typecheck, test, PostgreSQL, e2e, build	Install Playwright browser	2026-10-06T03:38:20.4691247Z Preparing to unpack .../001-fonts-freefont-ttf_20211204+svn4273-2_all.deb ...
typecheck, test, PostgreSQL, e2e, build	Install Playwright browser	2026-10-06T03:38:20.4697372Z Unpacking fonts-freefont-ttf (20211204+svn4273-2) ...
typecheck, test, PostgreSQL, e2e, build	Install Playwright browser	2026-10-06T03:38:20.5486456Z Selecting previously unselected package fonts-tlwg-loma-otf.
typecheck, test, PostgreSQL, e2e, build	Install Playwright browser	2026-10-06T03:38:20.5613719Z Preparing to unpack .../002-fonts-tlwg-loma-otf_1%3a0.7.3-1_all.deb ...
typecheck, test, PostgreSQL, e2e, build	Install Playwright browser	2026-10-06T03:38:20.5619284Z Unpacking fonts-tlwg-loma-otf (1:0.7.3-1) ...
typecheck, test, PostgreSQL, e2e, build	Install Playwright browser	2026-10-06T03:38:20.5813174Z Selecting previously unselected package fonts-unifont.
typecheck, test, PostgreSQL, e2e, build	Install Playwright browser	2026-10-06T03:38:20.5936037Z Preparing to unpack .../003-fonts-unifont_1%3a15.1.01-1build1_all.deb ...
typecheck, test, PostgreSQL, e2e, build	Install Playwright browser	2026-10-06T03:38:20.5942262Z Unpacking fonts-unifont (1:15.1.01-1build1) ...
typecheck, test, PostgreSQL, e2e, build	Install Playwright browser	2026-10-06T03:38:20.7004672Z Selecting previously unselected package fonts-wqy-zenhei.
typecheck, test, PostgreSQL, e2e, build	Install Playwright browser	2026-10-06T03:38:20.7136314Z Preparing to unpack .../004-fonts-wqy-zenhei_0.9.45-8_all.deb ...
typecheck, test, PostgreSQL, e2e, build	Install Playwright browser	2026-10-06T03:38:20.7236389Z Unpacking fonts-wqy-zenhei (0.9.45-8) ...
typecheck, test, PostgreSQL, e2e, build	Install Playwright browser	2026-10-06T03:38:21.1753208Z Selecting previously unselected package libproxy1v5:amd64.
typecheck, test, PostgreSQL, e2e, build	Install Playwright browser	2026-10-06T03:38:21.1879564Z Preparing to unpack .../005-libproxy1v5_0.5.4-4build1_amd64.deb ...
typecheck, test, PostgreSQL, e2e, build	Install Playwright browser	2026-10-06T03:38:21.1894964Z Unpacking libproxy1v5:amd64 (0.5.4-4build1) ...
typecheck, test, PostgreSQL, e2e, build	Install Playwright browser	2026-10-06T03:38:21.2092776Z Selecting previously unselected package glib-networking-common.
typecheck, test, PostgreSQL, e2e, build	Install Playwright browser	2026-10-06T03:38:21.2219789Z Preparing to unpack .../006-glib-networking-common_2.80.0-1build1_all.deb ...
typecheck, test, PostgreSQL, e2e, build	Install Playwright browser	2026-10-06T03:38:21.2226180Z Unpacking glib-networking-common (2.80.0-1build1) ...
typecheck, test, PostgreSQL, e2e, build	Install Playwright browser	2026-10-06T03:38:21.2399608Z Selecting previously unselected package glib-networking-services.
typecheck, test, PostgreSQL, e2e, build	Install Playwright browser	2026-10-06T03:38:21.2526112Z Preparing to unpack .../007-glib-networking-services_2.80.0-1build1_amd64.deb ...
typecheck, test, PostgreSQL, e2e, build	Install Playwright browser	2026-10-06T03:38:21.2532147Z Unpacking glib-networking-services (2.80.0-1build1) ...
typecheck, test, PostgreSQL, e2e, build	Install Playwright browser	2026-10-06T03:38:21.2720380Z Selecting previously unselected package session-migration.
typecheck, test, PostgreSQL, e2e, build	Install Playwright browser	2026-10-06T03:38:21.2841403Z Preparing to unpack .../008-session-migration_0.3.9build1_amd64.deb ...
typecheck, test, PostgreSQL, e2e, build	Install Playwright browser	2026-10-06T03:38:21.2848804Z Unpacking session-migration (0.3.9build1) ...
typecheck, test, PostgreSQL, e2e, build	Install Playwright browser	2026-10-06T03:38:21.3072681Z Selecting previously unselected package gsettings-desktop-schemas.
typecheck, test, PostgreSQL, e2e, build	Install Playwright browser	2026-10-06T03:38:21.3192971Z Preparing to unpack .../009-gsettings-desktop-schemas_46.1-0ubuntu1_all.deb ...
typecheck, test, PostgreSQL, e2e, build	Install Playwright browser	2026-10-06T03:38:21.3199753Z Unpacking gsettings-desktop-schemas (46.1-0ubuntu1) ...
typecheck, test, PostgreSQL, e2e, build	Install Playwright browser	2026-10-06T03:38:21.3607647Z Selecting previously unselected package glib-networking:amd64.
typecheck, test, PostgreSQL, e2e, build	Install Playwright browser	2026-10-06T03:38:21.3726945Z Preparing to unpack .../010-glib-networking_2.80.0-1build1_amd64.deb ...
typecheck, test, PostgreSQL, e2e, build	Install Playwright browser	2026-10-06T03:38:21.3733236Z Unpacking glib-networking:amd64 (2.80.0-1build1) ...
typecheck, test, PostgreSQL, e2e, build	Install Playwright browser	2026-10-06T03:38:21.3945387Z Selecting previously unselected package libva2:amd64.
typecheck, test, PostgreSQL, e2e, build	Install Playwright browser	2026-10-06T03:38:21.4063756Z Preparing to unpack .../011-libva2_2.20.0-2ubuntu0.2_amd64.deb ...
typecheck, test, PostgreSQL, e2e, build	Install Playwright browser	2026-10-06T03:38:21.4077046Z Unpacking libva2:amd64 (2.20.0-2ubuntu0.2) ...
typecheck, test, PostgreSQL, e2e, build	Install Playwright browser	2026-10-06T03:38:21.4271513Z Selecting previously unselected package libva-drm2:amd64.
typecheck, test, PostgreSQL, e2e, build	Install Playwright browser	2026-10-06T03:38:21.4389186Z Preparing to unpack .../012-libva-drm2_2.20.0-2ubuntu0.2_amd64.deb ...
typecheck, test, PostgreSQL, e2e, build	Install Playwright browser	2026-10-06T03:38:21.4395557Z Unpacking libva-drm2:amd64 (2.20.0-2ubuntu0.2) ...
typecheck, test, PostgreSQL, e2e, build	Install Playwright browser	2026-10-06T03:38:21.4579396Z Selecting previously unselected package libva-x11-2:amd64.
typecheck, test, PostgreSQL, e2e, build	Install Playwright browser	2026-10-06T03:38:21.4697476Z Preparing to unpack .../013-libva-x11-2_2.20.0-2ubuntu0.2_amd64.deb ...
typecheck, test, PostgreSQL, e2e, build	Install Playwright browser	2026-10-06T03:38:21.4728079Z Unpacking libva-x11-2:amd64 (2.20.0-2ubuntu0.2) ...
typecheck, test, PostgreSQL, e2e, build	Install Playwright browser	2026-10-06T03:38:21.4919834Z Selecting previously unselected package libvdpau1:amd64.
typecheck, test, PostgreSQL, e2e, build	Install Playwright browser	2026-10-06T03:38:21.5036544Z Preparing to unpack .../014-libvdpau1_1.5-2build1_amd64.deb ...
typecheck, test, PostgreSQL, e2e, build	Install Playwright browser	2026-10-06T03:38:21.5043056Z Unpacking libvdpau1:amd64 (1.5-2build1) ...
typecheck, test, PostgreSQL, e2e, build	Install Playwright browser	2026-10-06T03:38:21.5240238Z Selecting previously unselected package libvpl2.
typecheck, test, PostgreSQL, e2e, build	Install Playwright browser	2026-10-06T03:38:21.5356717Z Preparing to unpack .../015-libvpl2_2023.3.0-1build1_amd64.deb ...
typecheck, test, PostgreSQL, e2e, build	Install Playwright browser	2026-10-06T03:38:21.5363419Z Unpacking libvpl2 (2023.3.0-1build1) ...
typecheck, test, PostgreSQL, e2e, build	Install Playwright browser	2026-10-06T03:38:21.5569518Z Selecting previously unselected package ocl-icd-libopencl1:amd64.
typecheck, test, PostgreSQL, e2e, build	Install Playwright browser	2026-10-06T03:38:21.5686540Z Preparing to unpack .../016-ocl-icd-libopencl1_2.3.2-1build1_amd64.deb ...
typecheck, test, PostgreSQL, e2e, build	Install Playwright browser	2026-10-06T03:38:21.5693883Z Unpacking ocl-icd-libopencl1:amd64 (2.3.2-1build1) ...
typecheck, test, PostgreSQL, e2e, build	Install Playwright browser	2026-10-06T03:38:21.5934186Z Selecting previously unselected package libavutil58:amd64.
typecheck, test, PostgreSQL, e2e, build	Install Playwright browser	2026-10-06T03:38:21.6054245Z Preparing to unpack .../017-libavutil58_7%3a6.1.1-3ubuntu5_amd64.deb ...
typecheck, test, PostgreSQL, e2e, build	Install Playwright browser	2026-10-06T03:38:21.6060927Z Unpacking libavutil58:amd64 (7:6.1.1-3ubuntu5) ...
typecheck, test, PostgreSQL, e2e, build	Install Playwright browser	2026-10-06T03:38:21.6294005Z Selecting previously unselected package libcodec2-1.2:amd64.
typecheck, test, PostgreSQL, e2e, build	Install Playwright browser	2026-10-06T03:38:21.6414547Z Preparing to unpack .../018-libcodec2-1.2_1.2.0-2build1_amd64.deb ...
typecheck, test, PostgreSQL, e2e, build	Install Playwright browser	2026-10-06T03:38:21.6421667Z Unpacking libcodec2-1.2:amd64 (1.2.0-2build1) ...
typecheck, test, PostgreSQL, e2e, build	Install Playwright browser	2026-10-06T03:38:21.7138132Z Selecting previously unselected package libdav1d7:amd64.
typecheck, test, PostgreSQL, e2e, build	Install Playwright browser	2026-10-06T03:38:21.7267098Z Preparing to unpack .../019-libdav1d7_1.4.1-1build1_amd64.deb ...
typecheck, test, PostgreSQL, e2e, build	Install Playwright browser	2026-10-06T03:38:21.7273858Z Unpacking libdav1d7:amd64 (1.4.1-1build1) ...
typecheck, test, PostgreSQL, e2e, build	Install Playwright browser	2026-10-06T03:38:21.7521831Z Selecting previously unselected package libgsm1:amd64.
typecheck, test, PostgreSQL, e2e, build	Install Playwright browser	2026-10-06T03:38:21.7649278Z Preparing to unpack .../020-libgsm1_1.0.22-1build1_amd64.deb ...
typecheck, test, PostgreSQL, e2e, build	Install Playwright browser	2026-10-06T03:38:21.7656002Z Unpacking libgsm1:amd64 (1.0.22-1build1) ...
typecheck, test, PostgreSQL, e2e, build	Install Playwright browser	2026-10-06T03:38:21.7858468Z Selecting previously unselected package libhwy1t64:amd64.
typecheck, test, PostgreSQL, e2e, build	Install Playwright browser	2026-10-06T03:38:21.7984622Z Preparing to unpack .../021-libhwy1t64_1.0.7-8.1build1_amd64.deb ...
typecheck, test, PostgreSQL, e2e, build	Install Playwright browser	2026-10-06T03:38:21.7991745Z Unpacking libhwy1t64:amd64 (1.0.7-8.1build1) ...
typecheck, test, PostgreSQL, e2e, build	Install Playwright browser	2026-10-06T03:38:21.8307154Z Selecting previously unselected package libjxl0.7:amd64.
typecheck, test, PostgreSQL, e2e, build	Install Playwright browser	2026-10-06T03:38:21.8431437Z Preparing to unpack .../022-libjxl0.7_0.7.0-10.2ubuntu6.1_amd64.deb ...
typecheck, test, PostgreSQL, e2e, build	Install Playwright browser	2026-10-06T03:38:21.8438339Z Unpacking libjxl0.7:amd64 (0.7.0-10.2ubuntu6.1) ...
typecheck, test, PostgreSQL, e2e, build	Install Playwright browser	2026-10-06T03:38:21.8751911Z Selecting previously unselected package libmp3lame0:amd64.
typecheck, test, PostgreSQL, e2e, build	Install Playwright browser	2026-10-06T03:38:21.8878148Z Preparing to unpack .../023-libmp3lame0_3.100-6build1_amd64.deb ...
typecheck, test, PostgreSQL, e2e, build	Install Playwright browser	2026-10-06T03:38:21.8885390Z Unpacking libmp3lame0:amd64 (3.100-6build1) ...
typecheck, test, PostgreSQL, e2e, build	Install Playwright browser	2026-10-06T03:38:21.9088568Z Selecting previously unselected package libopus0:amd64.
typecheck, test, PostgreSQL, e2e, build	Install Playwright browser	2026-10-06T03:38:21.9215576Z Preparing to unpack .../024-libopus0_1.4-1build1_amd64.deb ...
typecheck, test, PostgreSQL, e2e, build	Install Playwright browser	2026-10-06T03:38:21.9225857Z Unpacking libopus0:amd64 (1.4-1build1) ...
typecheck, test, PostgreSQL, e2e, build	Install Playwright browser	2026-10-06T03:38:21.9431054Z Selecting previously unselected package librav1e0:amd64.
typecheck, test, PostgreSQL, e2e, build	Install Playwright browser	2026-10-06T03:38:21.9554605Z Preparing to unpack .../025-librav1e0_0.7.1-2_amd64.deb ...
typecheck, test, PostgreSQL, e2e, build	Install Playwright browser	2026-10-06T03:38:21.9561637Z Unpacking librav1e0:amd64 (0.7.1-2) ...
typecheck, test, PostgreSQL, e2e, build	Install Playwright browser	2026-10-06T03:38:21.9870210Z Selecting previously unselected package librsvg2-2:amd64.
typecheck, test, PostgreSQL, e2e, build	Install Playwright browser	2026-10-06T03:38:21.9994396Z Preparing to unpack .../026-librsvg2-2_2.58.0+dfsg-1build1_amd64.deb ...
typecheck, test, PostgreSQL, e2e, build	Install Playwright browser	2026-10-06T03:38:22.0000975Z Unpacking librsvg2-2:amd64 (2.58.0+dfsg-1build1) ...
typecheck, test, PostgreSQL, e2e, build	Install Playwright browser	2026-10-06T03:38:22.0445447Z Selecting previously unselected package libshine3:amd64.
typecheck, test, PostgreSQL, e2e, build	Install Playwright browser	2026-10-06T03:38:22.0573782Z Preparing to unpack .../027-libshine3_3.1.1-2build1_amd64.deb ...
typecheck, test, PostgreSQL, e2e, build	Install Playwright browser	2026-10-06T03:38:22.0581466Z Unpacking libshine3:amd64 (3.1.1-2build1) ...
typecheck, test, PostgreSQL, e2e, build	Install Playwright browser	2026-10-06T03:38:22.0778965Z Selecting previously unselected package libspeex1:amd64.
typecheck, test, PostgreSQL, e2e, build	Install Playwright browser	2026-10-06T03:38:22.0904770Z Preparing to unpack .../028-libspeex1_1.2.1-2ubuntu2.24.04.1_amd64.deb ...
typecheck, test, PostgreSQL, e2e, build	Install Playwright browser	2026-10-06T03:38:22.0911176Z Unpacking libspeex1:amd64 (1.2.1-2ubuntu2.24.04.1) ...
typecheck, test, PostgreSQL, e2e, build	Install Playwright browser	2026-10-06T03:38:22.1106085Z Selecting previously unselected package libsvtav1enc1d1:amd64.
typecheck, test, PostgreSQL, e2e, build	Install Playwright browser	2026-10-06T03:38:22.1230719Z Preparing to unpack .../029-libsvtav1enc1d1_1.7.0+dfsg-2build1_amd64.deb ...
typecheck, test, PostgreSQL, e2e, build	Install Playwright browser	2026-10-06T03:38:22.1237875Z Unpacking libsvtav1enc1d1:amd64 (1.7.0+dfsg-2build1) ...
typecheck, test, PostgreSQL, e2e, build	Install Playwright browser	2026-10-06T03:38:22.1711141Z Selecting previously unselected package libsoxr0:amd64.
typecheck, test, PostgreSQL, e2e, build	Install Playwright browser	2026-10-06T03:38:22.1836011Z Preparing to unpack .../030-libsoxr0_0.1.3-4build3_amd64.deb ...
typecheck, test, PostgreSQL, e2e, build	Install Playwright browser	2026-10-06T03:38:22.1843587Z Unpacking libsoxr0:amd64 (0.1.3-4build3) ...
typecheck, test, PostgreSQL, e2e, build	Install Playwright browser	2026-10-06T03:38:22.2038701Z Selecting previously unselected package libswresample4:amd64.
typecheck, test, PostgreSQL, e2e, build	Install Playwright browser	2026-10-06T03:38:22.2164418Z Preparing to unpack .../031-libswresample4_7%3a6.1.1-3ubuntu5_amd64.deb ...
typecheck, test, PostgreSQL, e2e, build	Install Playwright browser	2026-10-06T03:38:22.2171708Z Unpacking libswresample4:amd64 (7:6.1.1-3ubuntu5) ...
typecheck, test, PostgreSQL, e2e, build	Install Playwright browser	2026-10-06T03:38:22.2370187Z Selecting previously unselected package libtheora0:amd64.
typecheck, test, PostgreSQL, e2e, build	Install Playwright browser	2026-10-06T03:38:22.2494976Z Preparing to unpack .../032-libtheora0_1.1.1+dfsg.1-16.1build3_amd64.deb ...
typecheck, test, PostgreSQL, e2e, build	Install Playwright browser	2026-10-06T03:38:22.2503483Z Unpacking libtheora0:amd64 (1.1.1+dfsg.1-16.1build3) ...
typecheck, test, PostgreSQL, e2e, build	Install Playwright browser	2026-10-06T03:38:22.2752980Z Selecting previously unselected package libtwolame0:amd64.
typecheck, test, PostgreSQL, e2e, build	Install Playwright browser	2026-10-06T03:38:22.2875293Z Preparing to unpack .../033-libtwolame0_0.4.0-2build3_amd64.deb ...
typecheck, test, PostgreSQL, e2e, build	Install Playwright browser	2026-10-06T03:38:22.2883266Z Unpacking libtwolame0:amd64 (0.4.0-2build3) ...
typecheck, test, PostgreSQL, e2e, build	Install Playwright browser	2026-10-06T03:38:22.3075974Z Selecting previously unselected package libvorbisenc2:amd64.
typecheck, test, PostgreSQL, e2e, build	Install Playwright browser	2026-10-06T03:38:22.3196949Z Preparing to unpack .../034-libvorbisenc2_1.3.7-1build3_amd64.deb ...
typecheck, test, PostgreSQL, e2e, build	Install Playwright browser	2026-10-06T03:38:22.3203651Z Unpacking libvorbisenc2:amd64 (1.3.7-1build3) ...
typecheck, test, PostgreSQL, e2e, build	Install Playwright browser	2026-10-06T03:38:22.3412608Z Selecting previously unselected package libvpx9:amd64.
typecheck, test, PostgreSQL, e2e, build	Install Playwright browser	2026-10-06T03:38:22.3533039Z Preparing to unpack .../035-libvpx9_1.14.0-1ubuntu2.3_amd64.deb ...
typecheck, test, PostgreSQL, e2e, build	Install Playwright browser	2026-10-06T03:38:22.3540632Z Unpacking libvpx9:amd64 (1.14.0-1ubuntu2.3) ...
typecheck, test, PostgreSQL, e2e, build	Install Playwright browser	2026-10-06T03:38:22.3855909Z Selecting previously unselected package libx264-164:amd64.
typecheck, test, PostgreSQL, e2e, build	Install Playwright browser	2026-10-06T03:38:22.3980796Z Preparing to unpack .../036-libx264-164_2%3a0.164.3108+git31e19f9-1_amd64.deb ...
typecheck, test, PostgreSQL, e2e, build	Install Playwright browser	2026-10-06T03:38:22.3988118Z Unpacking libx264-164:amd64 (2:0.164.3108+git31e19f9-1) ...
typecheck, test, PostgreSQL, e2e, build	Install Playwright browser	2026-10-06T03:38:22.4245423Z Selecting previously unselected package libx265-199:amd64.
typecheck, test, PostgreSQL, e2e, build	Install Playwright browser	2026-10-06T03:38:22.4370095Z Preparing to unpack .../037-libx265-199_3.5-2build1_amd64.deb ...
typecheck, test, PostgreSQL, e2e, build	Install Playwright browser	2026-10-06T03:38:22.4378863Z Unpacking libx265-199:amd64 (3.5-2build1) ...
typecheck, test, PostgreSQL, e2e, build	Install Playwright browser	2026-10-06T03:38:22.5033757Z Selecting previously unselected package libxvidcore4:amd64.
typecheck, test, PostgreSQL, e2e, build	Install Playwright browser	2026-10-06T03:38:22.5164342Z Preparing to unpack .../038-libxvidcore4_2%3a1.3.7-1build1_amd64.deb ...
typecheck, test, PostgreSQL, e2e, build	Install Playwright browser	2026-10-06T03:38:22.5173631Z Unpacking libxvidcore4:amd64 (2:1.3.7-1build1) ...
typecheck, test, PostgreSQL, e2e, build	Install Playwright browser	2026-10-06T03:38:22.5382903Z Selecting previously unselected package libzvbi-common.
typecheck, test, PostgreSQL, e2e, build	Install Playwright browser	2026-10-06T03:38:22.5509070Z Preparing to unpack .../039-libzvbi-common_0.2.42-2_all.deb ...
typecheck, test, PostgreSQL, e2e, build	Install Playwright browser	2026-10-06T03:38:22.5515897Z Unpacking libzvbi-common (0.2.42-2) ...
typecheck, test, PostgreSQL, e2e, build	Install Playwright browser	2026-10-06T03:38:22.5962080Z Selecting previously unselected package libzvbi0t64:amd64.
typecheck, test, PostgreSQL, e2e, build	Install Playwright browser	2026-10-06T03:38:22.6087272Z Preparing to unpack .../040-libzvbi0t64_0.2.42-2_amd64.deb ...
typecheck, test, PostgreSQL, e2e, build	Install Playwright browser	2026-10-06T03:38:22.6098793Z Unpacking libzvbi0t64:amd64 (0.2.42-2) ...
typecheck, test, PostgreSQL, e2e, build	Install Playwright browser	2026-10-06T03:38:22.6322001Z Selecting previously unselected package libavcodec60:amd64.
typecheck, test, PostgreSQL, e2e, build	Install Playwright browser	2026-10-06T03:38:22.6446412Z Preparing to unpack .../041-libavcodec60_7%3a6.1.1-3ubuntu5_amd64.deb ...
typecheck, test, PostgreSQL, e2e, build	Install Playwright browser	2026-10-06T03:38:22.6453047Z Unpacking libavcodec60:amd64 (7:6.1.1-3ubuntu5) ...
typecheck, test, PostgreSQL, e2e, build	Install Playwright browser	2026-10-06T03:38:22.7257416Z Selecting previously unselected package libunibreak5:amd64.
typecheck, test, PostgreSQL, e2e, build	Install Playwright browser	2026-10-06T03:38:22.7384901Z Preparing to unpack .../042-libunibreak5_5.1-2build1_amd64.deb ...
typecheck, test, PostgreSQL, e2e, build	Install Playwright browser	2026-10-06T03:38:22.7391590Z Unpacking libunibreak5:amd64 (5.1-2build1) ...
typecheck, test, PostgreSQL, e2e, build	Install Playwright browser	2026-10-06T03:38:22.7588868Z Selecting previously unselected package libass9:amd64.
typecheck, test, PostgreSQL, e2e, build	Install Playwright browser	2026-10-06T03:38:22.7714057Z Preparing to unpack .../043-libass9_1%3a0.17.1-2build1_amd64.deb ...
typecheck, test, PostgreSQL, e2e, build	Install Playwright browser	2026-10-06T03:38:22.7720857Z Unpacking libass9:amd64 (1:0.17.1-2build1) ...
typecheck, test, PostgreSQL, e2e, build	Install Playwright browser	2026-10-06T03:38:22.7924175Z Selecting previously unselected package libudfread0:amd64.
typecheck, test, PostgreSQL, e2e, build	Install Playwright browser	2026-10-06T03:38:22.8051109Z Preparing to unpack .../044-libudfread0_1.1.2-1build1_amd64.deb ...
typecheck, test, PostgreSQL, e2e, build	Install Playwright browser	2026-10-06T03:38:22.8057822Z Unpacking libudfread0:amd64 (1.1.2-1build1) ...
typecheck, test, PostgreSQL, e2e, build	Install Playwright browser	2026-10-06T03:38:22.8253004Z Selecting previously unselected package libbluray2:amd64.
typecheck, test, PostgreSQL, e2e, build	Install Playwright browser	2026-10-06T03:38:22.8378057Z Preparing to unpack .../045-libbluray2_1%3a1.3.4-1build1_amd64.deb ...
typecheck, test, PostgreSQL, e2e, build	Install Playwright browser	2026-10-06T03:38:22.8384886Z Unpacking libbluray2:amd64 (1:1.3.4-1build1) ...
typecheck, test, PostgreSQL, e2e, build	Install Playwright browser	2026-10-06T03:38:22.8596993Z Selecting previously unselected package libchromaprint1:amd64.
typecheck, test, PostgreSQL, e2e, build	Install Playwright browser	2026-10-06T03:38:22.8719835Z Preparing to unpack .../046-libchromaprint1_1.5.1-5_amd64.deb ...
typecheck, test, PostgreSQL, e2e, build	Install Playwright browser	2026-10-06T03:38:22.8727250Z Unpacking libchromaprint1:amd64 (1.5.1-5) ...
typecheck, test, PostgreSQL, e2e, build	Install Playwright browser	2026-10-06T03:38:22.8921797Z Selecting previously unselected package libgme0:amd64.
typecheck, test, PostgreSQL, e2e, build	Install Playwright browser	2026-10-06T03:38:22.9042885Z Preparing to unpack .../047-libgme0_0.6.3-7build1_amd64.deb ...
typecheck, test, PostgreSQL, e2e, build	Install Playwright browser	2026-10-06T03:38:22.9049681Z Unpacking libgme0:amd64 (0.6.3-7build1) ...
typecheck, test, PostgreSQL, e2e, build	Install Playwright browser	2026-10-06T03:38:22.9257386Z Selecting previously unselected package libmpg123-0t64:amd64.
typecheck, test, PostgreSQL, e2e, build	Install Playwright browser	2026-10-06T03:38:22.9380694Z Preparing to unpack .../048-libmpg123-0t64_1.32.5-1ubuntu1.1_amd64.deb ...
typecheck, test, PostgreSQL, e2e, build	Install Playwright browser	2026-10-06T03:38:22.9387539Z Unpacking libmpg123-0t64:amd64 (1.32.5-1ubuntu1.1) ...
typecheck, test, PostgreSQL, e2e, build	Install Playwright browser	2026-10-06T03:38:22.9598799Z Selecting previously unselected package libopenmpt0t64:amd64.
typecheck, test, PostgreSQL, e2e, build	Install Playwright browser	2026-10-06T03:38:22.9720751Z Preparing to unpack .../049-libopenmpt0t64_0.7.3-1.1build3_amd64.deb ...
typecheck, test, PostgreSQL, e2e, build	Install Playwright browser	2026-10-06T03:38:22.9728386Z Unpacking libopenmpt0t64:amd64 (0.7.3-1.1build3) ...
typecheck, test, PostgreSQL, e2e, build	Install Playwright browser	2026-10-06T03:38:22.9980009Z Selecting previously unselected package libcjson1:amd64.
typecheck, test, PostgreSQL, e2e, build	Install Playwright browser	2026-10-06T03:38:23.0102543Z Preparing to unpack .../050-libcjson1_1.7.17-1_amd64.deb ...
typecheck, test, PostgreSQL, e2e, build	Install Playwright browser	2026-10-06T03:38:23.0109589Z Unpacking libcjson1:amd64 (1.7.17-1) ...
typecheck, test, PostgreSQL, e2e, build	Install Playwright browser	2026-10-06T03:38:23.0313815Z Selecting previously unselected package libmbedcrypto7t64:amd64.
typecheck, test, PostgreSQL, e2e, build	Install Playwright browser	2026-10-06T03:38:23.0435329Z Preparing to unpack .../051-libmbedcrypto7t64_2.28.8-1_amd64.deb ...
typecheck, test, PostgreSQL, e2e, build	Install Playwright browser	2026-10-06T03:38:23.0441649Z Unpacking libmbedcrypto7t64:amd64 (2.28.8-1) ...
typecheck, test, PostgreSQL, e2e, build	Install Playwright browser	2026-10-06T03:38:23.0669066Z Selecting previously unselected package librist4:amd64.
typecheck, test, PostgreSQL, e2e, build	Install Playwright browser	2026-10-06T03:38:23.0794453Z Preparing to unpack .../052-librist4_0.2.10+dfsg-2_amd64.deb ...
typecheck, test, PostgreSQL, e2e, build	Install Playwright browser	2026-10-06T03:38:23.0802368Z Unpacking librist4:amd64 (0.2.10+dfsg-2) ...
typecheck, test, PostgreSQL, e2e, build	Install Playwright browser	2026-10-06T03:38:23.1003313Z Selecting previously unselected package libsrt1.5-gnutls:amd64.
typecheck, test, PostgreSQL, e2e, build	Install Playwright browser	2026-10-06T03:38:23.1124956Z Preparing to unpack .../053-libsrt1.5-gnutls_1.5.3-1build2_amd64.deb ...
typecheck, test, PostgreSQL, e2e, build	Install Playwright browser	2026-10-06T03:38:23.1132848Z Unpacking libsrt1.5-gnutls:amd64 (1.5.3-1build2) ...
typecheck, test, PostgreSQL, e2e, build	Install Playwright browser	2026-10-06T03:38:23.1407820Z Selecting previously unselected package libssh-gcrypt-4:amd64.
typecheck, test, PostgreSQL, e2e, build	Install Playwright browser	2026-10-06T03:38:23.1530414Z Preparing to unpack .../054-libssh-gcrypt-4_0.10.6-2ubuntu0.5_amd64.deb ...
typecheck, test, PostgreSQL, e2e, build	Install Playwright browser	2026-10-06T03:38:23.1538689Z Unpacking libssh-gcrypt-4:amd64 (0.10.6-2ubuntu0.5) ...
typecheck, test, PostgreSQL, e2e, build	Install Playwright browser	2026-10-06T03:38:23.1756816Z Selecting previously unselected package libavformat60:amd64.
typecheck, test, PostgreSQL, e2e, build	Install Playwright browser	2026-10-06T03:38:23.1878257Z Preparing to unpack .../055-libavformat60_7%3a6.1.1-3ubuntu5_amd64.deb ...
typecheck, test, PostgreSQL, e2e, build	Install Playwright browser	2026-10-06T03:38:23.1884635Z Unpacking libavformat60:amd64 (7:6.1.1-3ubuntu5) ...
typecheck, test, PostgreSQL, e2e, build	Install Playwright browser	2026-10-06T03:38:23.2184440Z Selecting previously unselected package libbs2b0:amd64.
typecheck, test, PostgreSQL, e2e, build	Install Playwright browser	2026-10-06T03:38:23.2310632Z Preparing to unpack .../056-libbs2b0_3.1.0+dfsg-7build1_amd64.deb ...
typecheck, test, PostgreSQL, e2e, build	Install Playwright browser	2026-10-06T03:38:23.2316875Z Unpacking libbs2b0:amd64 (3.1.0+dfsg-7build1) ...
typecheck, test, PostgreSQL, e2e, build	Install Playwright browser	2026-10-06T03:38:23.2544722Z Selecting previously unselected package libflite1:amd64.
typecheck, test, PostgreSQL, e2e, build	Install Playwright browser	2026-10-06T03:38:23.2669860Z Preparing to unpack .../057-libflite1_2.2-6build3_amd64.deb ...
typecheck, test, PostgreSQL, e2e, build	Install Playwright browser	2026-10-06T03:38:23.2676015Z Unpacking libflite1:amd64 (2.2-6build3) ...
typecheck, test, PostgreSQL, e2e, build	Install Playwright browser	2026-10-06T03:38:23.3734395Z Selecting previously unselected package libserd-0-0:amd64.
typecheck, test, PostgreSQL, e2e, build	Install Playwright browser	2026-10-06T03:38:23.3861431Z Preparing to unpack .../058-libserd-0-0_0.32.2-1_amd64.deb ...
typecheck, test, PostgreSQL, e2e, build	Install Playwright browser	2026-10-06T03:38:23.3868934Z Unpacking libserd-0-0:amd64 (0.32.2-1) ...
typecheck, test, PostgreSQL, e2e, build	Install Playwright browser	2026-10-06T03:38:23.4068110Z Selecting previously unselected package libzix-0-0:amd64.
typecheck, test, PostgreSQL, e2e, build	Install Playwright browser	2026-10-06T03:38:23.4194463Z Preparing to unpack .../059-libzix-0-0_0.4.2-2build1_amd64.deb ...
typecheck, test, PostgreSQL, e2e, build	Install Playwright browser	2026-10-06T03:38:23.4201631Z Unpacking libzix-0-0:amd64 (0.4.2-2build1) ...
typecheck, test, PostgreSQL, e2e, build	Install Playwright browser	2026-10-06T03:38:23.4391790Z Selecting previously unselected package libsord-0-0:amd64.
typecheck, test, PostgreSQL, e2e, build	Install Playwright browser	2026-10-06T03:38:23.4517070Z Preparing to unpack .../060-libsord-0-0_0.16.16-2build1_amd64.deb ...
typecheck, test, PostgreSQL, e2e, build	Install Playwright browser	2026-10-06T03:38:23.4523772Z Unpacking libsord-0-0:amd64 (0.16.16-2build1) ...
typecheck, test, PostgreSQL, e2e, build	Install Playwright browser	2026-10-06T03:38:23.4733591Z Selecting previously unselected package libsratom-0-0:amd64.
typecheck, test, PostgreSQL, e2e, build	Install Playwright browser	2026-10-06T03:38:23.4857595Z Preparing to unpack .../061-libsratom-0-0_0.6.16-1build1_amd64.deb ...
typecheck, test, PostgreSQL, e2e, build	Install Playwright browser	2026-10-06T03:38:23.4864244Z Unpacking libsratom-0-0:amd64 (0.6.16-1build1) ...
typecheck, test, PostgreSQL, e2e, build	Install Playwright browser	2026-10-06T03:38:23.5054832Z Selecting previously unselected package liblilv-0-0:amd64.
typecheck, test, PostgreSQL, e2e, build	Install Playwright browser	2026-10-06T03:38:23.5174670Z Preparing to unpack .../062-liblilv-0-0_0.24.22-1build1_amd64.deb ...
typecheck, test, PostgreSQL, e2e, build	Install Playwright browser	2026-10-06T03:38:23.5182561Z Unpacking liblilv-0-0:amd64 (0.24.22-1build1) ...
typecheck, test, PostgreSQL, e2e, build	Install Playwright browser	2026-10-06T03:38:23.5375816Z Selecting previously unselected package libmysofa1:amd64.
typecheck, test, PostgreSQL, e2e, build	Install Playwright browser	2026-10-06T03:38:23.5492989Z Preparing to unpack .../063-libmysofa1_1.3.2+dfsg-2ubuntu2_amd64.deb ...
typecheck, test, PostgreSQL, e2e, build	Install Playwright browser	2026-10-06T03:38:23.5500232Z Unpacking libmysofa1:amd64 (1.3.2+dfsg-2ubuntu2) ...
typecheck, test, PostgreSQL, e2e, build	Install Playwright browser	2026-10-06T03:38:23.5735176Z Selecting previously unselected package libplacebo338:amd64.
typecheck, test, PostgreSQL, e2e, build	Install Playwright browser	2026-10-06T03:38:23.5854277Z Preparing to unpack .../064-libplacebo338_6.338.2-2build1_amd64.deb ...
typecheck, test, PostgreSQL, e2e, build	Install Playwright browser	2026-10-06T03:38:23.5861131Z Unpacking libplacebo338:amd64 (6.338.2-2build1) ...
typecheck, test, PostgreSQL, e2e, build	Install Playwright browser	2026-10-06T03:38:23.6405703Z Selecting previously unselected package libblas3:amd64.
typecheck, test, PostgreSQL, e2e, build	Install Playwright browser	2026-10-06T03:38:23.6533883Z Preparing to unpack .../065-libblas3_3.12.0-3build1.1_amd64.deb ...
typecheck, test, PostgreSQL, e2e, build	Install Playwright browser	2026-10-06T03:38:23.6562053Z Unpacking libblas3:amd64 (3.12.0-3build1.1) ...
typecheck, test, PostgreSQL, e2e, build	Install Playwright browser	2026-10-06T03:38:23.6814193Z Selecting previously unselected package liblapack3:amd64.
typecheck, test, PostgreSQL, e2e, build	Install Playwright browser	2026-10-06T03:38:23.6938764Z Preparing to unpack .../066-liblapack3_3.12.0-3build1.1_amd64.deb ...
typecheck, test, PostgreSQL, e2e, build	Install Playwright browser	2026-10-06T03:38:23.6966728Z Unpacking liblapack3:amd64 (3.12.0-3build1.1) ...
typecheck, test, PostgreSQL, e2e, build	Install Playwright browser	2026-10-06T03:38:23.7450297Z Selecting previously unselected package libasyncns0:amd64.
typecheck, test, PostgreSQL, e2e, build	Install Playwright browser	2026-10-06T03:38:23.7578142Z Preparing to unpack .../067-libasyncns0_0.8-6build4_amd64.deb ...
typecheck, test, PostgreSQL, e2e, build	Install Playwright browser	2026-10-06T03:38:23.7587503Z Unpacking libasyncns0:amd64 (0.8-6build4) ...
typecheck, test, PostgreSQL, e2e, build	Install Playwright browser	2026-10-06T03:38:23.7779753Z Selecting previously unselected package libflac12t64:amd64.
typecheck, test, PostgreSQL, e2e, build	Install Playwright browser	2026-10-06T03:38:23.7906336Z Preparing to unpack .../068-libflac12t64_1.4.3+ds-2.1ubuntu2_amd64.deb ...
typecheck, test, PostgreSQL, e2e, build	Install Playwright browser	2026-10-06T03:38:23.7923215Z Unpacking libflac12t64:amd64 (1.4.3+ds-2.1ubuntu2) ...
typecheck, test, PostgreSQL, e2e, build	Install Playwright browser	2026-10-06T03:38:23.8142760Z Selecting previously unselected package libsndfile1:amd64.
typecheck, test, PostgreSQL, e2e, build	Install Playwright browser	2026-10-06T03:38:23.8271378Z Preparing to unpack .../069-libsndfile1_1.2.2-1ubuntu5.24.04.1_amd64.deb ...
typecheck, test, PostgreSQL, e2e, build	Install Playwright browser	2026-10-06T03:38:23.8279135Z Unpacking libsndfile1:amd64 (1.2.2-1ubuntu5.24.04.1) ...
typecheck, test, PostgreSQL, e2e, build	Install Playwright browser	2026-10-06T03:38:23.8507708Z Selecting previously unselected package libpulse0:amd64.
typecheck, test, PostgreSQL, e2e, build	Install Playwright browser	2026-10-06T03:38:23.8632062Z Preparing to unpack .../070-libpulse0_1%3a16.1+dfsg1-2ubuntu10.1_amd64.deb ...
typecheck, test, PostgreSQL, e2e, build	Install Playwright browser	2026-10-06T03:38:23.8693473Z Unpacking libpulse0:amd64 (1:16.1+dfsg1-2ubuntu10.1) ...
typecheck, test, PostgreSQL, e2e, build	Install Playwright browser	2026-10-06T03:38:23.8925764Z Selecting previously unselected package libsphinxbase3t64:amd64.
typecheck, test, PostgreSQL, e2e, build	Install Playwright browser	2026-10-06T03:38:23.9053592Z Preparing to unpack .../071-libsphinxbase3t64_0.8+5prealpha+1-17build2_amd64.deb ...
typecheck, test, PostgreSQL, e2e, build	Install Playwright browser	2026-10-06T03:38:23.9060813Z Unpacking libsphinxbase3t64:amd64 (0.8+5prealpha+1-17build2) ...
typecheck, test, PostgreSQL, e2e, build	Install Playwright browser	2026-10-06T03:38:23.9267050Z Selecting previously unselected package libpocketsphinx3:amd64.
typecheck, test, PostgreSQL, e2e, build	Install Playwright browser	2026-10-06T03:38:23.9390899Z Preparing to unpack .../072-libpocketsphinx3_0.8.0+real5prealpha+1-15ubuntu5_amd64.deb ...
typecheck, test, PostgreSQL, e2e, build	Install Playwright browser	2026-10-06T03:38:23.9397410Z Unpacking libpocketsphinx3:amd64 (0.8.0+real5prealpha+1-15ubuntu5) ...
typecheck, test, PostgreSQL, e2e, build	Install Playwright browser	2026-10-06T03:38:23.9597830Z Selecting previously unselected package libpostproc57:amd64.
typecheck, test, PostgreSQL, e2e, build	Install Playwright browser	2026-10-06T03:38:23.9717619Z Preparing to unpack .../073-libpostproc57_7%3a6.1.1-3ubuntu5_amd64.deb ...
typecheck, test, PostgreSQL, e2e, build	Install Playwright browser	2026-10-06T03:38:23.9724901Z Unpacking libpostproc57:amd64 (7:6.1.1-3ubuntu5) ...
typecheck, test, PostgreSQL, e2e, build	Install Playwright browser	2026-10-06T03:38:23.9919035Z Selecting previously unselected package libsamplerate0:amd64.
typecheck, test, PostgreSQL, e2e, build	Install Playwright browser	2026-10-06T03:38:24.0038836Z Preparing to unpack .../074-libsamplerate0_0.2.2-4build1_amd64.deb ...
typecheck, test, PostgreSQL, e2e, build	Install Playwright browser	2026-10-06T03:38:24.0045680Z Unpacking libsamplerate0:amd64 (0.2.2-4build1) ...
typecheck, test, PostgreSQL, e2e, build	Install Playwright browser	2026-10-06T03:38:24.0319375Z Selecting previously unselected package librubberband2:amd64.
typecheck, test, PostgreSQL, e2e, build	Install Playwright browser	2026-10-06T03:38:24.0440682Z Preparing to unpack .../075-librubberband2_3.3.0+dfsg-2build1_amd64.deb ...
typecheck, test, PostgreSQL, e2e, build	Install Playwright browser	2026-10-06T03:38:24.0449301Z Unpacking librubberband2:amd64 (3.3.0+dfsg-2build1) ...
typecheck, test, PostgreSQL, e2e, build	Install Playwright browser	2026-10-06T03:38:24.0678588Z Selecting previously unselected package libswscale7:amd64.
typecheck, test, PostgreSQL, e2e, build	Install Playwright browser	2026-10-06T03:38:24.0798044Z Preparing to unpack .../076-libswscale7_7%3a6.1.1-3ubuntu5_amd64.deb ...
typecheck, test, PostgreSQL, e2e, build	Install Playwright browser	2026-10-06T03:38:24.0807854Z Unpacking libswscale7:amd64 (7:6.1.1-3ubuntu5) ...
typecheck, test, PostgreSQL, e2e, build	Install Playwright browser	2026-10-06T03:38:24.1019107Z Selecting previously unselected package libvidstab1.1:amd64.
typecheck, test, PostgreSQL, e2e, build	Install Playwright browser	2026-10-06T03:38:24.1137675Z Preparing to unpack .../077-libvidstab1.1_1.1.0-2build1_amd64.deb ...
typecheck, test, PostgreSQL, e2e, build	Install Playwright browser	2026-10-06T03:38:24.1144413Z Unpacking libvidstab1.1:amd64 (1.1.0-2build1) ...
typecheck, test, PostgreSQL, e2e, build	Install Playwright browser	2026-10-06T03:38:24.1354418Z Selecting previously unselected package libzimg2:amd64.
typecheck, test, PostgreSQL, e2e, build	Install Playwright browser	2026-10-06T03:38:24.1471974Z Preparing to unpack .../078-libzimg2_3.0.5+ds1-1build1_amd64.deb ...
typecheck, test, PostgreSQL, e2e, build	Install Playwright browser	2026-10-06T03:38:24.1478770Z Unpacking libzimg2:amd64 (3.0.5+ds1-1build1) ...
typecheck, test, PostgreSQL, e2e, build	Install Playwright browser	2026-10-06T03:38:24.1705978Z Selecting previously unselected package libavfilter9:amd64.
typecheck, test, PostgreSQL, e2e, build	Install Playwright browser	2026-10-06T03:38:24.1823358Z Preparing to unpack .../079-libavfilter9_7%3a6.1.1-3ubuntu5_amd64.deb ...
typecheck, test, PostgreSQL, e2e, build	Install Playwright browser	2026-10-06T03:38:24.1830102Z Unpacking libavfilter9:amd64 (7:6.1.1-3ubuntu5) ...
typecheck, test, PostgreSQL, e2e, build	Install Playwright browser	2026-10-06T03:38:24.2513451Z Selecting previously unselected package liborc-0.4-0t64:amd64.
typecheck, test, PostgreSQL, e2e, build	Install Playwright browser	2026-10-06T03:38:24.2642878Z Preparing to unpack .../080-liborc-0.4-0t64_1%3a0.4.38-1ubuntu0.1_amd64.deb ...
typecheck, test, PostgreSQL, e2e, build	Install Playwright browser	2026-10-06T03:38:24.2649765Z Unpacking liborc-0.4-0t64:amd64 (1:0.4.38-1ubuntu0.1) ...
typecheck, test, PostgreSQL, e2e, build	Install Playwright browser	2026-10-06T03:38:24.2910075Z Selecting previously unselected package libgstreamer-plugins-base1.0-0:amd64.
typecheck, test, PostgreSQL, e2e, build	Install Playwright browser	2026-10-06T03:38:24.3036412Z Preparing to unpack .../081-libgstreamer-plugins-base1.0-0_1.24.2-1ubuntu0.5_amd64.deb ...
typecheck, test, PostgreSQL, e2e, build	Install Playwright browser	2026-10-06T03:38:24.3044997Z Unpacking libgstreamer-plugins-base1.0-0:amd64 (1.24.2-1ubuntu0.5) ...
typecheck, test, PostgreSQL, e2e, build	Install Playwright browser	2026-10-06T03:38:24.3603228Z Selecting previously unselected package gstreamer1.0-libav:amd64.
typecheck, test, PostgreSQL, e2e, build	Install Playwright browser	2026-10-06T03:38:24.3728759Z Preparing to unpack .../082-gstreamer1.0-libav_1.24.1-1build1_amd64.deb ...
typecheck, test, PostgreSQL, e2e, build	Install Playwright browser	2026-10-06T03:38:24.3736103Z Unpacking gstreamer1.0-libav:amd64 (1.24.1-1build1) ...
typecheck, test, PostgreSQL, e2e, build	Install Playwright browser	2026-10-06T03:38:24.3968135Z Selecting previously unselected package libcdparanoia0:amd64.
typecheck, test, PostgreSQL, e2e, build	Install Playwright browser	2026-10-06T03:38:24.4092867Z Preparing to unpack .../083-libcdparanoia0_3.10.2+debian-14build3_amd64.deb ...
typecheck, test, PostgreSQL, e2e, build	Install Playwright browser	2026-10-06T03:38:24.4099882Z Unpacking libcdparanoia0:amd64 (3.10.2+debian-14build3) ...
typecheck, test, PostgreSQL, e2e, build	Install Playwright browser	2026-10-06T03:38:24.4303276Z Selecting previously unselected package libvisual-0.4-0:amd64.
typecheck, test, PostgreSQL, e2e, build	Install Playwright browser	2026-10-06T03:38:24.4426226Z Preparing to unpack .../084-libvisual-0.4-0_0.4.2-2build1_amd64.deb ...
typecheck, test, PostgreSQL, e2e, build	Install Playwright browser	2026-10-06T03:38:24.4433102Z Unpacking libvisual-0.4-0:amd64 (0.4.2-2build1) ...
typecheck, test, PostgreSQL, e2e, build	Install Playwright browser	2026-10-06T03:38:24.4658992Z Selecting previously unselected package gstreamer1.0-plugins-base:amd64.
typecheck, test, PostgreSQL, e2e, build	Install Playwright browser	2026-10-06T03:38:24.4781262Z Preparing to unpack .../085-gstreamer1.0-plugins-base_1.24.2-1ubuntu0.5_amd64.deb ...
typecheck, test, PostgreSQL, e2e, build	Install Playwright browser	2026-10-06T03:38:24.4788598Z Unpacking gstreamer1.0-plugins-base:amd64 (1.24.2-1ubuntu0.5) ...
typecheck, test, PostgreSQL, e2e, build	Install Playwright browser	2026-10-06T03:38:24.5090284Z Selecting previously unselected package libaa1:amd64.
typecheck, test, PostgreSQL, e2e, build	Install Playwright browser	2026-10-06T03:38:24.5213983Z Preparing to unpack .../086-libaa1_1.4p5-51.1_amd64.deb ...
typecheck, test, PostgreSQL, e2e, build	Install Playwright browser	2026-10-06T03:38:24.5220809Z Unpacking libaa1:amd64 (1.4p5-51.1) ...
typecheck, test, PostgreSQL, e2e, build	Install Playwright browser	2026-10-06T03:38:24.5421409Z Selecting previously unselected package libraw1394-11:amd64.
typecheck, test, PostgreSQL, e2e, build	Install Playwright browser	2026-10-06T03:38:24.5543287Z Preparing to unpack .../087-libraw1394-11_2.1.2-2build3_amd64.deb ...
typecheck, test, PostgreSQL, e2e, build	Install Playwright browser	2026-10-06T03:38:24.5550240Z Unpacking libraw1394-11:amd64 (2.1.2-2build3) ...
typecheck, test, PostgreSQL, e2e, build	Install Playwright browser	2026-10-06T03:38:24.5761523Z Selecting previously unselected package libavc1394-0:amd64.
typecheck, test, PostgreSQL, e2e, build	Install Playwright browser	2026-10-06T03:38:24.5881823Z Preparing to unpack .../088-libavc1394-0_0.5.4-5build3_amd64.deb ...
typecheck, test, PostgreSQL, e2e, build	Install Playwright browser	2026-10-06T03:38:24.5890661Z Unpacking libavc1394-0:amd64 (0.5.4-5build3) ...
typecheck, test, PostgreSQL, e2e, build	Install Playwright browser	2026-10-06T03:38:24.6079840Z Selecting previously unselected package libcaca0:amd64.
typecheck, test, PostgreSQL, e2e, build	Install Playwright browser	2026-10-06T03:38:24.6199710Z Preparing to unpack .../089-libcaca0_0.99.beta20-4ubuntu0.2_amd64.deb ...
typecheck, test, PostgreSQL, e2e, build	Install Playwright browser	2026-10-06T03:38:24.6208050Z Unpacking libcaca0:amd64 (0.99.beta20-4ubuntu0.2) ...
typecheck, test, PostgreSQL, e2e, build	Install Playwright browser	2026-10-06T03:38:24.6445917Z Selecting previously unselected package libdv4t64:amd64.
typecheck, test, PostgreSQL, e2e, build	Install Playwright browser	2026-10-06T03:38:24.6565263Z Preparing to unpack .../090-libdv4t64_1.0.0-17.1build1_amd64.deb ...
typecheck, test, PostgreSQL, e2e, build	Install Playwright browser	2026-10-06T03:38:24.6572492Z Unpacking libdv4t64:amd64 (1.0.0-17.1build1) ...
typecheck, test, PostgreSQL, e2e, build	Install Playwright browser	2026-10-06T03:38:24.6782025Z Selecting previously unselected package libgstreamer-plugins-good1.0-0:amd64.
typecheck, test, PostgreSQL, e2e, build	Install Playwright browser	2026-10-06T03:38:24.6900351Z Preparing to unpack .../091-libgstreamer-plugins-good1.0-0_1.24.2-1ubuntu1.8_amd64.deb ...
typecheck, test, PostgreSQL, e2e, build	Install Playwright browser	2026-10-06T03:38:24.6907367Z Unpacking libgstreamer-plugins-good1.0-0:amd64 (1.24.2-1ubuntu1.8) ...
typecheck, test, PostgreSQL, e2e, build	Install Playwright browser	2026-10-06T03:38:24.7107909Z Selecting previously unselected package libiec61883-0:amd64.
typecheck, test, PostgreSQL, e2e, build	Install Playwright browser	2026-10-06T03:38:24.7226265Z Preparing to unpack .../092-libiec61883-0_1.2.0-6build1_amd64.deb ...
typecheck, test, PostgreSQL, e2e, build	Install Playwright browser	2026-10-06T03:38:24.7232908Z Unpacking libiec61883-0:amd64 (1.2.0-6build1) ...
typecheck, test, PostgreSQL, e2e, build	Install Playwright browser	2026-10-06T03:38:24.7427817Z Selecting previously unselected package libshout3:amd64.
typecheck, test, PostgreSQL, e2e, build	Install Playwright browser	2026-10-06T03:38:24.7547287Z Preparing to unpack .../093-libshout3_2.4.6-1build2_amd64.deb ...
typecheck, test, PostgreSQL, e2e, build	Install Playwright browser	2026-10-06T03:38:24.7555310Z Unpacking libshout3:amd64 (2.4.6-1build2) ...
typecheck, test, PostgreSQL, e2e, build	Install Playwright browser	2026-10-06T03:38:24.7757282Z Selecting previously unselected package libtag1v5-vanilla:amd64.
typecheck, test, PostgreSQL, e2e, build	Install Playwright browser	2026-10-06T03:38:24.7876282Z Preparing to unpack .../094-libtag1v5-vanilla_1.13.1-1build1_amd64.deb ...
typecheck, test, PostgreSQL, e2e, build	Install Playwright browser	2026-10-06T03:38:24.7885246Z Unpacking libtag1v5-vanilla:amd64 (1.13.1-1build1) ...
typecheck, test, PostgreSQL, e2e, build	Install Playwright browser	2026-10-06T03:38:24.8118108Z Selecting previously unselected package libtag1v5:amd64.
typecheck, test, PostgreSQL, e2e, build	Install Playwright browser	2026-10-06T03:38:24.8242886Z Preparing to unpack .../095-libtag1v5_1.13.1-1build1_amd64.deb ...
typecheck, test, PostgreSQL, e2e, build	Install Playwright browser	2026-10-06T03:38:24.8249020Z Unpacking libtag1v5:amd64 (1.13.1-1build1) ...
typecheck, test, PostgreSQL, e2e, build	Install Playwright browser	2026-10-06T03:38:24.8443366Z Selecting previously unselected package libv4lconvert0t64:amd64.
typecheck, test, PostgreSQL, e2e, build	Install Playwright browser	2026-10-06T03:38:24.8569752Z Preparing to unpack .../096-libv4lconvert0t64_1.26.1-4build3_amd64.deb ...
typecheck, test, PostgreSQL, e2e, build	Install Playwright browser	2026-10-06T03:38:24.8577253Z Unpacking libv4lconvert0t64:amd64 (1.26.1-4build3) ...
typecheck, test, PostgreSQL, e2e, build	Install Playwright browser	2026-10-06T03:38:24.8806531Z Selecting previously unselected package libv4l-0t64:amd64.
typecheck, test, PostgreSQL, e2e, build	Install Playwright browser	2026-10-06T03:38:24.8935750Z Preparing to unpack .../097-libv4l-0t64_1.26.1-4build3_amd64.deb ...
typecheck, test, PostgreSQL, e2e, build	Install Playwright browser	2026-10-06T03:38:24.8967529Z Unpacking libv4l-0t64:amd64 (1.26.1-4build3) ...
typecheck, test, PostgreSQL, e2e, build	Install Playwright browser	2026-10-06T03:38:24.9189861Z Selecting previously unselected package libwavpack1:amd64.
typecheck, test, PostgreSQL, e2e, build	Install Playwright browser	2026-10-06T03:38:24.9316795Z Preparing to unpack .../098-libwavpack1_5.6.0-1build1_amd64.deb ...
typecheck, test, PostgreSQL, e2e, build	Install Playwright browser	2026-10-06T03:38:24.9324364Z Unpacking libwavpack1:amd64 (5.6.0-1build1) ...
typecheck, test, PostgreSQL, e2e, build	Install Playwright browser	2026-10-06T03:38:24.9522651Z Selecting previously unselected package libsoup-3.0-common.
typecheck, test, PostgreSQL, e2e, build	Install Playwright browser	2026-10-06T03:38:24.9648324Z Preparing to unpack .../099-libsoup-3.0-common_3.4.4-5ubuntu0.8_all.deb ...
typecheck, test, PostgreSQL, e2e, build	Install Playwright browser	2026-10-06T03:38:24.9654277Z Unpacking libsoup-3.0-common (3.4.4-5ubuntu0.8) ...
typecheck, test, PostgreSQL, e2e, build	Install Playwright browser	2026-10-06T03:38:24.9852253Z Selecting previously unselected package libsoup-3.0-0:amd64.
typecheck, test, PostgreSQL, e2e, build	Install Playwright browser	2026-10-06T03:38:24.9979084Z Preparing to unpack .../100-libsoup-3.0-0_3.4.4-5ubuntu0.8_amd64.deb ...
typecheck, test, PostgreSQL, e2e, build	Install Playwright browser	2026-10-06T03:38:24.9986037Z Unpacking libsoup-3.0-0:amd64 (3.4.4-5ubuntu0.8) ...
typecheck, test, PostgreSQL, e2e, build	Install Playwright browser	2026-10-06T03:38:25.0214131Z Selecting previously unselected package gstreamer1.0-plugins-good:amd64.
typecheck, test, PostgreSQL, e2e, build	Install Playwright browser	2026-10-06T03:38:25.0338709Z Preparing to unpack .../101-gstreamer1.0-plugins-good_1.24.2-1ubuntu1.8_amd64.deb ...
typecheck, test, PostgreSQL, e2e, build	Install Playwright browser	2026-10-06T03:38:25.0344673Z Unpacking gstreamer1.0-plugins-good:amd64 (1.24.2-1ubuntu1.8) ...
typecheck, test, PostgreSQL, e2e, build	Install Playwright browser	2026-10-06T03:38:25.0882600Z Selecting previously unselected package libabsl20220623t64:amd64.
typecheck, test, PostgreSQL, e2e, build	Install Playwright browser	2026-10-06T03:38:25.1009742Z Preparing to unpack .../102-libabsl20220623t64_20220623.1-3.1ubuntu3.2_amd64.deb ...
typecheck, test, PostgreSQL, e2e, build	Install Playwright browser	2026-10-06T03:38:25.1017299Z Unpacking libabsl20220623t64:amd64 (20220623.1-3.1ubuntu3.2) ...
typecheck, test, PostgreSQL, e2e, build	Install Playwright browser	2026-10-06T03:38:25.1408784Z Selecting previously unselected package libgav1-1:amd64.
typecheck, test, PostgreSQL, e2e, build	Install Playwright browser	2026-10-06T03:38:25.1535397Z Preparing to unpack .../103-libgav1-1_0.18.0-1build3_amd64.deb ...
typecheck, test, PostgreSQL, e2e, build	Install Playwright browser	2026-10-06T03:38:25.1547584Z Unpacking libgav1-1:amd64 (0.18.0-1build3) ...
typecheck, test, PostgreSQL, e2e, build	Install Playwright browser	2026-10-06T03:38:25.1793316Z Selecting previously unselected package libyuv0:amd64.
typecheck, test, PostgreSQL, e2e, build	Install Playwright browser	2026-10-06T03:38:25.1918709Z Preparing to unpack .../104-libyuv0_0.0~git202401110.af6ac82-1_amd64.deb ...
typecheck, test, PostgreSQL, e2e, build	Install Playwright browser	2026-10-06T03:38:25.1925567Z Unpacking libyuv0:amd64 (0.0~git202401110.af6ac82-1) ...
typecheck, test, PostgreSQL, e2e, build	Install Playwright browser	2026-10-06T03:38:25.2138010Z Selecting previously unselected package libavif16:amd64.
typecheck, test, PostgreSQL, e2e, build	Install Playwright browser	2026-10-06T03:38:25.2266304Z Preparing to unpack .../105-libavif16_1.0.4-1ubuntu3_amd64.deb ...
typecheck, test, PostgreSQL, e2e, build	Install Playwright browser	2026-10-06T03:38:25.2296332Z Unpacking libavif16:amd64 (1.0.4-1ubuntu3) ...
typecheck, test, PostgreSQL, e2e, build	Install Playwright browser	2026-10-06T03:38:25.2493872Z Selecting previously unselected package libavtp0:amd64.
typecheck, test, PostgreSQL, e2e, build	Install Playwright browser	2026-10-06T03:38:25.2619369Z Preparing to unpack .../106-libavtp0_0.2.0-1build1_amd64.deb ...
typecheck, test, PostgreSQL, e2e, build	Install Playwright browser	2026-10-06T03:38:25.2627132Z Unpacking libavtp0:amd64 (0.2.0-1build1) ...
typecheck, test, PostgreSQL, e2e, build	Install Playwright browser	2026-10-06T03:38:25.2822994Z Selecting previously unselected package libcairo-script-interpreter2:amd64.
typecheck, test, PostgreSQL, e2e, build	Install Playwright browser	2026-10-06T03:38:25.2946914Z Preparing to unpack .../107-libcairo-script-interpreter2_1.18.0-3build1_amd64.deb ...
typecheck, test, PostgreSQL, e2e, build	Install Playwright browser	2026-10-06T03:38:25.2953634Z Unpacking libcairo-script-interpreter2:amd64 (1.18.0-3build1) ...
typecheck, test, PostgreSQL, e2e, build	Install Playwright browser	2026-10-06T03:38:25.3155294Z Selecting previously unselected package libdc1394-25:amd64.
typecheck, test, PostgreSQL, e2e, build	Install Playwright browser	2026-10-06T03:38:25.3306404Z Preparing to unpack .../108-libdc1394-25_2.2.6-4build1_amd64.deb ...
typecheck, test, PostgreSQL, e2e, build	Install Playwright browser	2026-10-06T03:38:25.3312735Z Unpacking libdc1394-25:amd64 (2.2.6-4build1) ...
typecheck, test, PostgreSQL, e2e, build	Install Playwright browser	2026-10-06T03:38:25.3560937Z Selecting previously unselected package libde265-0:amd64.
typecheck, test, PostgreSQL, e2e, build	Install Playwright browser	2026-10-06T03:38:25.3687388Z Preparing to unpack .../109-libde265-0_1.0.15-1ubuntu0.1_amd64.deb ...
typecheck, test, PostgreSQL, e2e, build	Install Playwright browser	2026-10-06T03:38:25.3694064Z Unpacking libde265-0:amd64 (1.0.15-1ubuntu0.1) ...
typecheck, test, PostgreSQL, e2e, build	Install Playwright browser	2026-10-06T03:38:25.3917093Z Selecting previously unselected package libdecor-0-0:amd64.
typecheck, test, PostgreSQL, e2e, build	Install Playwright browser	2026-10-06T03:38:25.4042922Z Preparing to unpack .../110-libdecor-0-0_0.2.2-1build2_amd64.deb ...
typecheck, test, PostgreSQL, e2e, build	Install Playwright browser	2026-10-06T03:38:25.4050471Z Unpacking libdecor-0-0:amd64 (0.2.2-1build2) ...
typecheck, test, PostgreSQL, e2e, build	Install Playwright browser	2026-10-06T03:38:25.4250101Z Selecting previously unselected package libgles2:amd64.
typecheck, test, PostgreSQL, e2e, build	Install Playwright browser	2026-10-06T03:38:25.4374761Z Preparing to unpack .../111-libgles2_1.7.0-1build1_amd64.deb ...
typecheck, test, PostgreSQL, e2e, build	Install Playwright browser	2026-10-06T03:38:25.4382147Z Unpacking libgles2:amd64 (1.7.0-1build1) ...
typecheck, test, PostgreSQL, e2e, build	Install Playwright browser	2026-10-06T03:38:25.4593042Z Selecting previously unselected package libdirectfb-1.7-7t64:amd64.
typecheck, test, PostgreSQL, e2e, build	Install Playwright browser	2026-10-06T03:38:25.4716778Z Preparing to unpack .../112-libdirectfb-1.7-7t64_1.7.7-11.1ubuntu2_amd64.deb ...
typecheck, test, PostgreSQL, e2e, build	Install Playwright browser	2026-10-06T03:38:25.4724581Z Unpacking libdirectfb-1.7-7t64:amd64 (1.7.7-11.1ubuntu2) ...
typecheck, test, PostgreSQL, e2e, build	Install Playwright browser	2026-10-06T03:38:25.5115636Z Selecting previously unselected package libdvdread8t64:amd64.
typecheck, test, PostgreSQL, e2e, build	Install Playwright browser	2026-10-06T03:38:25.5239599Z Preparing to unpack .../113-libdvdread8t64_6.1.3-1.1build1_amd64.deb ...
typecheck, test, PostgreSQL, e2e, build	Install Playwright browser	2026-10-06T03:38:25.5246377Z Unpacking libdvdread8t64:amd64 (6.1.3-1.1build1) ...
typecheck, test, PostgreSQL, e2e, build	Install Playwright browser	2026-10-06T03:38:25.5447014Z Selecting previously unselected package libdvdnav4:amd64.
typecheck, test, PostgreSQL, e2e, build	Install Playwright browser	2026-10-06T03:38:25.5571068Z Preparing to unpack .../114-libdvdnav4_6.1.1-3build1_amd64.deb ...
typecheck, test, PostgreSQL, e2e, build	Install Playwright browser	2026-10-06T03:38:25.5579222Z Unpacking libdvdnav4:amd64 (6.1.1-3build1) ...
typecheck, test, PostgreSQL, e2e, build	Install Playwright browser	2026-10-06T03:38:25.5909764Z Preparing to unpack .../115-libgl1-mesa-dri_25.2.8-0ubuntu0.24.04.4_amd64.deb ...
typecheck, test, PostgreSQL, e2e, build	Install Playwright browser	2026-10-06T03:38:25.6047766Z Unpacking libgl1-mesa-dri:amd64 (25.2.8-0ubuntu0.24.04.4) over (25.2.8-0ubuntu0.24.04.2) ...
typecheck, test, PostgreSQL, e2e, build	Install Playwright browser	2026-10-06T03:38:25.6527907Z Preparing to unpack .../116-libglx-mesa0_25.2.8-0ubuntu0.24.04.4_amd64.deb ...
typecheck, test, PostgreSQL, e2e, build	Install Playwright browser	2026-10-06T03:38:25.6553243Z Unpacking libglx-mesa0:amd64 (25.2.8-0ubuntu0.24.04.4) over (25.2.8-0ubuntu0.24.04.2) ...
typecheck, test, PostgreSQL, e2e, build	Install Playwright browser	2026-10-06T03:38:25.6916859Z Preparing to unpack .../117-libgbm1_25.2.8-0ubuntu0.24.04.4_amd64.deb ...
typecheck, test, PostgreSQL, e2e, build	Install Playwright browser	2026-10-06T03:38:25.6942527Z Unpacking libgbm1:amd64 (25.2.8-0ubuntu0.24.04.4) over (25.2.8-0ubuntu0.24.04.2) ...
typecheck, test, PostgreSQL, e2e, build	Install Playwright browser	2026-10-06T03:38:25.7288148Z Preparing to unpack .../118-mesa-libgallium_25.2.8-0ubuntu0.24.04.4_amd64.deb ...
typecheck, test, PostgreSQL, e2e, build	Install Playwright browser	2026-10-06T03:38:25.7312935Z Unpacking mesa-libgallium:amd64 (25.2.8-0ubuntu0.24.04.4) over (25.2.8-0ubuntu0.24.04.2) ...
typecheck, test, PostgreSQL, e2e, build	Install Playwright browser	2026-10-06T03:38:25.8949904Z Selecting previously unselected package libegl-mesa0:amd64.
typecheck, test, PostgreSQL, e2e, build	Install Playwright browser	2026-10-06T03:38:25.9080076Z Preparing to unpack .../119-libegl-mesa0_25.2.8-0ubuntu0.24.04.4_amd64.deb ...
typecheck, test, PostgreSQL, e2e, build	Install Playwright browser	2026-10-06T03:38:25.9088265Z Unpacking libegl-mesa0:amd64 (25.2.8-0ubuntu0.24.04.4) ...
typecheck, test, PostgreSQL, e2e, build	Install Playwright browser	2026-10-06T03:38:25.9310615Z Selecting previously unselected package libevent-2.1-7t64:amd64.
typecheck, test, PostgreSQL, e2e, build	Install Playwright browser	2026-10-06T03:38:25.9440471Z Preparing to unpack .../120-libevent-2.1-7t64_2.1.12-stable-9ubuntu2.2_amd64.deb ...
typecheck, test, PostgreSQL, e2e, build	Install Playwright browser	2026-10-06T03:38:25.9449705Z Unpacking libevent-2.1-7t64:amd64 (2.1.12-stable-9ubuntu2.2) ...
typecheck, test, PostgreSQL, e2e, build	Install Playwright browser	2026-10-06T03:38:25.9795705Z Preparing to unpack .../121-libevent-pthreads-2.1-7t64_2.1.12-stable-9ubuntu2.2_amd64.deb ...
typecheck, test, PostgreSQL, e2e, build	Install Playwright browser	2026-10-06T03:38:25.9824639Z Unpacking libevent-pthreads-2.1-7t64:amd64 (2.1.12-stable-9ubuntu2.2) over (2.1.12-stable-9ubuntu2.1) ...
typecheck, test, PostgreSQL, e2e, build	Install Playwright browser	2026-10-06T03:38:26.0171147Z Preparing to unpack .../122-libevent-core-2.1-7t64_2.1.12-stable-9ubuntu2.2_amd64.deb ...
typecheck, test, PostgreSQL, e2e, build	Install Playwright browser	2026-10-06T03:38:26.0273008Z Unpacking libevent-core-2.1-7t64:amd64 (2.1.12-stable-9ubuntu2.2) over (2.1.12-stable-9ubuntu2.1) ...
typecheck, test, PostgreSQL, e2e, build	Install Playwright browser	2026-10-06T03:38:26.0495410Z Selecting previously unselected package libfaad2:amd64.
typecheck, test, PostgreSQL, e2e, build	Install Playwright browser	2026-10-06T03:38:26.0617728Z Preparing to unpack .../123-libfaad2_2.11.1-1build1_amd64.deb ...
typecheck, test, PostgreSQL, e2e, build	Install Playwright browser	2026-10-06T03:38:26.0625652Z Unpacking libfaad2:amd64 (2.11.1-1build1) ...
typecheck, test, PostgreSQL, e2e, build	Install Playwright browser	2026-10-06T03:38:26.0855831Z Selecting previously unselected package libinstpatch-1.0-2:amd64.
typecheck, test, PostgreSQL, e2e, build	Install Playwright browser	2026-10-06T03:38:26.0980926Z Preparing to unpack .../124-libinstpatch-1.0-2_1.1.6-1build2_amd64.deb ...
typecheck, test, PostgreSQL, e2e, build	Install Playwright browser	2026-10-06T03:38:26.0987484Z Unpacking libinstpatch-1.0-2:amd64 (1.1.6-1build2) ...
typecheck, test, PostgreSQL, e2e, build	Install Playwright browser	2026-10-06T03:38:26.1209107Z Selecting previously unselected package libjack-jackd2-0:amd64.
typecheck, test, PostgreSQL, e2e, build	Install Playwright browser	2026-10-06T03:38:26.1333095Z Preparing to unpack .../125-libjack-jackd2-0_1.9.21~dfsg-3ubuntu3_amd64.deb ...
typecheck, test, PostgreSQL, e2e, build	Install Playwright browser	2026-10-06T03:38:26.1340042Z Unpacking libjack-jackd2-0:amd64 (1.9.21~dfsg-3ubuntu3) ...
typecheck, test, PostgreSQL, e2e, build	Install Playwright browser	2026-10-06T03:38:26.1579734Z Selecting previously unselected package libwebrtc-audio-processing1:amd64.
typecheck, test, PostgreSQL, e2e, build	Install Playwright browser	2026-10-06T03:38:26.1701767Z Preparing to unpack .../126-libwebrtc-audio-processing1_0.3.1-0ubuntu6_amd64.deb ...
typecheck, test, PostgreSQL, e2e, build	Install Playwright browser	2026-10-06T03:38:26.1709283Z Unpacking libwebrtc-audio-processing1:amd64 (0.3.1-0ubuntu6) ...
typecheck, test, PostgreSQL, e2e, build	Install Playwright browser	2026-10-06T03:38:26.1919790Z Selecting previously unselected package libspa-0.2-modules:amd64.
typecheck, test, PostgreSQL, e2e, build	Install Playwright browser	2026-10-06T03:38:26.2043823Z Preparing to unpack .../127-libspa-0.2-modules_1.0.5-1ubuntu3.3_amd64.deb ...
typecheck, test, PostgreSQL, e2e, build	Install Playwright browser	2026-10-06T03:38:26.2051138Z Unpacking libspa-0.2-modules:amd64 (1.0.5-1ubuntu3.3) ...
typecheck, test, PostgreSQL, e2e, build	Install Playwright browser	2026-10-06T03:38:26.2367061Z Selecting previously unselected package libpipewire-0.3-0t64:amd64.
typecheck, test, PostgreSQL, e2e, build	Install Playwright browser	2026-10-06T03:38:26.2489349Z Preparing to unpack .../128-libpipewire-0.3-0t64_1.0.5-1ubuntu3.3_amd64.deb ...
typecheck, test, PostgreSQL, e2e, build	Install Playwright browser	2026-10-06T03:38:26.2499930Z Unpacking libpipewire-0.3-0t64:amd64 (1.0.5-1ubuntu3.3) ...
typecheck, test, PostgreSQL, e2e, build	Install Playwright browser	2026-10-06T03:38:26.2727154Z Selecting previously unselected package libsdl2-2.0-0:amd64.
typecheck, test, PostgreSQL, e2e, build	Install Playwright browser	2026-10-06T03:38:26.2851146Z Preparing to unpack .../129-libsdl2-2.0-0_2.30.0+dfsg-1ubuntu3.1_amd64.deb ...
typecheck, test, PostgreSQL, e2e, build	Install Playwright browser	2026-10-06T03:38:26.2858372Z Unpacking libsdl2-2.0-0:amd64 (2.30.0+dfsg-1ubuntu3.1) ...
typecheck, test, PostgreSQL, e2e, build	Install Playwright browser	2026-10-06T03:38:26.3127872Z Selecting previously unselected package timgm6mb-soundfont.
typecheck, test, PostgreSQL, e2e, build	Install Playwright browser	2026-10-06T03:38:26.3251335Z Preparing to unpack .../130-timgm6mb-soundfont_1.3-5_all.deb ...
typecheck, test, PostgreSQL, e2e, build	Install Playwright browser	2026-10-06T03:38:26.3257608Z Unpacking timgm6mb-soundfont (1.3-5) ...
typecheck, test, PostgreSQL, e2e, build	Install Playwright browser	2026-10-06T03:38:26.6648036Z Selecting previously unselected package libfluidsynth3:amd64.
typecheck, test, PostgreSQL, e2e, build	Install Playwright browser	2026-10-06T03:38:26.6779167Z Preparing to unpack .../131-libfluidsynth3_2.3.4-1build3_amd64.deb ...
typecheck, test, PostgreSQL, e2e, build	Install Playwright browser	2026-10-06T03:38:26.6788253Z Unpacking libfluidsynth3:amd64 (2.3.4-1build3) ...
typecheck, test, PostgreSQL, e2e, build	Install Playwright browser	2026-10-06T03:38:26.7014957Z Selecting previously unselected package libfreeaptx0:amd64.
typecheck, test, PostgreSQL, e2e, build	Install Playwright browser	2026-10-06T03:38:26.7144303Z Preparing to unpack .../132-libfreeaptx0_0.1.1-2build1_amd64.deb ...
typecheck, test, PostgreSQL, e2e, build	Install Playwright browser	2026-10-06T03:38:26.7151048Z Unpacking libfreeaptx0:amd64 (0.1.1-2build1) ...
typecheck, test, PostgreSQL, e2e, build	Install Playwright browser	2026-10-06T03:38:26.7355642Z Selecting previously unselected package libgraphene-1.0-0:amd64.
typecheck, test, PostgreSQL, e2e, build	Install Playwright browser	2026-10-06T03:38:26.7485611Z Preparing to unpack .../133-libgraphene-1.0-0_1.10.8-3build2_amd64.deb ...
typecheck, test, PostgreSQL, e2e, build	Install Playwright browser	2026-10-06T03:38:26.7493754Z Unpacking libgraphene-1.0-0:amd64 (1.10.8-3build2) ...
typecheck, test, PostgreSQL, e2e, build	Install Playwright browser	2026-10-06T03:38:26.7743672Z Selecting previously unselected package libgssdp-1.6-0:amd64.
typecheck, test, PostgreSQL, e2e, build	Install Playwright browser	2026-10-06T03:38:26.7879328Z Preparing to unpack .../134-libgssdp-1.6-0_1.6.3-1build3_amd64.deb ...
typecheck, test, PostgreSQL, e2e, build	Install Playwright browser	2026-10-06T03:38:26.7887663Z Unpacking libgssdp-1.6-0:amd64 (1.6.3-1build3) ...
typecheck, test, PostgreSQL, e2e, build	Install Playwright browser	2026-10-06T03:38:26.8105408Z Selecting previously unselected package libegl1:amd64.
typecheck, test, PostgreSQL, e2e, build	Install Playwright browser	2026-10-06T03:38:26.8235608Z Preparing to unpack .../135-libegl1_1.7.0-1build1_amd64.deb ...
typecheck, test, PostgreSQL, e2e, build	Install Playwright browser	2026-10-06T03:38:26.8242572Z Unpacking libegl1:amd64 (1.7.0-1build1) ...
typecheck, test, PostgreSQL, e2e, build	Install Playwright browser	2026-10-06T03:38:26.8454717Z Selecting previously unselected package libgstreamer-gl1.0-0:amd64.
typecheck, test, PostgreSQL, e2e, build	Install Playwright browser	2026-10-06T03:38:26.8582506Z Preparing to unpack .../136-libgstreamer-gl1.0-0_1.24.2-1ubuntu0.5_amd64.deb ...
typecheck, test, PostgreSQL, e2e, build	Install Playwright browser	2026-10-06T03:38:26.8590442Z Unpacking libgstreamer-gl1.0-0:amd64 (1.24.2-1ubuntu0.5) ...
typecheck, test, PostgreSQL, e2e, build	Install Playwright browser	2026-10-06T03:38:26.8798471Z Selecting previously unselected package libgtk-4-common.
typecheck, test, PostgreSQL, e2e, build	Install Playwright browser	2026-10-06T03:38:26.8925770Z Preparing to unpack .../137-libgtk-4-common_4.14.5+ds-0ubuntu0.10_all.deb ...
typecheck, test, PostgreSQL, e2e, build	Install Playwright browser	2026-10-06T03:38:26.8935676Z Unpacking libgtk-4-common (4.14.5+ds-0ubuntu0.10) ...
typecheck, test, PostgreSQL, e2e, build	Install Playwright browser	2026-10-06T03:38:26.9399406Z Selecting previously unselected package libgtk-4-1:amd64.
typecheck, test, PostgreSQL, e2e, build	Install Playwright browser	2026-10-06T03:38:26.9527025Z Preparing to unpack .../138-libgtk-4-1_4.14.5+ds-0ubuntu0.10_amd64.deb ...
typecheck, test, PostgreSQL, e2e, build	Install Playwright browser	2026-10-06T03:38:26.9533818Z Unpacking libgtk-4-1:amd64 (4.14.5+ds-0ubuntu0.10) ...
typecheck, test, PostgreSQL, e2e, build	Install Playwright browser	2026-10-06T03:38:27.0164616Z Selecting previously unselected package libgupnp-1.6-0:amd64.
typecheck, test, PostgreSQL, e2e, build	Install Playwright browser	2026-10-06T03:38:27.0293066Z Preparing to unpack .../139-libgupnp-1.6-0_1.6.6-1build3_amd64.deb ...
typecheck, test, PostgreSQL, e2e, build	Install Playwright browser	2026-10-06T03:38:27.0300500Z Unpacking libgupnp-1.6-0:amd64 (1.6.6-1build3) ...
typecheck, test, PostgreSQL, e2e, build	Install Playwright browser	2026-10-06T03:38:27.0513445Z Selecting previously unselected package libgupnp-igd-1.6-0:amd64.
typecheck, test, PostgreSQL, e2e, build	Install Playwright browser	2026-10-06T03:38:27.0642390Z Preparing to unpack .../140-libgupnp-igd-1.6-0_1.6.0-3build3_amd64.deb ...
typecheck, test, PostgreSQL, e2e, build	Install Playwright browser	2026-10-06T03:38:27.0652277Z Unpacking libgupnp-igd-1.6-0:amd64 (1.6.0-3build3) ...
typecheck, test, PostgreSQL, e2e, build	Install Playwright browser	2026-10-06T03:38:27.0851182Z Selecting previously unselected package libharfbuzz-icu0:amd64.
typecheck, test, PostgreSQL, e2e, build	Install Playwright browser	2026-10-06T03:38:27.0977988Z Preparing to unpack .../141-libharfbuzz-icu0_8.3.0-2build2_amd64.deb ...
typecheck, test, PostgreSQL, e2e, build	Install Playwright browser	2026-10-06T03:38:27.0984928Z Unpacking libharfbuzz-icu0:amd64 (8.3.0-2build2) ...
typecheck, test, PostgreSQL, e2e, build	Install Playwright browser	2026-10-06T03:38:27.1179357Z Selecting previously unselected package libhyphen0:amd64.
typecheck, test, PostgreSQL, e2e, build	Install Playwright browser	2026-10-06T03:38:27.1304297Z Preparing to unpack .../142-libhyphen0_2.8.8-7build3_amd64.deb ...
typecheck, test, PostgreSQL, e2e, build	Install Playwright browser	2026-10-06T03:38:27.1315966Z Unpacking libhyphen0:amd64 (2.8.8-7build3) ...
typecheck, test, PostgreSQL, e2e, build	Install Playwright browser	2026-10-06T03:38:27.1511548Z Selecting previously unselected package libimath-3-1-29t64:amd64.
typecheck, test, PostgreSQL, e2e, build	Install Playwright browser	2026-10-06T03:38:27.1636768Z Preparing to unpack .../143-libimath-3-1-29t64_3.1.9-3.1ubuntu2_amd64.deb ...
typecheck, test, PostgreSQL, e2e, build	Install Playwright browser	2026-10-06T03:38:27.1643943Z Unpacking libimath-3-1-29t64:amd64 (3.1.9-3.1ubuntu2) ...
typecheck, test, PostgreSQL, e2e, build	Install Playwright browser	2026-10-06T03:38:27.1853876Z Selecting previously unselected package liblc3-1:amd64.
typecheck, test, PostgreSQL, e2e, build	Install Playwright browser	2026-10-06T03:38:27.1977024Z Preparing to unpack .../144-liblc3-1_1.0.4-3build1_amd64.deb ...
typecheck, test, PostgreSQL, e2e, build	Install Playwright browser	2026-10-06T03:38:27.1983134Z Unpacking liblc3-1:amd64 (1.0.4-3build1) ...
typecheck, test, PostgreSQL, e2e, build	Install Playwright browser	2026-10-06T03:38:27.2203812Z Selecting previously unselected package libldacbt-enc2:amd64.
typecheck, test, PostgreSQL, e2e, build	Install Playwright browser	2026-10-06T03:38:27.2326455Z Preparing to unpack .../145-libldacbt-enc2_2.0.2.3+git20200429+ed310a0-4ubuntu2_amd64.deb ...
typecheck, test, PostgreSQL, e2e, build	Install Playwright browser	2026-10-06T03:38:27.2333399Z Unpacking libldacbt-enc2:amd64 (2.0.2.3+git20200429+ed310a0-4ubuntu2) ...
typecheck, test, PostgreSQL, e2e, build	Install Playwright browser	2026-10-06T03:38:27.2533709Z Selecting previously unselected package libraptor2-0:amd64.
typecheck, test, PostgreSQL, e2e, build	Install Playwright browser	2026-10-06T03:38:27.2656334Z Preparing to unpack .../146-libraptor2-0_2.0.16-3ubuntu0.1_amd64.deb ...
typecheck, test, PostgreSQL, e2e, build	Install Playwright browser	2026-10-06T03:38:27.2664161Z Unpacking libraptor2-0:amd64 (2.0.16-3ubuntu0.1) ...
typecheck, test, PostgreSQL, e2e, build	Install Playwright browser	2026-10-06T03:38:27.2878748Z Selecting previously unselected package liblrdf0:amd64.
typecheck, test, PostgreSQL, e2e, build	Install Playwright browser	2026-10-06T03:38:27.3001425Z Preparing to unpack .../147-liblrdf0_0.6.1-4build1_amd64.deb ...
typecheck, test, PostgreSQL, e2e, build	Install Playwright browser	2026-10-06T03:38:27.3007798Z Unpacking liblrdf0:amd64 (0.6.1-4build1) ...
typecheck, test, PostgreSQL, e2e, build	Install Playwright browser	2026-10-06T03:38:27.3233125Z Selecting previously unselected package libltc11:amd64.
typecheck, test, PostgreSQL, e2e, build	Install Playwright browser	2026-10-06T03:38:27.3356081Z Preparing to unpack .../148-libltc11_1.3.2-1build1_amd64.deb ...
typecheck, test, PostgreSQL, e2e, build	Install Playwright browser	2026-10-06T03:38:27.3364851Z Unpacking libltc11:amd64 (1.3.2-1build1) ...
typecheck, test, PostgreSQL, e2e, build	Install Playwright browser	2026-10-06T03:38:27.3557915Z Selecting previously unselected package libmanette-0.2-0:amd64.
typecheck, test, PostgreSQL, e2e, build	Install Playwright browser	2026-10-06T03:38:27.3678199Z Preparing to unpack .../149-libmanette-0.2-0_0.2.7-1build2_amd64.deb ...
typecheck, test, PostgreSQL, e2e, build	Install Playwright browser	2026-10-06T03:38:27.3692935Z Unpacking libmanette-0.2-0:amd64 (0.2.7-1build2) ...
typecheck, test, PostgreSQL, e2e, build	Install Playwright browser	2026-10-06T03:38:27.3894134Z Selecting previously unselected package libmfx1:amd64.
typecheck, test, PostgreSQL, e2e, build	Install Playwright browser	2026-10-06T03:38:27.4014035Z Preparing to unpack .../150-libmfx1_22.5.4-1_amd64.deb ...
typecheck, test, PostgreSQL, e2e, build	Install Playwright browser	2026-10-06T03:38:27.4023441Z Unpacking libmfx1:amd64 (22.5.4-1) ...
typecheck, test, PostgreSQL, e2e, build	Install Playwright browser	2026-10-06T03:38:27.4918760Z Selecting previously unselected package libmjpegutils-2.1-0t64:amd64.
typecheck, test, PostgreSQL, e2e, build	Install Playwright browser	2026-10-06T03:38:27.5047985Z Preparing to unpack .../151-libmjpegutils-2.1-0t64_1%3a2.1.0+debian-8.1build1_amd64.deb ...
typecheck, test, PostgreSQL, e2e, build	Install Playwright browser	2026-10-06T03:38:27.5058136Z Unpacking libmjpegutils-2.1-0t64:amd64 (1:2.1.0+debian-8.1build1) ...
typecheck, test, PostgreSQL, e2e, build	Install Playwright browser	2026-10-06T03:38:27.5259590Z Selecting previously unselected package libmodplug1:amd64.
typecheck, test, PostgreSQL, e2e, build	Install Playwright browser	2026-10-06T03:38:27.5384685Z Preparing to unpack .../152-libmodplug1_1%3a0.8.9.0-3build1_amd64.deb ...
typecheck, test, PostgreSQL, e2e, build	Install Playwright browser	2026-10-06T03:38:27.5403779Z Unpacking libmodplug1:amd64 (1:0.8.9.0-3build1) ...
typecheck, test, PostgreSQL, e2e, build	Install Playwright browser	2026-10-06T03:38:27.5605462Z Selecting previously unselected package libmpcdec6:amd64.
typecheck, test, PostgreSQL, e2e, build	Install Playwright browser	2026-10-06T03:38:27.5730670Z Preparing to unpack .../153-libmpcdec6_2%3a0.1~r495-2build1_amd64.deb ...
typecheck, test, PostgreSQL, e2e, build	Install Playwright browser	2026-10-06T03:38:27.5740143Z Unpacking libmpcdec6:amd64 (2:0.1~r495-2build1) ...
typecheck, test, PostgreSQL, e2e, build	Install Playwright browser	2026-10-06T03:38:27.5934130Z Selecting previously unselected package libmpeg2encpp-2.1-0t64:amd64.
typecheck, test, PostgreSQL, e2e, build	Install Playwright browser	2026-10-06T03:38:27.6059480Z Preparing to unpack .../154-libmpeg2encpp-2.1-0t64_1%3a2.1.0+debian-8.1build1_amd64.deb ...
typecheck, test, PostgreSQL, e2e, build	Install Playwright browser	2026-10-06T03:38:27.6068341Z Unpacking libmpeg2encpp-2.1-0t64:amd64 (1:2.1.0+debian-8.1build1) ...
typecheck, test, PostgreSQL, e2e, build	Install Playwright browser	2026-10-06T03:38:27.6265408Z Selecting previously unselected package libmplex2-2.1-0t64:amd64.
typecheck, test, PostgreSQL, e2e, build	Install Playwright browser	2026-10-06T03:38:27.6386511Z Preparing to unpack .../155-libmplex2-2.1-0t64_1%3a2.1.0+debian-8.1build1_amd64.deb ...
typecheck, test, PostgreSQL, e2e, build	Install Playwright browser	2026-10-06T03:38:27.6394497Z Unpacking libmplex2-2.1-0t64:amd64 (1:2.1.0+debian-8.1build1) ...
typecheck, test, PostgreSQL, e2e, build	Install Playwright browser	2026-10-06T03:38:27.6588791Z Selecting previously unselected package libneon27t64:amd64.
typecheck, test, PostgreSQL, e2e, build	Install Playwright browser	2026-10-06T03:38:27.6710802Z Preparing to unpack .../156-libneon27t64_0.33.0-1.1build3_amd64.deb ...
typecheck, test, PostgreSQL, e2e, build	Install Playwright browser	2026-10-06T03:38:27.6720657Z Unpacking libneon27t64:amd64 (0.33.0-1.1build3) ...
typecheck, test, PostgreSQL, e2e, build	Install Playwright browser	2026-10-06T03:38:27.6932742Z Selecting previously unselected package libnice10:amd64.
typecheck, test, PostgreSQL, e2e, build	Install Playwright browser	2026-10-06T03:38:27.7055266Z Preparing to unpack .../157-libnice10_0.1.21-2build3_amd64.deb ...
typecheck, test, PostgreSQL, e2e, build	Install Playwright browser	2026-10-06T03:38:27.7063107Z Unpacking libnice10:amd64 (0.1.21-2build3) ...
typecheck, test, PostgreSQL, e2e, build	Install Playwright browser	2026-10-06T03:38:27.7272459Z Selecting previously unselected package libopenal-data.
typecheck, test, PostgreSQL, e2e, build	Install Playwright browser	2026-10-06T03:38:27.7396426Z Preparing to unpack .../158-libopenal-data_1%3a1.23.1-4build1_all.deb ...
typecheck, test, PostgreSQL, e2e, build	Install Playwright browser	2026-10-06T03:38:27.7403270Z Unpacking libopenal-data (1:1.23.1-4build1) ...
typecheck, test, PostgreSQL, e2e, build	Install Playwright browser	2026-10-06T03:38:27.7908114Z Selecting previously unselected package libopenexr-3-1-30:amd64.
typecheck, test, PostgreSQL, e2e, build	Install Playwright browser	2026-10-06T03:38:27.8032467Z Preparing to unpack .../159-libopenexr-3-1-30_3.1.5-5.1build3_amd64.deb ...
typecheck, test, PostgreSQL, e2e, build	Install Playwright browser	2026-10-06T03:38:27.8039268Z Unpacking libopenexr-3-1-30:amd64 (3.1.5-5.1build3) ...
typecheck, test, PostgreSQL, e2e, build	Install Playwright browser	2026-10-06T03:38:27.8389608Z Selecting previously unselected package libopenh264-7:amd64.
typecheck, test, PostgreSQL, e2e, build	Install Playwright browser	2026-10-06T03:38:27.8516284Z Preparing to unpack .../160-libopenh264-7_2.4.1+dfsg-1_amd64.deb ...
typecheck, test, PostgreSQL, e2e, build	Install Playwright browser	2026-10-06T03:38:27.8525457Z Unpacking libopenh264-7:amd64 (2.4.1+dfsg-1) ...
typecheck, test, PostgreSQL, e2e, build	Install Playwright browser	2026-10-06T03:38:27.8783102Z Selecting previously unselected package libopenni2-0:amd64.
typecheck, test, PostgreSQL, e2e, build	Install Playwright browser	2026-10-06T03:38:27.8910799Z Preparing to unpack .../161-libopenni2-0_2.2.0.33+dfsg-18_amd64.deb ...
typecheck, test, PostgreSQL, e2e, build	Install Playwright browser	2026-10-06T03:38:27.8938394Z Unpacking libopenni2-0:amd64 (2.2.0.33+dfsg-18) ...
typecheck, test, PostgreSQL, e2e, build	Install Playwright browser	2026-10-06T03:38:27.9193445Z Selecting previously unselected package libqrencode4:amd64.
typecheck, test, PostgreSQL, e2e, build	Install Playwright browser	2026-10-06T03:38:27.9317258Z Preparing to unpack .../162-libqrencode4_4.1.1-1build2_amd64.deb ...
typecheck, test, PostgreSQL, e2e, build	Install Playwright browser	2026-10-06T03:38:27.9324023Z Unpacking libqrencode4:amd64 (4.1.1-1build2) ...
typecheck, test, PostgreSQL, e2e, build	Install Playwright browser	2026-10-06T03:38:27.9510745Z Selecting previously unselected package libsecret-common.
typecheck, test, PostgreSQL, e2e, build	Install Playwright browser	2026-10-06T03:38:27.9633135Z Preparing to unpack .../163-libsecret-common_0.21.4-1build3_all.deb ...
typecheck, test, PostgreSQL, e2e, build	Install Playwright browser	2026-10-06T03:38:27.9639448Z Unpacking libsecret-common (0.21.4-1build3) ...
typecheck, test, PostgreSQL, e2e, build	Install Playwright browser	2026-10-06T03:38:27.9821693Z Selecting previously unselected package libsecret-1-0:amd64.
typecheck, test, PostgreSQL, e2e, build	Install Playwright browser	2026-10-06T03:38:27.9942358Z Preparing to unpack .../164-libsecret-1-0_0.21.4-1build3_amd64.deb ...
typecheck, test, PostgreSQL, e2e, build	Install Playwright browser	2026-10-06T03:38:27.9953756Z Unpacking libsecret-1-0:amd64 (0.21.4-1build3) ...
typecheck, test, PostgreSQL, e2e, build	Install Playwright browser	2026-10-06T03:38:28.0175983Z Selecting previously unselected package libsndio7.0:amd64.
typecheck, test, PostgreSQL, e2e, build	Install Playwright browser	2026-10-06T03:38:28.0296954Z Preparing to unpack .../165-libsndio7.0_1.9.0-0.3build3_amd64.deb ...
typecheck, test, PostgreSQL, e2e, build	Install Playwright browser	2026-10-06T03:38:28.0303536Z Unpacking libsndio7.0:amd64 (1.9.0-0.3build3) ...
typecheck, test, PostgreSQL, e2e, build	Install Playwright browser	2026-10-06T03:38:28.0499344Z Selecting previously unselected package libsoundtouch1:amd64.
typecheck, test, PostgreSQL, e2e, build	Install Playwright browser	2026-10-06T03:38:28.0619149Z Preparing to unpack .../166-libsoundtouch1_2.3.2+ds1-1build1_amd64.deb ...
typecheck, test, PostgreSQL, e2e, build	Install Playwright browser	2026-10-06T03:38:28.0627402Z Unpacking libsoundtouch1:amd64 (2.3.2+ds1-1build1) ...
typecheck, test, PostgreSQL, e2e, build	Install Playwright browser	2026-10-06T03:38:28.0832739Z Selecting previously unselected package libspandsp2t64:amd64.
typecheck, test, PostgreSQL, e2e, build	Install Playwright browser	2026-10-06T03:38:28.0954432Z Preparing to unpack .../167-libspandsp2t64_0.0.6+dfsg-2.1build1_amd64.deb ...
typecheck, test, PostgreSQL, e2e, build	Install Playwright browser	2026-10-06T03:38:28.0963271Z Unpacking libspandsp2t64:amd64 (0.0.6+dfsg-2.1build1) ...
typecheck, test, PostgreSQL, e2e, build	Install Playwright browser	2026-10-06T03:38:28.1193757Z Selecting previously unselected package libsrtp2-1:amd64.
typecheck, test, PostgreSQL, e2e, build	Install Playwright browser	2026-10-06T03:38:28.1313353Z Preparing to unpack .../168-libsrtp2-1_2.5.0-3build1_amd64.deb ...
typecheck, test, PostgreSQL, e2e, build	Install Playwright browser	2026-10-06T03:38:28.1320128Z Unpacking libsrtp2-1:amd64 (2.5.0-3build1) ...
typecheck, test, PostgreSQL, e2e, build	Install Playwright browser	2026-10-06T03:38:28.1523083Z Selecting previously unselected package libwayland-server0:amd64.
typecheck, test, PostgreSQL, e2e, build	Install Playwright browser	2026-10-06T03:38:28.1642657Z Preparing to unpack .../169-libwayland-server0_1.22.0-2.1build1_amd64.deb ...
typecheck, test, PostgreSQL, e2e, build	Install Playwright browser	2026-10-06T03:38:28.1648953Z Unpacking libwayland-server0:amd64 (1.22.0-2.1build1) ...
typecheck, test, PostgreSQL, e2e, build	Install Playwright browser	2026-10-06T03:38:28.1842639Z Selecting previously unselected package libwildmidi2:amd64.
typecheck, test, PostgreSQL, e2e, build	Install Playwright browser	2026-10-06T03:38:28.1961706Z Preparing to unpack .../170-libwildmidi2_0.4.3-1build3_amd64.deb ...
typecheck, test, PostgreSQL, e2e, build	Install Playwright browser	2026-10-06T03:38:28.1968771Z Unpacking libwildmidi2:amd64 (0.4.3-1build3) ...
typecheck, test, PostgreSQL, e2e, build	Install Playwright browser	2026-10-06T03:38:28.2180328Z Selecting previously unselected package libwoff1:amd64.
typecheck, test, PostgreSQL, e2e, build	Install Playwright browser	2026-10-06T03:38:28.2298966Z Preparing to unpack .../171-libwoff1_1.0.2-2build1_amd64.deb ...
typecheck, test, PostgreSQL, e2e, build	Install Playwright browser	2026-10-06T03:38:28.2306280Z Unpacking libwoff1:amd64 (1.0.2-2build1) ...
typecheck, test, PostgreSQL, e2e, build	Install Playwright browser	2026-10-06T03:38:28.2510623Z Selecting previously unselected package libxcb-xkb1:amd64.
typecheck, test, PostgreSQL, e2e, build	Install Playwright browser	2026-10-06T03:38:28.2630623Z Preparing to unpack .../172-libxcb-xkb1_1.15-1ubuntu2_amd64.deb ...
typecheck, test, PostgreSQL, e2e, build	Install Playwright browser	2026-10-06T03:38:28.2637708Z Unpacking libxcb-xkb1:amd64 (1.15-1ubuntu2) ...
typecheck, test, PostgreSQL, e2e, build	Install Playwright browser	2026-10-06T03:38:28.2838166Z Selecting previously unselected package libxkbcommon-x11-0:amd64.
typecheck, test, PostgreSQL, e2e, build	Install Playwright browser	2026-10-06T03:38:28.2959145Z Preparing to unpack .../173-libxkbcommon-x11-0_1.6.0-1build1_amd64.deb ...
typecheck, test, PostgreSQL, e2e, build	Install Playwright browser	2026-10-06T03:38:28.2966369Z Unpacking libxkbcommon-x11-0:amd64 (1.6.0-1build1) ...
typecheck, test, PostgreSQL, e2e, build	Install Playwright browser	2026-10-06T03:38:28.3188979Z Selecting previously unselected package libzbar0t64:amd64.
typecheck, test, PostgreSQL, e2e, build	Install Playwright browser	2026-10-06T03:38:28.3308650Z Preparing to unpack .../174-libzbar0t64_0.23.93-4build3_amd64.deb ...
typecheck, test, PostgreSQL, e2e, build	Install Playwright browser	2026-10-06T03:38:28.3315855Z Unpacking libzbar0t64:amd64 (0.23.93-4build3) ...
typecheck, test, PostgreSQL, e2e, build	Install Playwright browser	2026-10-06T03:38:28.3518984Z Selecting previously unselected package libzxing3:amd64.
typecheck, test, PostgreSQL, e2e, build	Install Playwright browser	2026-10-06T03:38:28.3637764Z Preparing to unpack .../175-libzxing3_2.2.1-3_amd64.deb ...
typecheck, test, PostgreSQL, e2e, build	Install Playwright browser	2026-10-06T03:38:28.3645298Z Unpacking libzxing3:amd64 (2.2.1-3) ...
typecheck, test, PostgreSQL, e2e, build	Install Playwright browser	2026-10-06T03:38:28.3879356Z Selecting previously unselected package xfonts-encodings.
typecheck, test, PostgreSQL, e2e, build	Install Playwright browser	2026-10-06T03:38:28.3998389Z Preparing to unpack .../176-xfonts-encodings_1%3a1.0.5-0ubuntu2_all.deb ...
typecheck, test, PostgreSQL, e2e, build	Install Playwright browser	2026-10-06T03:38:28.4006023Z Unpacking xfonts-encodings (1:1.0.5-0ubuntu2) ...
typecheck, test, PostgreSQL, e2e, build	Install Playwright browser	2026-10-06T03:38:28.4301575Z Selecting previously unselected package xfonts-utils.
typecheck, test, PostgreSQL, e2e, build	Install Playwright browser	2026-10-06T03:38:28.4420235Z Preparing to unpack .../177-xfonts-utils_1%3a7.7+6build3_amd64.deb ...
typecheck, test, PostgreSQL, e2e, build	Install Playwright browser	2026-10-06T03:38:28.4429105Z Unpacking xfonts-utils (1:7.7+6build3) ...
typecheck, test, PostgreSQL, e2e, build	Install Playwright browser	2026-10-06T03:38:28.4772341Z Selecting previously unselected package xfonts-cyrillic.
typecheck, test, PostgreSQL, e2e, build	Install Playwright browser	2026-10-06T03:38:28.4891572Z Preparing to unpack .../178-xfonts-cyrillic_1%3a1.0.5+nmu1_all.deb ...
typecheck, test, PostgreSQL, e2e, build	Install Playwright browser	2026-10-06T03:38:28.4897891Z Unpacking xfonts-cyrillic (1:1.0.5+nmu1) ...
typecheck, test, PostgreSQL, e2e, build	Install Playwright browser	2026-10-06T03:38:28.5234739Z Selecting previously unselected package xfonts-scalable.
typecheck, test, PostgreSQL, e2e, build	Install Playwright browser	2026-10-06T03:38:28.5354615Z Preparing to unpack .../179-xfonts-scalable_1%3a1.0.3-1.3_all.deb ...
typecheck, test, PostgreSQL, e2e, build	Install Playwright browser	2026-10-06T03:38:28.5361766Z Unpacking xfonts-scalable (1:1.0.3-1.3) ...
typecheck, test, PostgreSQL, e2e, build	Install Playwright browser	2026-10-06T03:38:28.5589883Z Selecting previously unselected package libgstreamer-plugins-bad1.0-0:amd64.
typecheck, test, PostgreSQL, e2e, build	Install Playwright browser	2026-10-06T03:38:28.5708444Z Preparing to unpack .../180-libgstreamer-plugins-bad1.0-0_1.24.2-1ubuntu4_amd64.deb ...
typecheck, test, PostgreSQL, e2e, build	Install Playwright browser	2026-10-06T03:38:28.5715777Z Unpacking libgstreamer-plugins-bad1.0-0:amd64 (1.24.2-1ubuntu4) ...
typecheck, test, PostgreSQL, e2e, build	Install Playwright browser	2026-10-06T03:38:28.6064668Z Selecting previously unselected package libdca0:amd64.
typecheck, test, PostgreSQL, e2e, build	Install Playwright browser	2026-10-06T03:38:28.6188742Z Preparing to unpack .../181-libdca0_0.0.7-2build1_amd64.deb ...
typecheck, test, PostgreSQL, e2e, build	Install Playwright browser	2026-10-06T03:38:28.6198127Z Unpacking libdca0:amd64 (0.0.7-2build1) ...
typecheck, test, PostgreSQL, e2e, build	Install Playwright browser	2026-10-06T03:38:28.6405198Z Selecting previously unselected package libopenal1:amd64.
typecheck, test, PostgreSQL, e2e, build	Install Playwright browser	2026-10-06T03:38:28.6529578Z Preparing to unpack .../182-libopenal1_1%3a1.23.1-4build1_amd64.deb ...
typecheck, test, PostgreSQL, e2e, build	Install Playwright browser	2026-10-06T03:38:28.6538226Z Unpacking libopenal1:amd64 (1:1.23.1-4build1) ...
typecheck, test, PostgreSQL, e2e, build	Install Playwright browser	2026-10-06T03:38:28.6778186Z Selecting previously unselected package libsbc1:amd64.
typecheck, test, PostgreSQL, e2e, build	Install Playwright browser	2026-10-06T03:38:28.6900184Z Preparing to unpack .../183-libsbc1_2.0-1build1_amd64.deb ...
typecheck, test, PostgreSQL, e2e, build	Install Playwright browser	2026-10-06T03:38:28.6908012Z Unpacking libsbc1:amd64 (2.0-1build1) ...
typecheck, test, PostgreSQL, e2e, build	Install Playwright browser	2026-10-06T03:38:28.7108041Z Selecting previously unselected package libvo-aacenc0:amd64.
typecheck, test, PostgreSQL, e2e, build	Install Playwright browser	2026-10-06T03:38:28.7229374Z Preparing to unpack .../184-libvo-aacenc0_0.1.3-2build1_amd64.deb ...
typecheck, test, PostgreSQL, e2e, build	Install Playwright browser	2026-10-06T03:38:28.7235965Z Unpacking libvo-aacenc0:amd64 (0.1.3-2build1) ...
typecheck, test, PostgreSQL, e2e, build	Install Playwright browser	2026-10-06T03:38:28.7436174Z Selecting previously unselected package libvo-amrwbenc0:amd64.
typecheck, test, PostgreSQL, e2e, build	Install Playwright browser	2026-10-06T03:38:28.7558539Z Preparing to unpack .../185-libvo-amrwbenc0_0.1.3-2build1_amd64.deb ...
typecheck, test, PostgreSQL, e2e, build	Install Playwright browser	2026-10-06T03:38:28.7568775Z Unpacking libvo-amrwbenc0:amd64 (0.1.3-2build1) ...
typecheck, test, PostgreSQL, e2e, build	Install Playwright browser	2026-10-06T03:38:28.7760556Z Selecting previously unselected package gstreamer1.0-plugins-bad:amd64.
typecheck, test, PostgreSQL, e2e, build	Install Playwright browser	2026-10-06T03:38:28.7880077Z Preparing to unpack .../186-gstreamer1.0-plugins-bad_1.24.2-1ubuntu4_amd64.deb ...
typecheck, test, PostgreSQL, e2e, build	Install Playwright browser	2026-10-06T03:38:28.7886987Z Unpacking gstreamer1.0-plugins-bad:amd64 (1.24.2-1ubuntu4) ...
typecheck, test, PostgreSQL, e2e, build	Install Playwright browser	2026-10-06T03:38:28.9266664Z Setting up libgme0:amd64 (0.6.3-7build1) ...
typecheck, test, PostgreSQL, e2e, build	Install Playwright browser	2026-10-06T03:38:28.9287197Z Setting up libchromaprint1:amd64 (1.5.1-5) ...
typecheck, test, PostgreSQL, e2e, build	Install Playwright browser	2026-10-06T03:38:28.9307551Z Setting up libssh-gcrypt-4:amd64 (0.10.6-2ubuntu0.5) ...
typecheck, test, PostgreSQL, e2e, build	Install Playwright browser	2026-10-06T03:38:28.9329693Z Setting up libhwy1t64:amd64 (1.0.7-8.1build1) ...
typecheck, test, PostgreSQL, e2e, build	Install Playwright browser	2026-10-06T03:38:28.9348142Z Setting up libcairo-script-interpreter2:amd64 (1.18.0-3build1) ...
typecheck, test, PostgreSQL, e2e, build	Install Playwright browser	2026-10-06T03:38:28.9365795Z Setting up libfreeaptx0:amd64 (0.1.1-2build1) ...
typecheck, test, PostgreSQL, e2e, build	Install Playwright browser	2026-10-06T03:38:28.9382726Z Setting up libdvdread8t64:amd64 (6.1.3-1.1build1) ...
typecheck, test, PostgreSQL, e2e, build	Install Playwright browser	2026-10-06T03:38:28.9400718Z Setting up libudfread0:amd64 (1.1.2-1build1) ...
typecheck, test, PostgreSQL, e2e, build	Install Playwright browser	2026-10-06T03:38:28.9419078Z Setting up libmodplug1:amd64 (1:0.8.9.0-3build1) ...
typecheck, test, PostgreSQL, e2e, build	Install Playwright browser	2026-10-06T03:38:28.9437098Z Setting up libcdparanoia0:amd64 (3.10.2+debian-14build3) ...
typecheck, test, PostgreSQL, e2e, build	Install Playwright browser	2026-10-06T03:38:28.9455278Z Setting up libwayland-server0:amd64 (1.22.0-2.1build1) ...
typecheck, test, PostgreSQL, e2e, build	Install Playwright browser	2026-10-06T03:38:28.9476275Z Setting up libvo-amrwbenc0:amd64 (0.1.3-2build1) ...
typecheck, test, PostgreSQL, e2e, build	Install Playwright browser	2026-10-06T03:38:28.9494851Z Setting up mesa-libgallium:amd64 (25.2.8-0ubuntu0.24.04.4) ...
typecheck, test, PostgreSQL, e2e, build	Install Playwright browser	2026-10-06T03:38:28.9513316Z Setting up session-migration (0.3.9build1) ...
typecheck, test, PostgreSQL, e2e, build	Install Playwright browser	2026-10-06T03:38:29.0743788Z Created symlink /etc/systemd/user/graphical-session-pre.target.wants/session-migration.service → /usr/lib/systemd/user/session-migration.service.
typecheck, test, PostgreSQL, e2e, build	Install Playwright browser	2026-10-06T03:38:29.0744776Z 
typecheck, test, PostgreSQL, e2e, build	Install Playwright browser	2026-10-06T03:38:29.0772997Z Setting up libraw1394-11:amd64 (2.1.2-2build3) ...
typecheck, test, PostgreSQL, e2e, build	Install Playwright browser	2026-10-06T03:38:29.0797648Z Setting up libsbc1:amd64 (2.0-1build1) ...
typecheck, test, PostgreSQL, e2e, build	Install Playwright browser	2026-10-06T03:38:29.0819457Z Setting up libproxy1v5:amd64 (0.5.4-4build1) ...
typecheck, test, PostgreSQL, e2e, build	Install Playwright browser	2026-10-06T03:38:29.0842795Z Setting up libneon27t64:amd64 (0.33.0-1.1build3) ...
typecheck, test, PostgreSQL, e2e, build	Install Playwright browser	2026-10-06T03:38:29.0866668Z Setting up libtag1v5-vanilla:amd64 (1.13.1-1build1) ...
typecheck, test, PostgreSQL, e2e, build	Install Playwright browser	2026-10-06T03:38:29.0909376Z Setting up libharfbuzz-icu0:amd64 (8.3.0-2build2) ...
typecheck, test, PostgreSQL, e2e, build	Install Playwright browser	2026-10-06T03:38:29.0933099Z Setting up libopenni2-0:amd64 (2.2.0.33+dfsg-18) ...
typecheck, test, PostgreSQL, e2e, build	Install Playwright browser	2026-10-06T03:38:29.1107081Z Setting up libspeex1:amd64 (1.2.1-2ubuntu2.24.04.1) ...
typecheck, test, PostgreSQL, e2e, build	Install Playwright browser	2026-10-06T03:38:29.1131430Z Setting up libshine3:amd64 (3.1.1-2build1) ...
typecheck, test, PostgreSQL, e2e, build	Install Playwright browser	2026-10-06T03:38:29.1159018Z Setting up libcaca0:amd64 (0.99.beta20-4ubuntu0.2) ...
typecheck, test, PostgreSQL, e2e, build	Install Playwright browser	2026-10-06T03:38:29.1192495Z Setting up libvpl2 (2023.3.0-1build1) ...
typecheck, test, PostgreSQL, e2e, build	Install Playwright browser	2026-10-06T03:38:29.1225535Z Setting up libv4lconvert0t64:amd64 (1.26.1-4build3) ...
typecheck, test, PostgreSQL, e2e, build	Install Playwright browser	2026-10-06T03:38:29.1249948Z Setting up libx264-164:amd64 (2:0.164.3108+git31e19f9-1) ...
typecheck, test, PostgreSQL, e2e, build	Install Playwright browser	2026-10-06T03:38:29.1285198Z Setting up libtwolame0:amd64 (0.4.0-2build3) ...
typecheck, test, PostgreSQL, e2e, build	Install Playwright browser	2026-10-06T03:38:29.1312062Z Setting up libmbedcrypto7t64:amd64 (2.28.8-1) ...
typecheck, test, PostgreSQL, e2e, build	Install Playwright browser	2026-10-06T03:38:29.1340085Z Setting up libwoff1:amd64 (1.0.2-2build1) ...
typecheck, test, PostgreSQL, e2e, build	Install Playwright browser	2026-10-06T03:38:29.1365973Z Setting up liblc3-1:amd64 (1.0.4-3build1) ...
typecheck, test, PostgreSQL, e2e, build	Install Playwright browser	2026-10-06T03:38:29.1386764Z Setting up libqrencode4:amd64 (4.1.1-1build2) ...
typecheck, test, PostgreSQL, e2e, build	Install Playwright browser	2026-10-06T03:38:29.1406921Z Setting up libhyphen0:amd64 (2.8.8-7build3) ...
typecheck, test, PostgreSQL, e2e, build	Install Playwright browser	2026-10-06T03:38:29.1429589Z Setting up libgbm1:amd64 (25.2.8-0ubuntu0.24.04.4) ...
typecheck, test, PostgreSQL, e2e, build	Install Playwright browser	2026-10-06T03:38:29.1451608Z Setting up libgsm1:amd64 (1.0.22-1build1) ...
typecheck, test, PostgreSQL, e2e, build	Install Playwright browser	2026-10-06T03:38:29.1471243Z Setting up libvisual-0.4-0:amd64 (0.4.2-2build1) ...
typecheck, test, PostgreSQL, e2e, build	Install Playwright browser	2026-10-06T03:38:29.1489292Z Setting up libsoxr0:amd64 (0.1.3-4build3) ...
typecheck, test, PostgreSQL, e2e, build	Install Playwright browser	2026-10-06T03:38:29.1508892Z Setting up libzix-0-0:amd64 (0.4.2-2build1) ...
typecheck, test, PostgreSQL, e2e, build	Install Playwright browser	2026-10-06T03:38:29.1530400Z Setting up libcodec2-1.2:amd64 (1.2.0-2build1) ...
typecheck, test, PostgreSQL, e2e, build	Install Playwright browser	2026-10-06T03:38:29.1550682Z Setting up libmanette-0.2-0:amd64 (0.2.7-1build2) ...
typecheck, test, PostgreSQL, e2e, build	Install Playwright browser	2026-10-06T03:38:29.1569342Z Setting up libsrtp2-1:amd64 (2.5.0-3build1) ...
typecheck, test, PostgreSQL, e2e, build	Install Playwright browser	2026-10-06T03:38:29.1589475Z Setting up libgl1-mesa-dri:amd64 (25.2.8-0ubuntu0.24.04.4) ...
typecheck, test, PostgreSQL, e2e, build	Install Playwright browser	2026-10-06T03:38:29.1668103Z Setting up libmysofa1:amd64 (1.3.2+dfsg-2ubuntu2) ...
typecheck, test, PostgreSQL, e2e, build	Install Playwright browser	2026-10-06T03:38:29.1687880Z Setting up libraptor2-0:amd64 (2.0.16-3ubuntu0.1) ...
typecheck, test, PostgreSQL, e2e, build	Install Playwright browser	2026-10-06T03:38:29.1707014Z Setting up libldacbt-enc2:amd64 (2.0.2.3+git20200429+ed310a0-4ubuntu2) ...
typecheck, test, PostgreSQL, e2e, build	Install Playwright browser	2026-10-06T03:38:29.1723953Z Setting up fonts-wqy-zenhei (0.9.45-8) ...
typecheck, test, PostgreSQL, e2e, build	Install Playwright browser	2026-10-06T03:38:29.1834964Z Setting up libwebrtc-audio-processing1:amd64 (0.3.1-0ubuntu6) ...
typecheck, test, PostgreSQL, e2e, build	Install Playwright browser	2026-10-06T03:38:29.1855920Z Setting up fonts-freefont-ttf (20211204+svn4273-2) ...
typecheck, test, PostgreSQL, e2e, build	Install Playwright browser	2026-10-06T03:38:29.1877224Z Setting up libevent-2.1-7t64:amd64 (2.1.12-stable-9ubuntu2.2) ...
typecheck, test, PostgreSQL, e2e, build	Install Playwright browser	2026-10-06T03:38:29.1895580Z Setting up libsvtav1enc1d1:amd64 (1.7.0+dfsg-2build1) ...
typecheck, test, PostgreSQL, e2e, build	Install Playwright browser	2026-10-06T03:38:29.1912824Z Setting up libsoup-3.0-common (3.4.4-5ubuntu0.8) ...
typecheck, test, PostgreSQL, e2e, build	Install Playwright browser	2026-10-06T03:38:29.1933327Z Setting up libmpg123-0t64:amd64 (1.32.5-1ubuntu1.1) ...
typecheck, test, PostgreSQL, e2e, build	Install Playwright browser	2026-10-06T03:38:29.1950260Z Setting up libcjson1:amd64 (1.7.17-1) ...
typecheck, test, PostgreSQL, e2e, build	Install Playwright browser	2026-10-06T03:38:29.1988080Z Setting up libxvidcore4:amd64 (2:1.3.7-1build1) ...
typecheck, test, PostgreSQL, e2e, build	Install Playwright browser	2026-10-06T03:38:29.2007478Z Setting up libmpcdec6:amd64 (2:0.1~r495-2build1) ...
typecheck, test, PostgreSQL, e2e, build	Install Playwright browser	2026-10-06T03:38:29.2024119Z Setting up libmjpegutils-2.1-0t64:amd64 (1:2.1.0+debian-8.1build1) ...
typecheck, test, PostgreSQL, e2e, build	Install Playwright browser	2026-10-06T03:38:29.2044823Z Setting up librav1e0:amd64 (0.7.1-2) ...
typecheck, test, PostgreSQL, e2e, build	Install Playwright browser	2026-10-06T03:38:29.2062313Z Setting up liborc-0.4-0t64:amd64 (1:0.4.38-1ubuntu0.1) ...
typecheck, test, PostgreSQL, e2e, build	Install Playwright browser	2026-10-06T03:38:29.2081455Z Setting up libxcb-xkb1:amd64 (1.15-1ubuntu2) ...
typecheck, test, PostgreSQL, e2e, build	Install Playwright browser	2026-10-06T03:38:29.2098660Z Setting up libvo-aacenc0:amd64 (0.1.3-2build1) ...
typecheck, test, PostgreSQL, e2e, build	Install Playwright browser	2026-10-06T03:38:29.2115451Z Setting up librist4:amd64 (0.2.10+dfsg-2) ...
typecheck, test, PostgreSQL, e2e, build	Install Playwright browser	2026-10-06T03:38:29.2137398Z Setting up librsvg2-2:amd64 (2.58.0+dfsg-1build1) ...
typecheck, test, PostgreSQL, e2e, build	Install Playwright browser	2026-10-06T03:38:29.2155527Z Setting up libblas3:amd64 (3.12.0-3build1.1) ...
typecheck, test, PostgreSQL, e2e, build	Install Playwright browser	2026-10-06T03:38:29.2216960Z update-alternatives: using /usr/lib/x86_64-linux-gnu/blas/libblas.so.3 to provide /usr/lib/x86_64-linux-gnu/libblas.so.3 (libblas.so.3-x86_64-linux-gnu) in auto mode
typecheck, test, PostgreSQL, e2e, build	Install Playwright browser	2026-10-06T03:38:29.2231014Z Setting up libegl-mesa0:amd64 (25.2.8-0ubuntu0.24.04.4) ...
typecheck, test, PostgreSQL, e2e, build	Install Playwright browser	2026-10-06T03:38:29.2249025Z Setting up libsoundtouch1:amd64 (2.3.2+ds1-1build1) ...
typecheck, test, PostgreSQL, e2e, build	Install Playwright browser	2026-10-06T03:38:29.2268357Z Setting up libplacebo338:amd64 (6.338.2-2build1) ...
typecheck, test, PostgreSQL, e2e, build	Install Playwright browser	2026-10-06T03:38:29.2289573Z Setting up libgles2:amd64 (1.7.0-1build1) ...
typecheck, test, PostgreSQL, e2e, build	Install Playwright browser	2026-10-06T03:38:29.2311283Z Setting up fonts-tlwg-loma-otf (1:0.7.3-1) ...
typecheck, test, PostgreSQL, e2e, build	Install Playwright browser	2026-10-06T03:38:29.2333010Z Setting up libva2:amd64 (2.20.0-2ubuntu0.2) ...
typecheck, test, PostgreSQL, e2e, build	Install Playwright browser	2026-10-06T03:38:29.2351269Z Setting up libspa-0.2-modules:amd64 (1.0.5-1ubuntu3.3) ...
typecheck, test, PostgreSQL, e2e, build	Install Playwright browser	2026-10-06T03:38:29.2374910Z Setting up libzxing3:amd64 (2.2.1-3) ...
typecheck, test, PostgreSQL, e2e, build	Install Playwright browser	2026-10-06T03:38:29.2394722Z Setting up xfonts-encodings (1:1.0.5-0ubuntu2) ...
typecheck, test, PostgreSQL, e2e, build	Install Playwright browser	2026-10-06T03:38:29.2413818Z Setting up libopus0:amd64 (1.4-1build1) ...
typecheck, test, PostgreSQL, e2e, build	Install Playwright browser	2026-10-06T03:38:29.2432194Z Setting up libfaad2:amd64 (2.11.1-1build1) ...
typecheck, test, PostgreSQL, e2e, build	Install Playwright browser	2026-10-06T03:38:29.2458515Z Setting up libxkbcommon-x11-0:amd64 (1.6.0-1build1) ...
typecheck, test, PostgreSQL, e2e, build	Install Playwright browser	2026-10-06T03:38:29.2479972Z Setting up libdc1394-25:amd64 (2.2.6-4build1) ...
typecheck, test, PostgreSQL, e2e, build	Install Playwright browser	2026-10-06T03:38:29.2499453Z Setting up libimath-3-1-29t64:amd64 (3.1.9-3.1ubuntu2) ...
typecheck, test, PostgreSQL, e2e, build	Install Playwright browser	2026-10-06T03:38:29.2519389Z Setting up libunibreak5:amd64 (5.1-2build1) ...
typecheck, test, PostgreSQL, e2e, build	Install Playwright browser	2026-10-06T03:38:29.2537759Z Setting up libdv4t64:amd64 (1.0.0-17.1build1) ...
typecheck, test, PostgreSQL, e2e, build	Install Playwright browser	2026-10-06T03:38:29.2557263Z Setting up libjxl0.7:amd64 (0.7.0-10.2ubuntu6.1) ...
typecheck, test, PostgreSQL, e2e, build	Install Playwright browser	2026-10-06T03:38:29.2577409Z Setting up libopenh264-7:amd64 (2.4.1+dfsg-1) ...
typecheck, test, PostgreSQL, e2e, build	Install Playwright browser	2026-10-06T03:38:29.2596530Z Setting up libltc11:amd64 (1.3.2-1build1) ...
typecheck, test, PostgreSQL, e2e, build	Install Playwright browser	2026-10-06T03:38:29.2624936Z Setting up libx265-199:amd64 (3.5-2build1) ...
typecheck, test, PostgreSQL, e2e, build	Install Playwright browser	2026-10-06T03:38:29.2887737Z Setting up libv4l-0t64:amd64 (1.26.1-4build3) ...
typecheck, test, PostgreSQL, e2e, build	Install Playwright browser	2026-10-06T03:38:29.2905971Z Setting up libavtp0:amd64 (0.2.0-1build1) ...
typecheck, test, PostgreSQL, e2e, build	Install Playwright browser	2026-10-06T03:38:29.2925862Z Setting up libsndio7.0:amd64 (1.9.0-0.3build3) ...
typecheck, test, PostgreSQL, e2e, build	Install Playwright browser	2026-10-06T03:38:29.2947946Z Setting up libdirectfb-1.7-7t64:amd64 (1.7.7-11.1ubuntu2) ...
typecheck, test, PostgreSQL, e2e, build	Install Playwright browser	2026-10-06T03:38:29.2966284Z Setting up libspandsp2t64:amd64 (0.0.6+dfsg-2.1build1) ...
typecheck, test, PostgreSQL, e2e, build	Install Playwright browser	2026-10-06T03:38:29.2988704Z Setting up libvidstab1.1:amd64 (1.1.0-2build1) ...
typecheck, test, PostgreSQL, e2e, build	Install Playwright browser	2026-10-06T03:38:29.3011649Z Setting up libvpx9:amd64 (1.14.0-1ubuntu2.3) ...
typecheck, test, PostgreSQL, e2e, build	Install Playwright browser	2026-10-06T03:38:29.3030197Z Setting up libsrt1.5-gnutls:amd64 (1.5.3-1build2) ...
typecheck, test, PostgreSQL, e2e, build	Install Playwright browser	2026-10-06T03:38:29.3049165Z Setting up libtag1v5:amd64 (1.13.1-1build1) ...
typecheck, test, PostgreSQL, e2e, build	Install Playwright browser	2026-10-06T03:38:29.3074944Z Setting up libflite1:amd64 (2.2-6build3) ...
typecheck, test, PostgreSQL, e2e, build	Install Playwright browser	2026-10-06T03:38:29.3109590Z Setting up libdav1d7:amd64 (1.4.1-1build1) ...
typecheck, test, PostgreSQL, e2e, build	Install Playwright browser	2026-10-06T03:38:29.3131329Z Setting up libva-drm2:amd64 (2.20.0-2ubuntu0.2) ...
typecheck, test, PostgreSQL, e2e, build	Install Playwright browser	2026-10-06T03:38:29.3151042Z Setting up fonts-ipafont-gothic (00303-21ubuntu1) ...
typecheck, test, PostgreSQL, e2e, build	Install Playwright browser	2026-10-06T03:38:29.3217993Z update-alternatives: using /usr/share/fonts/opentype/ipafont-gothic/ipag.ttf to provide /usr/share/fonts/truetype/fonts-japanese-gothic.ttf (fonts-japanese-gothic.ttf) in auto mode
typecheck, test, PostgreSQL, e2e, build	Install Playwright browser	2026-10-06T03:38:29.3234250Z Setting up ocl-icd-libopencl1:amd64 (2.3.2-1build1) ...
typecheck, test, PostgreSQL, e2e, build	Install Playwright browser	2026-10-06T03:38:29.3253523Z Setting up libasyncns0:amd64 (0.8-6build4) ...
typecheck, test, PostgreSQL, e2e, build	Install Playwright browser	2026-10-06T03:38:29.3276625Z Setting up libwildmidi2:amd64 (0.4.3-1build3) ...
typecheck, test, PostgreSQL, e2e, build	Install Playwright browser	2026-10-06T03:38:29.3294520Z Setting up libvdpau1:amd64 (1.5-2build1) ...
typecheck, test, PostgreSQL, e2e, build	Install Playwright browser	2026-10-06T03:38:29.3320787Z Setting up libwavpack1:amd64 (5.6.0-1build1) ...
typecheck, test, PostgreSQL, e2e, build	Install Playwright browser	2026-10-06T03:38:29.3339021Z Setting up libbs2b0:amd64 (3.1.0+dfsg-7build1) ...
typecheck, test, PostgreSQL, e2e, build	Install Playwright browser	2026-10-06T03:38:29.3360113Z Setting up libtheora0:amd64 (1.1.1+dfsg.1-16.1build3) ...
typecheck, test, PostgreSQL, e2e, build	Install Playwright browser	2026-10-06T03:38:29.3379055Z Setting up libegl1:amd64 (1.7.0-1build1) ...
typecheck, test, PostgreSQL, e2e, build	Install Playwright browser	2026-10-06T03:38:29.3400091Z Setting up libdecor-0-0:amd64 (0.2.2-1build2) ...
typecheck, test, PostgreSQL, e2e, build	Install Playwright browser	2026-10-06T03:38:29.3419332Z Setting up libdca0:amd64 (0.0.7-2build1) ...
typecheck, test, PostgreSQL, e2e, build	Install Playwright browser	2026-10-06T03:38:29.3437716Z Setting up libzimg2:amd64 (3.0.5+ds1-1build1) ...
typecheck, test, PostgreSQL, e2e, build	Install Playwright browser	2026-10-06T03:38:29.3458063Z Setting up libopenal-data (1:1.23.1-4build1) ...
typecheck, test, PostgreSQL, e2e, build	Install Playwright browser	2026-10-06T03:38:29.3484141Z Setting up libevent-core-2.1-7t64:amd64 (2.1.12-stable-9ubuntu2.2) ...
typecheck, test, PostgreSQL, e2e, build	Install Playwright browser	2026-10-06T03:38:29.3504986Z Setting up libabsl20220623t64:amd64 (20220623.1-3.1ubuntu3.2) ...
typecheck, test, PostgreSQL, e2e, build	Install Playwright browser	2026-10-06T03:38:29.3524325Z Setting up libflac12t64:amd64 (1.4.3+ds-2.1ubuntu2) ...
typecheck, test, PostgreSQL, e2e, build	Install Playwright browser	2026-10-06T03:38:29.3547998Z Setting up libgtk-4-common (4.14.5+ds-0ubuntu0.10) ...
typecheck, test, PostgreSQL, e2e, build	Install Playwright browser	2026-10-06T03:38:29.3568272Z Setting up libmpeg2encpp-2.1-0t64:amd64 (1:2.1.0+debian-8.1build1) ...
typecheck, test, PostgreSQL, e2e, build	Install Playwright browser	2026-10-06T03:38:29.3586858Z Setting up glib-networking-common (2.80.0-1build1) ...
typecheck, test, PostgreSQL, e2e, build	Install Playwright browser	2026-10-06T03:38:29.3606646Z Setting up libmfx1:amd64 (22.5.4-1) ...
typecheck, test, PostgreSQL, e2e, build	Install Playwright browser	2026-10-06T03:38:29.3624727Z Setting up libbluray2:amd64 (1:1.3.4-1build1) ...
typecheck, test, PostgreSQL, e2e, build	Install Playwright browser	2026-10-06T03:38:29.3646227Z Setting up libde265-0:amd64 (1.0.15-1ubuntu0.1) ...
typecheck, test, PostgreSQL, e2e, build	Install Playwright browser	2026-10-06T03:38:29.3667362Z Setting up libsamplerate0:amd64 (0.2.2-4build1) ...
typecheck, test, PostgreSQL, e2e, build	Install Playwright browser	2026-10-06T03:38:29.3685088Z Setting up timgm6mb-soundfont (1.3-5) ...
typecheck, test, PostgreSQL, e2e, build	Install Playwright browser	2026-10-06T03:38:29.3768530Z update-alternatives: using /usr/share/sounds/sf2/TimGM6mb.sf2 to provide /usr/share/sounds/sf2/default-GM.sf2 (default-GM.sf2) in auto mode
typecheck, test, PostgreSQL, e2e, build	Install Playwright browser	2026-10-06T03:38:29.3812145Z update-alternatives: using /usr/share/sounds/sf2/TimGM6mb.sf2 to provide /usr/share/sounds/sf3/default-GM.sf3 (default-GM.sf3) in auto mode
typecheck, test, PostgreSQL, e2e, build	Install Playwright browser	2026-10-06T03:38:29.3826182Z Setting up libva-x11-2:amd64 (2.20.0-2ubuntu0.2) ...
typecheck, test, PostgreSQL, e2e, build	Install Playwright browser	2026-10-06T03:38:29.3846483Z Setting up libyuv0:amd64 (0.0~git202401110.af6ac82-1) ...
typecheck, test, PostgreSQL, e2e, build	Install Playwright browser	2026-10-06T03:38:29.3872282Z Setting up libmplex2-2.1-0t64:amd64 (1:2.1.0+debian-8.1build1) ...
typecheck, test, PostgreSQL, e2e, build	Install Playwright browser	2026-10-06T03:38:29.3892168Z Setting up libpipewire-0.3-0t64:amd64 (1.0.5-1ubuntu3.3) ...
typecheck, test, PostgreSQL, e2e, build	Install Playwright browser	2026-10-06T03:38:29.3909544Z Setting up libopenmpt0t64:amd64 (0.7.3-1.1build3) ...
typecheck, test, PostgreSQL, e2e, build	Install Playwright browser	2026-10-06T03:38:29.3927491Z Setting up libzvbi-common (0.2.42-2) ...
typecheck, test, PostgreSQL, e2e, build	Install Playwright browser	2026-10-06T03:38:29.3946102Z Setting up libsecret-common (0.21.4-1build3) ...
typecheck, test, PostgreSQL, e2e, build	Install Playwright browser	2026-10-06T03:38:29.3963657Z Setting up libmp3lame0:amd64 (3.100-6build1) ...
typecheck, test, PostgreSQL, e2e, build	Install Playwright browser	2026-10-06T03:38:29.3984619Z Setting up libgraphene-1.0-0:amd64 (1.10.8-3build2) ...
typecheck, test, PostgreSQL, e2e, build	Install Playwright browser	2026-10-06T03:38:29.4000963Z Setting up libvorbisenc2:amd64 (1.3.7-1build3) ...
typecheck, test, PostgreSQL, e2e, build	Install Playwright browser	2026-10-06T03:38:29.4023252Z Setting up libdvdnav4:amd64 (6.1.1-3build1) ...
typecheck, test, PostgreSQL, e2e, build	Install Playwright browser	2026-10-06T03:38:29.4041382Z Setting up fonts-unifont (1:15.1.01-1build1) ...
typecheck, test, PostgreSQL, e2e, build	Install Playwright browser	2026-10-06T03:38:29.4059434Z Setting up libaa1:amd64 (1.4p5-51.1) ...
typecheck, test, PostgreSQL, e2e, build	Install Playwright browser	2026-10-06T03:38:29.4082681Z Setting up libiec61883-0:amd64 (1.2.0-6build1) ...
typecheck, test, PostgreSQL, e2e, build	Install Playwright browser	2026-10-06T03:38:29.4104089Z Setting up libserd-0-0:amd64 (0.32.2-1) ...
typecheck, test, PostgreSQL, e2e, build	Install Playwright browser	2026-10-06T03:38:29.4127584Z Setting up libavc1394-0:amd64 (0.5.4-5build3) ...
typecheck, test, PostgreSQL, e2e, build	Install Playwright browser	2026-10-06T03:38:29.4145455Z Setting up gsettings-desktop-schemas (46.1-0ubuntu1) ...
typecheck, test, PostgreSQL, e2e, build	Install Playwright browser	2026-10-06T03:38:29.4167192Z Setting up glib-networking-services (2.80.0-1build1) ...
typecheck, test, PostgreSQL, e2e, build	Install Playwright browser	2026-10-06T03:38:29.4206261Z Setting up liblapack3:amd64 (3.12.0-3build1.1) ...
typecheck, test, PostgreSQL, e2e, build	Install Playwright browser	2026-10-06T03:38:29.4264145Z update-alternatives: using /usr/lib/x86_64-linux-gnu/lapack/liblapack.so.3 to provide /usr/lib/x86_64-linux-gnu/liblapack.so.3 (liblapack.so.3-x86_64-linux-gnu) in auto mode
typecheck, test, PostgreSQL, e2e, build	Install Playwright browser	2026-10-06T03:38:29.4282063Z Setting up libglx-mesa0:amd64 (25.2.8-0ubuntu0.24.04.4) ...
typecheck, test, PostgreSQL, e2e, build	Install Playwright browser	2026-10-06T03:38:29.4303040Z Setting up libzvbi0t64:amd64 (0.2.42-2) ...
typecheck, test, PostgreSQL, e2e, build	Install Playwright browser	2026-10-06T03:38:29.4323556Z Setting up libevent-pthreads-2.1-7t64:amd64 (2.1.12-stable-9ubuntu2.2) ...
typecheck, test, PostgreSQL, e2e, build	Install Playwright browser	2026-10-06T03:38:29.4348798Z Setting up liblrdf0:amd64 (0.6.1-4build1) ...
typecheck, test, PostgreSQL, e2e, build	Install Playwright browser	2026-10-06T03:38:29.4366963Z Setting up libzbar0t64:amd64 (0.23.93-4build3) ...
typecheck, test, PostgreSQL, e2e, build	Install Playwright browser	2026-10-06T03:38:29.4387365Z Setting up libgstreamer-plugins-base1.0-0:amd64 (1.24.2-1ubuntu0.5) ...
typecheck, test, PostgreSQL, e2e, build	Install Playwright browser	2026-10-06T03:38:29.4408025Z Setting up libavutil58:amd64 (7:6.1.1-3ubuntu5) ...
typecheck, test, PostgreSQL, e2e, build	Install Playwright browser	2026-10-06T03:38:29.4427016Z Setting up libopenal1:amd64 (1:1.23.1-4build1) ...
typecheck, test, PostgreSQL, e2e, build	Install Playwright browser	2026-10-06T03:38:29.4448716Z Setting up xfonts-utils (1:7.7+6build3) ...
typecheck, test, PostgreSQL, e2e, build	Install Playwright browser	2026-10-06T03:38:29.4489749Z Setting up libsecret-1-0:amd64 (0.21.4-1build3) ...
typecheck, test, PostgreSQL, e2e, build	Install Playwright browser	2026-10-06T03:38:29.4510732Z Setting up libgstreamer-plugins-good1.0-0:amd64 (1.24.2-1ubuntu1.8) ...
typecheck, test, PostgreSQL, e2e, build	Install Playwright browser	2026-10-06T03:38:29.4528921Z Setting up libgstreamer-gl1.0-0:amd64 (1.24.2-1ubuntu0.5) ...
typecheck, test, PostgreSQL, e2e, build	Install Playwright browser	2026-10-06T03:38:29.4549501Z Setting up gstreamer1.0-plugins-base:amd64 (1.24.2-1ubuntu0.5) ...
typecheck, test, PostgreSQL, e2e, build	Install Playwright browser	2026-10-06T03:38:29.4569293Z Setting up libass9:amd64 (1:0.17.1-2build1) ...
typecheck, test, PostgreSQL, e2e, build	Install Playwright browser	2026-10-06T03:38:29.4588800Z Setting up libswresample4:amd64 (7:6.1.1-3ubuntu5) ...
typecheck, test, PostgreSQL, e2e, build	Install Playwright browser	2026-10-06T03:38:29.4608671Z Setting up libopenexr-3-1-30:amd64 (3.1.5-5.1build3) ...
typecheck, test, PostgreSQL, e2e, build	Install Playwright browser	2026-10-06T03:38:29.4628488Z Setting up libshout3:amd64 (2.4.6-1build2) ...
typecheck, test, PostgreSQL, e2e, build	Install Playwright browser	2026-10-06T03:38:29.4651330Z Setting up libgav1-1:amd64 (0.18.0-1build3) ...
typecheck, test, PostgreSQL, e2e, build	Install Playwright browser	2026-10-06T03:38:29.4673818Z Setting up libavcodec60:amd64 (7:6.1.1-3ubuntu5) ...
typecheck, test, PostgreSQL, e2e, build	Install Playwright browser	2026-10-06T03:38:29.4692650Z Setting up librubberband2:amd64 (3.3.0+dfsg-2build1) ...
typecheck, test, PostgreSQL, e2e, build	Install Playwright browser	2026-10-06T03:38:29.4714818Z Setting up libjack-jackd2-0:amd64 (1.9.21~dfsg-3ubuntu3) ...
typecheck, test, PostgreSQL, e2e, build	Install Playwright browser	2026-10-06T03:38:29.4735439Z Setting up libsord-0-0:amd64 (0.16.16-2build1) ...
typecheck, test, PostgreSQL, e2e, build	Install Playwright browser	2026-10-06T03:38:29.4757300Z Setting up xfonts-cyrillic (1:1.0.5+nmu1) ...
typecheck, test, PostgreSQL, e2e, build	Install Playwright browser	2026-10-06T03:38:29.5053685Z Setting up libpostproc57:amd64 (7:6.1.1-3ubuntu5) ...
typecheck, test, PostgreSQL, e2e, build	Install Playwright browser	2026-10-06T03:38:29.5073466Z Setting up libsratom-0-0:amd64 (0.6.16-1build1) ...
typecheck, test, PostgreSQL, e2e, build	Install Playwright browser	2026-10-06T03:38:29.5095909Z Setting up libsndfile1:amd64 (1.2.2-1ubuntu5.24.04.1) ...
typecheck, test, PostgreSQL, e2e, build	Install Playwright browser	2026-10-06T03:38:29.5121433Z Setting up liblilv-0-0:amd64 (0.24.22-1build1) ...
typecheck, test, PostgreSQL, e2e, build	Install Playwright browser	2026-10-06T03:38:29.5418682Z Setting up libinstpatch-1.0-2:amd64 (1.1.6-1build2) ...
typecheck, test, PostgreSQL, e2e, build	Install Playwright browser	2026-10-06T03:38:29.5438761Z Setting up xfonts-scalable (1:1.0.3-1.3) ...
typecheck, test, PostgreSQL, e2e, build	Install Playwright browser	2026-10-06T03:38:29.5708515Z Setting up libswscale7:amd64 (7:6.1.1-3ubuntu5) ...
typecheck, test, PostgreSQL, e2e, build	Install Playwright browser	2026-10-06T03:38:29.5729374Z Setting up libavif16:amd64 (1.0.4-1ubuntu3) ...
typecheck, test, PostgreSQL, e2e, build	Install Playwright browser	2026-10-06T03:38:29.5748543Z Setting up libpulse0:amd64 (1:16.1+dfsg1-2ubuntu10.1) ...
typecheck, test, PostgreSQL, e2e, build	Install Playwright browser	2026-10-06T03:38:29.5817944Z Setting up libavformat60:amd64 (7:6.1.1-3ubuntu5) ...
typecheck, test, PostgreSQL, e2e, build	Install Playwright browser	2026-10-06T03:38:29.5835001Z Setting up libsphinxbase3t64:amd64 (0.8+5prealpha+1-17build2) ...
typecheck, test, PostgreSQL, e2e, build	Install Playwright browser	2026-10-06T03:38:29.5856671Z Setting up libsdl2-2.0-0:amd64 (2.30.0+dfsg-1ubuntu3.1) ...
typecheck, test, PostgreSQL, e2e, build	Install Playwright browser	2026-10-06T03:38:29.5873992Z Setting up libfluidsynth3:amd64 (2.3.4-1build3) ...
typecheck, test, PostgreSQL, e2e, build	Install Playwright browser	2026-10-06T03:38:29.5891793Z Setting up libpocketsphinx3:amd64 (0.8.0+real5prealpha+1-15ubuntu5) ...
typecheck, test, PostgreSQL, e2e, build	Install Playwright browser	2026-10-06T03:38:29.5917102Z Setting up libavfilter9:amd64 (7:6.1.1-3ubuntu5) ...
typecheck, test, PostgreSQL, e2e, build	Install Playwright browser	2026-10-06T03:38:29.5937459Z Setting up gstreamer1.0-libav:amd64 (1.24.1-1build1) ...
typecheck, test, PostgreSQL, e2e, build	Install Playwright browser	2026-10-06T03:38:29.6237377Z Processing triggers for fontconfig (2.15.0-1.1ubuntu2) ...
typecheck, test, PostgreSQL, e2e, build	Install Playwright browser	2026-10-06T03:38:29.7165589Z Processing triggers for libc-bin (2.39-0ubuntu8.9) ...
typecheck, test, PostgreSQL, e2e, build	Install Playwright browser	2026-10-06T03:38:29.7670887Z Processing triggers for man-db (2.12.0-4build2) ...
typecheck, test, PostgreSQL, e2e, build	Install Playwright browser	2026-10-06T03:38:29.7694731Z Not building database; man-db/auto-update is not 'true'.
typecheck, test, PostgreSQL, e2e, build	Install Playwright browser	2026-10-06T03:38:29.7720213Z Processing triggers for libglib2.0-0t64:amd64 (2.80.0-6ubuntu3.9) ...
typecheck, test, PostgreSQL, e2e, build	Install Playwright browser	2026-10-06T03:38:29.8077147Z Setting up libgtk-4-1:amd64 (4.14.5+ds-0ubuntu0.10) ...
typecheck, test, PostgreSQL, e2e, build	Install Playwright browser	2026-10-06T03:38:29.8998615Z Setting up glib-networking:amd64 (2.80.0-1build1) ...
typecheck, test, PostgreSQL, e2e, build	Install Playwright browser	2026-10-06T03:38:29.9036076Z Setting up libsoup-3.0-0:amd64 (3.4.4-5ubuntu0.8) ...
typecheck, test, PostgreSQL, e2e, build	Install Playwright browser	2026-10-06T03:38:29.9069689Z Setting up libgssdp-1.6-0:amd64 (1.6.3-1build3) ...
typecheck, test, PostgreSQL, e2e, build	Install Playwright browser	2026-10-06T03:38:29.9145301Z Setting up gstreamer1.0-plugins-good:amd64 (1.24.2-1ubuntu1.8) ...
typecheck, test, PostgreSQL, e2e, build	Install Playwright browser	2026-10-06T03:38:29.9172916Z Setting up libgupnp-1.6-0:amd64 (1.6.6-1build3) ...
typecheck, test, PostgreSQL, e2e, build	Install Playwright browser	2026-10-06T03:38:29.9238239Z Setting up libgupnp-igd-1.6-0:amd64 (1.6.0-3build3) ...
typecheck, test, PostgreSQL, e2e, build	Install Playwright browser	2026-10-06T03:38:29.9277893Z Setting up libnice10:amd64 (0.1.21-2build3) ...
typecheck, test, PostgreSQL, e2e, build	Install Playwright browser	2026-10-06T03:38:29.9326479Z Setting up libgstreamer-plugins-bad1.0-0:amd64 (1.24.2-1ubuntu4) ...
typecheck, test, PostgreSQL, e2e, build	Install Playwright browser	2026-10-06T03:38:29.9375541Z Setting up gstreamer1.0-plugins-bad:amd64 (1.24.2-1ubuntu4) ...
typecheck, test, PostgreSQL, e2e, build	Install Playwright browser	2026-10-06T03:38:29.9399518Z Processing triggers for libc-bin (2.39-0ubuntu8.9) ...
typecheck, test, PostgreSQL, e2e, build	Install Playwright browser	2026-10-06T03:38:30.6520454Z 
typecheck, test, PostgreSQL, e2e, build	Install Playwright browser	2026-10-06T03:38:30.6521082Z Running kernel seems to be up-to-date.
typecheck, test, PostgreSQL, e2e, build	Install Playwright browser	2026-10-06T03:38:30.6521448Z 
typecheck, test, PostgreSQL, e2e, build	Install Playwright browser	2026-10-06T03:38:30.6521715Z No services need to be restarted.
typecheck, test, PostgreSQL, e2e, build	Install Playwright browser	2026-10-06T03:38:30.6522029Z 
typecheck, test, PostgreSQL, e2e, build	Install Playwright browser	2026-10-06T03:38:30.6522293Z No containers need to be restarted.
typecheck, test, PostgreSQL, e2e, build	Install Playwright browser	2026-10-06T03:38:30.6522610Z 
typecheck, test, PostgreSQL, e2e, build	Install Playwright browser	2026-10-06T03:38:30.6522928Z No user sessions are running outdated binaries.
typecheck, test, PostgreSQL, e2e, build	Install Playwright browser	2026-10-06T03:38:30.6523337Z 
typecheck, test, PostgreSQL, e2e, build	Install Playwright browser	2026-10-06T03:38:30.6523801Z No VM guests are running outdated hypervisor (qemu) binaries on this host.
typecheck, test, PostgreSQL, e2e, build	Install Playwright browser	2026-10-06T03:38:31.4679771Z Downloading Chrome for Testing 149.0.7827.55 (playwright chromium v1228) from https://cdn.playwright.dev/builds/cft/149.0.7827.55/linux64/chrome-linux64.zip
typecheck, test, PostgreSQL, e2e, build	Install Playwright browser	2026-10-06T03:38:32.4794593Z |                                                                                |   0% of 177 MiB
typecheck, test, PostgreSQL, e2e, build	Install Playwright browser	2026-10-06T03:38:32.6579218Z |■■■■■■■■                                                                        |  10% of 177 MiB
typecheck, test, PostgreSQL, e2e, build	Install Playwright browser	2026-10-06T03:38:32.7508976Z |■■■■■■■■■■■■■■■■                                                                |  20% of 177 MiB
typecheck, test, PostgreSQL, e2e, build	Install Playwright browser	2026-10-06T03:38:32.8187439Z |■■■■■■■■■■■■■■■■■■■■■■■■                                                        |  30% of 177 MiB
typecheck, test, PostgreSQL, e2e, build	Install Playwright browser	2026-10-06T03:38:32.8944906Z |■■■■■■■■■■■■■■■■■■■■■■■■■■■■■■■■                                                |  40% of 177 MiB
typecheck, test, PostgreSQL, e2e, build	Install Playwright browser	2026-10-06T03:38:32.9705425Z |■■■■■■■■■■■■■■■■■■■■■■■■■■■■■■■■■■■■■■■■                                        |  50% of 177 MiB
typecheck, test, PostgreSQL, e2e, build	Install Playwright browser	2026-10-06T03:38:33.0352281Z |■■■■■■■■■■■■■■■■■■■■■■■■■■■■■■■■■■■■■■■■■■■■■■■■                                |  60% of 177 MiB
typecheck, test, PostgreSQL, e2e, build	Install Playwright browser	2026-10-06T03:38:33.1027499Z |■■■■■■■■■■■■■■■■■■■■■■■■■■■■■■■■■■■■■■■■■■■■■■■■■■■■■■■■                        |  70% of 177 MiB
typecheck, test, PostgreSQL, e2e, build	Install Playwright browser	2026-10-06T03:38:33.1685924Z |■■■■■■■■■■■■■■■■■■■■■■■■■■■■■■■■■■■■■■■■■■■■■■■■■■■■■■■■■■■■■■■■                |  80% of 177 MiB
typecheck, test, PostgreSQL, e2e, build	Install Playwright browser	2026-10-06T03:38:33.2394132Z |■■■■■■■■■■■■■■■■■■■■■■■■■■■■■■■■■■■■■■■■■■■■■■■■■■■■■■■■■■■■■■■■■■■■■■■■        |  90% of 177 MiB
typecheck, test, PostgreSQL, e2e, build	Install Playwright browser	2026-10-06T03:38:33.3033264Z |■■■■■■■■■■■■■■■■■■■■■■■■■■■■■■■■■■■■■■■■■■■■■■■■■■■■■■■■■■■■■■■■■■■■■■■■■■■■■■■■| 100% of 177 MiB
typecheck, test, PostgreSQL, e2e, build	Install Playwright browser	2026-10-06T03:38:36.0158587Z Chrome for Testing 149.0.7827.55 (playwright chromium v1228) downloaded to /home/runner/.cache/ms-playwright/chromium-1228
typecheck, test, PostgreSQL, e2e, build	Install Playwright browser	2026-10-06T03:38:36.0161975Z Downloading FFmpeg (playwright ffmpeg v1011) from https://cdn.playwright.dev/dbazure/download/playwright/builds/ffmpeg/1011/ffmpeg-linux.zip
typecheck, test, PostgreSQL, e2e, build	Install Playwright browser	2026-10-06T03:38:36.9894071Z |                                                                                |   0% of 2.3 MiB
typecheck, test, PostgreSQL, e2e, build	Install Playwright browser	2026-10-06T03:38:37.0031563Z |■■■■■■■■                                                                        |  10% of 2.3 MiB
typecheck, test, PostgreSQL, e2e, build	Install Playwright browser	2026-10-06T03:38:37.0107639Z |■■■■■■■■■■■■■■■■                                                                |  20% of 2.3 MiB
typecheck, test, PostgreSQL, e2e, build	Install Playwright browser	2026-10-06T03:38:37.0148722Z |■■■■■■■■■■■■■■■■■■■■■■■■                                                        |  30% of 2.3 MiB
typecheck, test, PostgreSQL, e2e, build	Install Playwright browser	2026-10-06T03:38:37.0196083Z |■■■■■■■■■■■■■■■■■■■■■■■■■■■■■■■■                                                |  40% of 2.3 MiB
typecheck, test, PostgreSQL, e2e, build	Install Playwright browser	2026-10-06T03:38:37.0215466Z |■■■■■■■■■■■■■■■■■■■■■■■■■■■■■■■■■■■■■■■■                                        |  50% of 2.3 MiB
typecheck, test, PostgreSQL, e2e, build	Install Playwright browser	2026-10-06T03:38:37.0244161Z |■■■■■■■■■■■■■■■■■■■■■■■■■■■■■■■■■■■■■■■■■■■■■■■■                                |  60% of 2.3 MiB
typecheck, test, PostgreSQL, e2e, build	Install Playwright browser	2026-10-06T03:38:37.0262932Z |■■■■■■■■■■■■■■■■■■■■■■■■■■■■■■■■■■■■■■■■■■■■■■■■■■■■■■■■                        |  70% of 2.3 MiB
typecheck, test, PostgreSQL, e2e, build	Install Playwright browser	2026-10-06T03:38:37.0296360Z |■■■■■■■■■■■■■■■■■■■■■■■■■■■■■■■■■■■■■■■■■■■■■■■■■■■■■■■■■■■■■■■■                |  80% of 2.3 MiB
typecheck, test, PostgreSQL, e2e, build	Install Playwright browser	2026-10-06T03:38:37.0307992Z |■■■■■■■■■■■■■■■■■■■■■■■■■■■■■■■■■■■■■■■■■■■■■■■■■■■■■■■■■■■■■■■■■■■■■■■■        |  90% of 2.3 MiB
typecheck, test, PostgreSQL, e2e, build	Install Playwright browser	2026-10-06T03:38:37.0319629Z |■■■■■■■■■■■■■■■■■■■■■■■■■■■■■■■■■■■■■■■■■■■■■■■■■■■■■■■■■■■■■■■■■■■■■■■■■■■■■■■■| 100% of 2.3 MiB
typecheck, test, PostgreSQL, e2e, build	Install Playwright browser	2026-10-06T03:38:37.0932966Z FFmpeg (playwright ffmpeg v1011) downloaded to /home/runner/.cache/ms-playwright/ffmpeg-1011
typecheck, test, PostgreSQL, e2e, build	Install Playwright browser	2026-10-06T03:38:37.0936709Z Downloading Chrome Headless Shell 149.0.7827.55 (playwright chromium-headless-shell v1228) from https://cdn.playwright.dev/builds/cft/149.0.7827.55/linux64/chrome-headless-shell-linux64.zip
typecheck, test, PostgreSQL, e2e, build	Install Playwright browser	2026-10-06T03:38:38.0908718Z |                                                                                |   0% of 114.2 MiB
typecheck, test, PostgreSQL, e2e, build	Install Playwright browser	2026-10-06T03:38:38.2152307Z |■■■■■■■■                                                                        |  10% of 114.2 MiB
typecheck, test, PostgreSQL, e2e, build	Install Playwright browser	2026-10-06T03:38:38.2799181Z |■■■■■■■■■■■■■■■■                                                                |  20% of 114.2 MiB
typecheck, test, PostgreSQL, e2e, build	Install Playwright browser	2026-10-06T03:38:38.3361525Z |■■■■■■■■■■■■■■■■■■■■■■■■                                                        |  30% of 114.2 MiB
typecheck, test, PostgreSQL, e2e, build	Install Playwright browser	2026-10-06T03:38:38.3897704Z |■■■■■■■■■■■■■■■■■■■■■■■■■■■■■■■■                                                |  40% of 114.2 MiB
typecheck, test, PostgreSQL, e2e, build	Install Playwright browser	2026-10-06T03:38:38.4308188Z |■■■■■■■■■■■■■■■■■■■■■■■■■■■■■■■■■■■■■■■■                                        |  50% of 114.2 MiB
typecheck, test, PostgreSQL, e2e, build	Install Playwright browser	2026-10-06T03:38:38.4712096Z |■■■■■■■■■■■■■■■■■■■■■■■■■■■■■■■■■■■■■■■■■■■■■■■■                                |  60% of 114.2 MiB
typecheck, test, PostgreSQL, e2e, build	Install Playwright browser	2026-10-06T03:38:38.5123304Z |■■■■■■■■■■■■■■■■■■■■■■■■■■■■■■■■■■■■■■■■■■■■■■■■■■■■■■■■                        |  70% of 114.2 MiB
typecheck, test, PostgreSQL, e2e, build	Install Playwright browser	2026-10-06T03:38:38.5536606Z |■■■■■■■■■■■■■■■■■■■■■■■■■■■■■■■■■■■■■■■■■■■■■■■■■■■■■■■■■■■■■■■■                |  80% of 114.2 MiB
typecheck, test, PostgreSQL, e2e, build	Install Playwright browser	2026-10-06T03:38:38.5958773Z |■■■■■■■■■■■■■■■■■■■■■■■■■■■■■■■■■■■■■■■■■■■■■■■■■■■■■■■■■■■■■■■■■■■■■■■■        |  90% of 114.2 MiB
typecheck, test, PostgreSQL, e2e, build	Install Playwright browser	2026-10-06T03:38:38.6437135Z |■■■■■■■■■■■■■■■■■■■■■■■■■■■■■■■■■■■■■■■■■■■■■■■■■■■■■■■■■■■■■■■■■■■■■■■■■■■■■■■■| 100% of 114.2 MiB
typecheck, test, PostgreSQL, e2e, build	Install Playwright browser	2026-10-06T03:38:40.6371810Z Chrome Headless Shell 149.0.7827.55 (playwright chromium-headless-shell v1228) downloaded to /home/runner/.cache/ms-playwright/chromium_headless_shell-1228
typecheck, test, PostgreSQL, e2e, build	Install Playwright browser	2026-10-06T03:38:40.6374523Z Downloading WebKit 26.5 (playwright webkit v2311) from https://cdn.playwright.dev/dbazure/download/playwright/builds/webkit/2311/webkit-ubuntu-24.04.zip
typecheck, test, PostgreSQL, e2e, build	Install Playwright browser	2026-10-06T03:38:41.6279076Z |                                                                                |   0% of 100.9 MiB
typecheck, test, PostgreSQL, e2e, build	Install Playwright browser	2026-10-06T03:38:41.7273607Z |■■■■■■■■                                                                        |  10% of 100.9 MiB
typecheck, test, PostgreSQL, e2e, build	Install Playwright browser	2026-10-06T03:38:41.7892579Z |■■■■■■■■■■■■■■■■                                                                |  20% of 100.9 MiB
typecheck, test, PostgreSQL, e2e, build	Install Playwright browser	2026-10-06T03:38:41.8338508Z |■■■■■■■■■■■■■■■■■■■■■■■■                                                        |  30% of 100.9 MiB
typecheck, test, PostgreSQL, e2e, build	Install Playwright browser	2026-10-06T03:38:41.8891187Z |■■■■■■■■■■■■■■■■■■■■■■■■■■■■■■■■                                                |  40% of 100.9 MiB
typecheck, test, PostgreSQL, e2e, build	Install Playwright browser	2026-10-06T03:38:41.9483092Z |■■■■■■■■■■■■■■■■■■■■■■■■■■■■■■■■■■■■■■■■                                        |  50% of 100.9 MiB
typecheck, test, PostgreSQL, e2e, build	Install Playwright browser	2026-10-06T03:38:42.0187071Z |■■■■■■■■■■■■■■■■■■■■■■■■■■■■■■■■■■■■■■■■■■■■■■■■                                |  60% of 100.9 MiB
typecheck, test, PostgreSQL, e2e, build	Install Playwright browser	2026-10-06T03:38:42.0678656Z |■■■■■■■■■■■■■■■■■■■■■■■■■■■■■■■■■■■■■■■■■■■■■■■■■■■■■■■■                        |  70% of 100.9 MiB
typecheck, test, PostgreSQL, e2e, build	Install Playwright browser	2026-10-06T03:38:42.1278195Z |■■■■■■■■■■■■■■■■■■■■■■■■■■■■■■■■■■■■■■■■■■■■■■■■■■■■■■■■■■■■■■■■                |  80% of 100.9 MiB
typecheck, test, PostgreSQL, e2e, build	Install Playwright browser	2026-10-06T03:38:42.1848245Z |■■■■■■■■■■■■■■■■■■■■■■■■■■■■■■■■■■■■■■■■■■■■■■■■■■■■■■■■■■■■■■■■■■■■■■■■        |  90% of 100.9 MiB
typecheck, test, PostgreSQL, e2e, build	Install Playwright browser	2026-10-06T03:38:42.2416917Z |■■■■■■■■■■■■■■■■■■■■■■■■■■■■■■■■■■■■■■■■■■■■■■■■■■■■■■■■■■■■■■■■■■■■■■■■■■■■■■■■| 100% of 100.9 MiB
typecheck, test, PostgreSQL, e2e, build	Install Playwright browser	2026-10-06T03:38:44.0156978Z WebKit 26.5 (playwright webkit v2311) downloaded to /home/runner/.cache/ms-playwright/webkit-2311
typecheck, test, PostgreSQL, e2e, build	E2E tests	﻿2026-10-06T03:38:44.2738378Z ##[group]Run pnpm test:e2e
typecheck, test, PostgreSQL, e2e, build	E2E tests	2026-10-06T03:38:44.2738731Z ^[[36;1mpnpm test:e2e^[[0m
typecheck, test, PostgreSQL, e2e, build	E2E tests	2026-10-06T03:38:44.2802177Z shell: /usr/bin/bash -e {0}
typecheck, test, PostgreSQL, e2e, build	E2E tests	2026-10-06T03:38:44.2802487Z env:
typecheck, test, PostgreSQL, e2e, build	E2E tests	2026-10-06T03:38:44.2802784Z   PNPM_HOME: /home/runner/setup-pnpm/node_modules/.bin
typecheck, test, PostgreSQL, e2e, build	E2E tests	2026-10-06T03:38:44.2803173Z   P1B_MEASURE_STAGE: after
typecheck, test, PostgreSQL, e2e, build	E2E tests	2026-10-06T03:38:44.2803445Z ##[endgroup]
typecheck, test, PostgreSQL, e2e, build	E2E tests	2026-10-06T03:38:44.6859294Z $ playwright test
typecheck, test, PostgreSQL, e2e, build	E2E tests	2026-10-06T03:38:51.6291852Z 
typecheck, test, PostgreSQL, e2e, build	E2E tests	2026-10-06T03:38:51.6292656Z Running 796 tests using 4 workers
typecheck, test, PostgreSQL, e2e, build	E2E tests	2026-10-06T03:38:51.6327672Z 
typecheck, test, PostgreSQL, e2e, build	E2E tests	2026-10-06T03:38:52.4487666Z [1/796] [chromium-iphone] › tests/p1-c-navigation.spec.ts:15:5 › 01 normal launch replaces current URL with explicit canonical Ledger
typecheck, test, PostgreSQL, e2e, build	E2E tests	2026-10-06T03:38:52.4827871Z [2/796] [chromium-iphone] › tests/p2-b-identity.spec.ts:22:5 › name is the single Home identity; switch A B A reuses canonical scope
typecheck, test, PostgreSQL, e2e, build	E2E tests	2026-10-06T03:38:52.5457676Z [3/796] [chromium-iphone] › tests/p1-b-entry.spec.ts:25:5 › normal create commits row, balance and next payer together without a bootstrap refresh
typecheck, test, PostgreSQL, e2e, build	E2E tests	2026-10-06T03:38:52.5474728Z [4/796] [chromium-iphone] › tests/p2-a-entry.spec.ts:55:35 › command body matches P1-B and kernel: default-simple-1-1
typecheck, test, PostgreSQL, e2e, build	E2E tests	2026-10-06T03:38:56.9236139Z [5/796] [chromium-iphone] › tests/p1-c-navigation.spec.ts:16:5 › 02 explicit B deep link reads only B
typecheck, test, PostgreSQL, e2e, build	E2E tests	2026-10-06T03:38:59.0104554Z [6/796] [chromium-iphone] › tests/p2-a-entry.spec.ts:55:35 › command body matches P1-B and kernel: non-50-50-second-member-partner-2-1
typecheck, test, PostgreSQL, e2e, build	E2E tests	2026-10-06T03:38:59.6047759Z [7/796] [chromium-iphone] › tests/p2-b-identity.spec.ts:52:5 › deep-link viewed B and LINE default A remain distinct and selected is announced
typecheck, test, PostgreSQL, e2e, build	E2E tests	2026-10-06T03:38:59.7204548Z [8/796] [chromium-iphone] › tests/p1-b-entry.spec.ts:39:5 › double tap owns one operation and guards switching while submitting
typecheck, test, PostgreSQL, e2e, build	E2E tests	2026-10-06T03:39:01.4578897Z [9/796] [chromium-iphone] › tests/p1-c-navigation.spec.ts:17:130 › 03 nonexistent explicit target offers bounded recovery
typecheck, test, PostgreSQL, e2e, build	E2E tests	2026-10-06T03:39:03.5940070Z [10/796] [chromium-iphone] › tests/p2-b-identity.spec.ts:65:5 › activation syncing and failure stay bounded while B remains readable
typecheck, test, PostgreSQL, e2e, build	E2E tests	2026-10-06T03:39:04.4117494Z [11/796] [chromium-iphone] › tests/p1-c-navigation.spec.ts:17:130 › 04 unauthorized explicit target offers bounded recovery
typecheck, test, PostgreSQL, e2e, build	E2E tests	2026-10-06T03:39:04.5407528Z [12/796] [chromium-iphone] › tests/p2-a-entry.spec.ts:55:35 › command body matches P1-B and kernel: both-payers-second-member-0-1
typecheck, test, PostgreSQL, e2e, build	E2E tests	2026-10-06T03:39:04.9187113Z [13/796] [chromium-iphone] › tests/p1-b-entry.spec.ts:54:5 › commit then dropped response reloads UNKNOWN and explicit replay returns original result with identical body/key
typecheck, test, PostgreSQL, e2e, build	E2E tests	2026-10-06T03:39:08.0980753Z [14/796] [chromium-iphone] › tests/p1-c-navigation.spec.ts:18:5 › 05 invalid explicit B never paints A content
typecheck, test, PostgreSQL, e2e, build	E2E tests	2026-10-06T03:39:08.1375612Z [15/796] [chromium-iphone] › tests/p2-b-identity.spec.ts:87:39 › 40 character identities stay complete and wrap at 100% text
typecheck, test, PostgreSQL, e2e, build	E2E tests	2026-10-06T03:39:10.4437428Z [16/796] [chromium-iphone] › tests/p1-c-navigation.spec.ts:19:5 › 06 transaction with correct Ledger reconstructs and focuses detail
typecheck, test, PostgreSQL, e2e, build	E2E tests	2026-10-06T03:39:10.4667447Z [17/796] [chromium-iphone] › tests/p2-a-entry.spec.ts:55:35 › command body matches P1-B and kernel: equal-second-member
typecheck, test, PostgreSQL, e2e, build	E2E tests	2026-10-06T03:39:12.0877901Z [18/796] [chromium-iphone] › tests/p1-b-entry.spec.ts:72:5 › compatible partial commit plus GET 500 stays COMMITTED, including reload and read-only retry
typecheck, test, PostgreSQL, e2e, build	E2E tests	2026-10-06T03:39:13.3417598Z [19/796] [chromium-iphone] › tests/p1-c-navigation.spec.ts:20:5 › 07 transaction with wrong Ledger shows link error without guessing another Ledger
typecheck, test, PostgreSQL, e2e, build	E2E tests	2026-10-06T03:39:13.4224543Z [20/796] [chromium-iphone] › tests/p2-b-identity.spec.ts:87:39 › 40 character identities stay complete and wrap at 200% text
typecheck, test, PostgreSQL, e2e, build	E2E tests	2026-10-06T03:39:15.9797651Z [21/796] [chromium-iphone] › tests/p2-a-entry.spec.ts:55:35 › command body matches P1-B and kernel: percentage-fractional
typecheck, test, PostgreSQL, e2e, build	E2E tests	2026-10-06T03:39:16.0323185Z [22/796] [chromium-iphone] › tests/p1-c-navigation.spec.ts:21:5 › 08 transaction without Ledger does not scan for ownership
typecheck, test, PostgreSQL, e2e, build	E2E tests	2026-10-06T03:39:17.4086990Z [23/796] [chromium-iphone] › tests/p1-b-entry.spec.ts:83:63 › malformed 2xx cannot claim success
typecheck, test, PostgreSQL, e2e, build	E2E tests	2026-10-06T03:39:18.5357645Z [24/796] [chromium-iphone] › tests/p1-c-navigation.spec.ts:22:5 › 09 app row pushes detail and Back restores row focus
typecheck, test, PostgreSQL, e2e, build	E2E tests	2026-10-06T03:39:20.4318114Z [25/796] [chromium-iphone] › tests/p2-b-identity.spec.ts:115:5 › 40 unbroken Latin characters wrap without horizontal scroll at 200%
typecheck, test, PostgreSQL, e2e, build	E2E tests	2026-10-06T03:39:20.4910962Z [26/796] [chromium-iphone] › tests/p1-b-entry.spec.ts:83:63 › wrong-scope 2xx cannot claim success
typecheck, test, PostgreSQL, e2e, build	E2E tests	2026-10-06T03:39:22.2707048Z [27/796] [chromium-iphone] › tests/p2-a-entry.spec.ts:55:35 › command body matches P1-B and kernel: exact-partner-payer
typecheck, test, PostgreSQL, e2e, build	E2E tests	2026-10-06T03:39:22.3638232Z [28/796] [chromium-iphone] › tests/p1-c-navigation.spec.ts:23:5 › 10 direct detail visible Back replaces to Home without leaving product
typecheck, test, PostgreSQL, e2e, build	E2E tests	2026-10-06T03:39:24.1607814Z [29/796] [chromium-iphone] › tests/p1-b-entry.spec.ts:89:5 › storage unavailable or incorrect read-back prevents POST and keeps editing
typecheck, test, PostgreSQL, e2e, build	E2E tests	2026-10-06T03:39:25.0163537Z [30/796] [chromium-iphone] › tests/p2-b-identity.spec.ts:125:5 › keyboard enters titled dialog, moves options without writes, selects and returns focus
typecheck, test, PostgreSQL, e2e, build	E2E tests	2026-10-06T03:39:26.0764059Z [31/796] [chromium-iphone] › tests/p1-c-navigation.spec.ts:24:5 › 11 reload detail preserves URL and drops stale app origin
typecheck, test, PostgreSQL, e2e, build	E2E tests	2026-10-06T03:39:27.8929562Z [32/796] [chromium-iphone] › tests/p1-b-entry.spec.ts:98:5 › recovery identity mismatch reveals no stored financial content and cannot replay
typecheck, test, PostgreSQL, e2e, build	E2E tests	2026-10-06T03:39:27.9699774Z [33/796] [chromium-iphone] › tests/p2-a-entry.spec.ts:55:35 › command body matches P1-B and kernel: income-both
typecheck, test, PostgreSQL, e2e, build	E2E tests	2026-10-06T03:39:29.8437570Z [34/796] [chromium-iphone] › tests/p2-b-identity.spec.ts:148:5 › create cancel returns to the same switcher and never changes scope or history
typecheck, test, PostgreSQL, e2e, build	E2E tests	2026-10-06T03:39:31.0504131Z [35/796] [chromium-iphone] › tests/p1-c-navigation.spec.ts:25:95 › 12 收支概況 push reload deterministic Back
typecheck, test, PostgreSQL, e2e, build	E2E tests	2026-10-06T03:39:33.7081805Z [36/796] [chromium-iphone] › tests/p1-b-entry.spec.ts:108:5 › recovery couple mismatch cannot hydrate even when actor and ledger IDs match
typecheck, test, PostgreSQL, e2e, build	E2E tests	2026-10-06T03:39:34.0361151Z [37/796] [chromium-iphone] › tests/p2-a-entry.spec.ts:55:35 › command body matches P1-B and kernel: transfer-partner-direction
typecheck, test, PostgreSQL, e2e, build	E2E tests	2026-10-06T03:39:34.2757910Z [38/796] [chromium-iphone] › tests/p2-b-identity.spec.ts:168:40 › create success accepts new name and scope from switcher
typecheck, test, PostgreSQL, e2e, build	E2E tests	2026-10-06T03:39:36.7487942Z [39/796] [chromium-iphone] › tests/p1-c-navigation.spec.ts:25:95 › 13 帳本設定 push reload deterministic Back
typecheck, test, PostgreSQL, e2e, build	E2E tests	2026-10-06T03:39:38.8807161Z [40/796] [chromium-iphone] › tests/p2-b-identity.spec.ts:168:40 › create success accepts new name and scope from empty list
typecheck, test, PostgreSQL, e2e, build	E2E tests	2026-10-06T03:39:38.9409061Z [41/796] [chromium-iphone] › tests/p1-b-entry.spec.ts:115:5 › Ledger A recovery takes priority over URL B without activating or moving a write to B
typecheck, test, PostgreSQL, e2e, build	E2E tests	2026-10-06T03:39:39.8947820Z [42/796] [chromium-iphone] › tests/p2-a-entry.spec.ts:82:5 › one host, cancel preserves draft, Apply only edits draft and returns focus
typecheck, test, PostgreSQL, e2e, build	E2E tests	2026-10-06T03:39:42.2256618Z [43/796] [chromium-iphone] › tests/p1-c-navigation.spec.ts:26:5 › 14 recurring URL reconstructs secondary surface
typecheck, test, PostgreSQL, e2e, build	E2E tests	2026-10-06T03:39:43.1990104Z [44/796] [chromium-iphone] › tests/p2-b-identity.spec.ts:189:5 › empty list cancel returns to one clear create entry
typecheck, test, PostgreSQL, e2e, build	E2E tests	2026-10-06T03:39:45.2316987Z [45/796] [chromium-iphone] › tests/p1-c-navigation.spec.ts:27:5 › 15 Search pushes URL and Back returns Home
typecheck, test, PostgreSQL, e2e, build	E2E tests	2026-10-06T03:39:45.3239784Z [46/796] [chromium-iphone] › tests/p1-b-entry.spec.ts:129:5 › unknown followed by 401 remains unknown with original operation
typecheck, test, PostgreSQL, e2e, build	E2E tests	2026-10-06T03:39:45.7703813Z [47/796] [chromium-iphone] › tests/p2-a-entry.spec.ts:102:5 › both payments and exact shares retain explicit amounts after total changes
typecheck, test, PostgreSQL, e2e, build	E2E tests	2026-10-06T03:39:46.3528772Z [48/796] [chromium-iphone] › tests/p2-b-identity.spec.ts:206:5 › archived-only list has no broken identity trigger
typecheck, test, PostgreSQL, e2e, build	E2E tests	2026-10-06T03:39:48.5327349Z [49/796] [chromium-iphone] › tests/p2-b-identity.spec.ts:214:5 › create rejection preserves name and scope; cancelled retry writes nothing
typecheck, test, PostgreSQL, e2e, build	E2E tests	2026-10-06T03:39:48.7417728Z [50/796] [chromium-iphone] › tests/p1-b-entry.spec.ts:138:5 › authorized A recovery remains available when the linked Ledger no longer exists
typecheck, test, PostgreSQL, e2e, build	E2E tests	2026-10-06T03:39:49.4200997Z [51/796] [chromium-iphone] › tests/p1-c-navigation.spec.ts:28:5 › 16 manual A to B replaces Home and focuses accepted Ledger
typecheck, test, PostgreSQL, e2e, build	E2E tests	2026-10-06T03:39:53.0195007Z [52/796] [chromium-iphone] › tests/p2-b-identity.spec.ts:227:5 › create is single flight and keeps its only dialog until response
typecheck, test, PostgreSQL, e2e, build	E2E tests	2026-10-06T03:39:53.0407385Z [53/796] [chromium-iphone] › tests/p2-a-entry.spec.ts:119:5 › IME, Enter, disabled reasons, inline association and first-invalid focus
typecheck, test, PostgreSQL, e2e, build	E2E tests	2026-10-06T03:39:53.3507863Z [54/796] [chromium-iphone] › tests/p1-c-navigation.spec.ts:29:5 › 17 A to B to A is generation safe for queued preference
typecheck, test, PostgreSQL, e2e, build	E2E tests	2026-10-06T03:39:54.0400889Z [55/796] [chromium-iphone] › tests/p1-b-entry.spec.ts:151:5 › an actor change in the existing document is detected before replay POST
typecheck, test, PostgreSQL, e2e, build	E2E tests	2026-10-06T03:39:56.7848034Z [56/796] [chromium-iphone] › tests/p2-c-timeline.spec.ts:59:5 › 01–05 20+20 client window preserves identity and single date headings across 20/21 and 40/41
typecheck, test, PostgreSQL, e2e, build	E2E tests	2026-10-06T03:39:57.3313171Z [57/796] [chromium-iphone] › tests/p1-c-navigation.spec.ts:30:77 › 18 late A bootstrap success cannot update B
typecheck, test, PostgreSQL, e2e, build	E2E tests	2026-10-06T03:39:57.6514177Z [58/796] [chromium-iphone] › tests/p1-b-entry.spec.ts:160:5 › a new authorization failure hides cached financial content without discarding commit proof
typecheck, test, PostgreSQL, e2e, build	E2E tests	2026-10-06T03:39:58.5256814Z [59/796] [chromium-iphone] › tests/p2-a-entry.spec.ts:141:5 › incomplete percentages do not pretend to be equal and default snapshot stays frozen
typecheck, test, PostgreSQL, e2e, build	E2E tests	2026-10-06T03:40:00.5594279Z [60/796] [chromium-iphone] › tests/p1-b-entry.spec.ts:171:5 › timeout after dispatch becomes unknown and preserves the exact recovery operation
typecheck, test, PostgreSQL, e2e, build	E2E tests	2026-10-06T03:40:01.0288420Z [61/796] [chromium-iphone] › tests/p1-c-navigation.spec.ts:30:77 › 19 late A bootstrap failure cannot update B
typecheck, test, PostgreSQL, e2e, build	E2E tests	2026-10-06T03:40:03.6867161Z [62/796] [chromium-iphone] › tests/p1-b-entry.spec.ts:181:5 › correction drop-response reload replay retains original replacement and expected version
typecheck, test, PostgreSQL, e2e, build	E2E tests	2026-10-06T03:40:04.4463221Z [63/796] [chromium-iphone] › tests/p2-a-entry.spec.ts:154:68 › correction hydrates actual stored expense with historical exact shares
typecheck, test, PostgreSQL, e2e, build	E2E tests	2026-10-06T03:40:04.8307650Z [64/796] [chromium-iphone] › tests/p1-c-navigation.spec.ts:31:5 › 20 activation failure keeps B readable and retry touches preference only
typecheck, test, PostgreSQL, e2e, build	E2E tests	2026-10-06T03:40:06.6568168Z [65/796] [chromium-iphone] › tests/p2-c-timeline.spec.ts:82:5 › 06 today yesterday cross-year and future use occurrence date under Taipei semantics
typecheck, test, PostgreSQL, e2e, build	E2E tests	2026-10-06T03:40:09.6127917Z [66/796] [chromium-iphone] › tests/p2-a-entry.spec.ts:154:68 › correction hydrates actual stored income with historical exact shares
typecheck, test, PostgreSQL, e2e, build	E2E tests	2026-10-06T03:40:09.8382481Z [67/796] [chromium-iphone] › tests/p1-c-navigation.spec.ts:32:5 › 21 deep link B has NOT-SENT activate evidence
typecheck, test, PostgreSQL, e2e, build	E2E tests	2026-10-06T03:40:10.1807176Z [68/796] [chromium-iphone] › tests/p1-b-entry.spec.ts:192:5 › first rejection preserves editable draft and unchanged retry reuses the key
typecheck, test, PostgreSQL, e2e, build	E2E tests	2026-10-06T03:40:12.8074404Z [69/796] [chromium-iphone] › tests/p1-c-navigation.spec.ts:33:5 › 22 explicit Switcher B sends preference activation once
typecheck, test, PostgreSQL, e2e, build	E2E tests	2026-10-06T03:40:13.5855679Z [70/796] [chromium-iphone] › tests/p2-c-timeline.spec.ts:91:5 › 07 long purpose stays bounded on row and appears in full with long note in Detail
typecheck, test, PostgreSQL, e2e, build	E2E tests	2026-10-06T03:40:13.8808197Z [71/796] [chromium-iphone] › tests/p1-b-entry.spec.ts:201:5 › one create/correction draft requires explicit keep or discard
typecheck, test, PostgreSQL, e2e, build	E2E tests	2026-10-06T03:40:14.4221503Z [72/796] [chromium-iphone] › tests/p2-a-entry.spec.ts:154:68 › correction hydrates actual stored transfer with historical exact shares
typecheck, test, PostgreSQL, e2e, build	E2E tests	2026-10-06T03:40:16.2410002Z [73/796] [chromium-iphone] › tests/p1-c-navigation.spec.ts:34:5 › 23 initial draft switches without confirmation and receives fresh defaults
typecheck, test, PostgreSQL, e2e, build	E2E tests	2026-10-06T03:40:18.5651667Z [74/796] [chromium-iphone] › tests/p1-b-entry.spec.ts:213:5 › creating a Ledger after discarding A opens a usable draft in the new Ledger
typecheck, test, PostgreSQL, e2e, build	E2E tests	2026-10-06T03:40:19.2804556Z [75/796] [chromium-iphone] › tests/p2-a-entry.spec.ts:172:5 › More retains non-default values and 200% text remains reachable without overflow
typecheck, test, PostgreSQL, e2e, build	E2E tests	2026-10-06T03:40:19.3811588Z [76/796] [chromium-iphone] › tests/p2-c-timeline.spec.ts:100:5 › 08 huge canonical TWD remains exact and readable at 200% text
typecheck, test, PostgreSQL, e2e, build	E2E tests	2026-10-06T03:40:19.4046738Z [77/796] [chromium-iphone] › tests/p1-c-navigation.spec.ts:35:5 › 24 amount-only dirty cancel preserves value focus URL and NOT-SENT activation
typecheck, test, PostgreSQL, e2e, build	E2E tests	2026-10-06T03:40:23.0947435Z [78/796] [chromium-iphone] › tests/p1-b-entry.spec.ts:238:45 › correction success preserves commit when refresh succeeds
typecheck, test, PostgreSQL, e2e, build	E2E tests	2026-10-06T03:40:23.6030541Z [79/796] [chromium-iphone] › tests/p1-c-navigation.spec.ts:36:5 › 25 amount-only discard accepts B exactly once
typecheck, test, PostgreSQL, e2e, build	E2E tests	2026-10-06T03:40:26.0339742Z [80/796] [chromium-iphone] › tests/p2-a-entry.spec.ts:186:5 › switching both to transfer requires an explicit sender and never dispatches a guessed direction
typecheck, test, PostgreSQL, e2e, build	E2E tests	2026-10-06T03:40:27.4173642Z [81/796] [chromium-iphone] › tests/p1-c-navigation.spec.ts:37:5 › 26 description dirty is guarded and semantic reversion becomes clean
typecheck, test, PostgreSQL, e2e, build	E2E tests	2026-10-06T03:40:30.2439073Z [82/796] [chromium-iphone] › tests/p2-c-timeline.spec.ts:114:8 › 09 expense row and Detail use truthful type/payment semantics
typecheck, test, PostgreSQL, e2e, build	E2E tests	2026-10-06T03:40:30.8428261Z [83/796] [chromium-iphone] › tests/p1-b-entry.spec.ts:238:45 › correction success preserves commit when refresh fails
typecheck, test, PostgreSQL, e2e, build	E2E tests	2026-10-06T03:40:31.5675726Z [84/796] [chromium-iphone] › tests/p1-c-navigation.spec.ts:38:5 › 27 advanced-field-only note is dirty with empty amount and retains focus
typecheck, test, PostgreSQL, e2e, build	E2E tests	2026-10-06T03:40:31.7228497Z [85/796] [chromium-iphone] › tests/p2-a-entry.spec.ts:197:5 › second-member controls retain Ledger order, full kernel preview and associated incomplete errors
typecheck, test, PostgreSQL, e2e, build	E2E tests	2026-10-06T03:40:35.2997784Z [86/796] [chromium-iphone] › tests/p1-c-navigation.spec.ts:39:5 › 28 SUBMITTING blocks switch without aborting original POST
typecheck, test, PostgreSQL, e2e, build	E2E tests	2026-10-06T03:40:38.1236693Z [87/796] [chromium-iphone] › tests/p1-b-entry.spec.ts:260:5 › a stale posted receipt cannot downgrade balance/next payer or resurrect a later void
typecheck, test, PostgreSQL, e2e, build	E2E tests	2026-10-06T03:40:38.7652452Z [88/796] [chromium-iphone] › tests/p1-c-races.spec.ts:7:5 › native push and replace remain observable and preserve unrelated and Next state
typecheck, test, PostgreSQL, e2e, build	E2E tests	2026-10-06T03:40:41.1165628Z [89/796] [chromium-iphone] › tests/p2-c-timeline.spec.ts:114:8 › 10 income row and Detail use truthful type/payment semantics
typecheck, test, PostgreSQL, e2e, build	E2E tests	2026-10-06T03:40:41.2659645Z [90/796] [chromium-iphone] › tests/p1-c-navigation.spec.ts:40:76 › 29 COMMITTED with pending refresh permits switch
typecheck, test, PostgreSQL, e2e, build	E2E tests	2026-10-06T03:40:43.0948584Z [91/796] [chromium-iphone] › tests/p1-c-races.spec.ts:22:5 › LIFF redirect parameters are untouched until init resolves
typecheck, test, PostgreSQL, e2e, build	E2E tests	2026-10-06T03:40:45.0872874Z [92/796] [chromium-iphone] › tests/p1-b-entry.spec.ts:273:5 › a stale posted receipt cannot resurrect a replaced transaction
typecheck, test, PostgreSQL, e2e, build	E2E tests	2026-10-06T03:40:45.1980332Z [93/796] [chromium-iphone] › tests/p1-c-races.spec.ts:37:5 › delayed deep-link B cannot pull a subsequent manual A selection back
typecheck, test, PostgreSQL, e2e, build	E2E tests	2026-10-06T03:40:45.3491980Z [94/796] [chromium-iphone] › tests/p1-c-navigation.spec.ts:40:76 › 30 COMMITTED with failed refresh permits switch
typecheck, test, PostgreSQL, e2e, build	E2E tests	2026-10-06T03:40:46.5756382Z [95/796] [chromium-iphone] › tests/p2-c-timeline.spec.ts:114:8 › 11 transfer row and Detail use truthful type/payment semantics
typecheck, test, PostgreSQL, e2e, build	E2E tests	2026-10-06T03:40:48.8168418Z [96/796] [chromium-iphone] › tests/p1-c-races.spec.ts:46:42 › A-B-A late first A bootstrap success cannot overwrite new A
typecheck, test, PostgreSQL, e2e, build	E2E tests	2026-10-06T03:40:49.6877669Z [97/796] [chromium-iphone] › tests/p1-c-navigation.spec.ts:41:5 › 31 UNKNOWN blocks financial scope and activation is NOT-SENT
typecheck, test, PostgreSQL, e2e, build	E2E tests	2026-10-06T03:40:52.0139936Z [98/796] [chromium-iphone] › tests/p2-c-timeline.spec.ts:114:8 › 12 both-payer row and Detail use truthful type/payment semantics
typecheck, test, PostgreSQL, e2e, build	E2E tests	2026-10-06T03:40:52.3227904Z [99/796] [chromium-iphone] › tests/p1-b-entry.spec.ts:287:5 › partner login odd 681 uses kernel member order and opening defaults despite a background change
typecheck, test, PostgreSQL, e2e, build	E2E tests	2026-10-06T03:40:52.4577467Z [100/796] [chromium-iphone] › tests/p1-c-races.spec.ts:46:42 › A-B-A late first A bootstrap failure cannot overwrite new A
typecheck, test, PostgreSQL, e2e, build	E2E tests	2026-10-06T03:40:54.2806541Z [101/796] [chromium-iphone] › tests/p1-c-navigation.spec.ts:42:5 › 32 UNKNOWN replay remains bound to original Ledger body and key
typecheck, test, PostgreSQL, e2e, build	E2E tests	2026-10-06T03:40:56.4946095Z [102/796] [chromium-iphone] › tests/p1-c-races.spec.ts:61:7 › A-B-A late categories success stays in its generation
typecheck, test, PostgreSQL, e2e, build	E2E tests	2026-10-06T03:40:57.1482598Z [103/796] [chromium-iphone] › tests/p2-c-timeline.spec.ts:145:5 › 13–17 canonical Detail focuses heading, opens at top and returns scroll/focus to row beyond initial 20
typecheck, test, PostgreSQL, e2e, build	E2E tests	2026-10-06T03:40:58.1937775Z [104/796] [chromium-iphone] › tests/p1-c-navigation.spec.ts:43:5 › 33 latest pending destination wins without queued switches
typecheck, test, PostgreSQL, e2e, build	E2E tests	2026-10-06T03:40:58.2357614Z [105/796] [chromium-iphone] › tests/p1-b-entry.spec.ts:297:5 › midnight preserves the current draft date and opens the next draft with today's Taipei date
typecheck, test, PostgreSQL, e2e, build	E2E tests	2026-10-06T03:41:00.7993446Z [106/796] [chromium-iphone] › tests/p1-c-races.spec.ts:61:7 › A-B-A late categories failure stays in its generation
typecheck, test, PostgreSQL, e2e, build	E2E tests	2026-10-06T03:41:01.7423639Z [107/796] [chromium-iphone] › tests/p1-c-navigation.spec.ts:44:76 › 34 popstate dirty cancel restores truth without activation
typecheck, test, PostgreSQL, e2e, build	E2E tests	2026-10-06T03:41:01.7977772Z [108/796] [chromium-iphone] › tests/p1-b-entry.spec.ts:310:5 › recovery persistence overhead is bounded and stores only submitted operations
typecheck, test, PostgreSQL, e2e, build	E2E tests	2026-10-06T03:41:03.4768346Z [109/796] [chromium-iphone] › tests/p2-c-timeline.spec.ts:160:5 › 18–19 direct Detail and reload replace Back to scoped Home without app-origin history escape
typecheck, test, PostgreSQL, e2e, build	E2E tests	2026-10-06T03:41:04.9757411Z [110/796] [chromium-iphone] › tests/p1-c-races.spec.ts:61:7 › A-B-A late recurring success stays in its generation
typecheck, test, PostgreSQL, e2e, build	E2E tests	2026-10-06T03:41:05.4439941Z [111/796] [chromium-iphone] › tests/p1-c-navigation.spec.ts:44:76 › 35 popstate dirty accept restores truth without activation
typecheck, test, PostgreSQL, e2e, build	E2E tests	2026-10-06T03:41:06.6693553Z [112/796] [chromium-iphone] › tests/v2-liff.spec.ts:230:5 › P1-A keeps the native transaction date fully readable at mobile widths and enlarged text
typecheck, test, PostgreSQL, e2e, build	E2E tests	2026-10-06T03:41:08.7406514Z [113/796] [chromium-iphone] › tests/p1-c-races.spec.ts:61:7 › A-B-A late recurring failure stays in its generation
typecheck, test, PostgreSQL, e2e, build	E2E tests	2026-10-06T03:41:09.4775687Z [114/796] [chromium-iphone] › tests/p1-c-navigation.spec.ts:45:5 › 36 repeated Back and Forward do not loop or inflate history
typecheck, test, PostgreSQL, e2e, build	E2E tests	2026-10-06T03:41:09.7437419Z [115/796] [chromium-iphone] › tests/p2-c-timeline.spec.ts:169:129 › 20 wrong scoped or nonexistent transaction never falls back
typecheck, test, PostgreSQL, e2e, build	E2E tests	2026-10-06T03:41:10.4887616Z [116/796] [chromium-iphone] › tests/v2-liff.spec.ts:323:5 › uses the V2 startup request budget
typecheck, test, PostgreSQL, e2e, build	E2E tests	2026-10-06T03:41:12.1269122Z [117/796] [chromium-iphone] › tests/p1-c-races.spec.ts:61:7 › A-B-A late statistics success stays in its generation
typecheck, test, PostgreSQL, e2e, build	E2E tests	2026-10-06T03:41:12.3279393Z [118/796] [chromium-iphone] › tests/p2-c-timeline.spec.ts:169:129 › 21 wrong scoped or nonexistent transaction never falls back
typecheck, test, PostgreSQL, e2e, build	E2E tests	2026-10-06T03:41:12.4838503Z [119/796] [chromium-iphone] › tests/p1-c-navigation.spec.ts:46:5 › 37 late activation and secondary errors cannot contaminate newer Ledger
typecheck, test, PostgreSQL, e2e, build	E2E tests	2026-10-06T03:41:13.1709015Z [120/796] [chromium-iphone] › tests/v2-liff.spec.ts:334:5 › P1-A restores zoom and keeps primary controls readable and tappable
typecheck, test, PostgreSQL, e2e, build	E2E tests	2026-10-06T03:41:15.0029264Z [121/796] [chromium-iphone] › tests/p2-c-timeline.spec.ts:179:5 › 22–24 replaced and void historical deep links resolve and 查看新版 opens exact replacement
typecheck, test, PostgreSQL, e2e, build	E2E tests	2026-10-06T03:41:15.9257914Z [122/796] [chromium-iphone] › tests/p1-c-races.spec.ts:61:7 › A-B-A late statistics failure stays in its generation
typecheck, test, PostgreSQL, e2e, build	E2E tests	2026-10-06T03:41:16.3786658Z [123/796] [chromium-iphone] › tests/p1-c-navigation.spec.ts:47:5 › 38 Escape equals visible cancel and host never stacks dialogs
typecheck, test, PostgreSQL, e2e, build	E2E tests	2026-10-06T03:41:18.1317155Z [124/796] [chromium-iphone] › tests/v2-liff.spec.ts:421:5 › P1-A keeps keyboard focus visible and honors reduced motion
typecheck, test, PostgreSQL, e2e, build	E2E tests	2026-10-06T03:41:19.6976739Z [125/796] [chromium-iphone] › tests/p1-c-races.spec.ts:61:7 › A-B-A late history success stays in its generation
typecheck, test, PostgreSQL, e2e, build	E2E tests	2026-10-06T03:41:19.9532590Z [126/796] [chromium-iphone] › tests/p1-c-navigation.spec.ts:48:5 › 39 native dialog labels traps background and restores Ledger trigger focus
typecheck, test, PostgreSQL, e2e, build	E2E tests	2026-10-06T03:41:20.7477534Z [127/796] [chromium-iphone] › tests/p2-c-timeline.spec.ts:187:5 › 25–26 edit uses shared P2-A controls and clean cancel returns to Detail
typecheck, test, PostgreSQL, e2e, build	E2E tests	2026-10-06T03:41:20.9320243Z [128/796] [chromium-iphone] › tests/v2-liff.spec.ts:452:5 › P1-A keeps long Ledger names and large TWD balances reachable at 200% text size
typecheck, test, PostgreSQL, e2e, build	E2E tests	2026-10-06T03:41:23.6349032Z [129/796] [chromium-iphone] › tests/p1-c-races.spec.ts:61:7 › A-B-A late history failure stays in its generation
typecheck, test, PostgreSQL, e2e, build	E2E tests	2026-10-06T03:41:23.7530817Z [130/796] [chromium-iphone] › tests/v2-liff.spec.ts:475:5 › loads statistics and recurring rules only when their secondary UI is opened
typecheck, test, PostgreSQL, e2e, build	E2E tests	2026-10-06T03:41:23.7983581Z [131/796] [chromium-iphone] › tests/p1-c-navigation.spec.ts:49:5 › 40 per-Ledger Home scroll restores A to B to A
typecheck, test, PostgreSQL, e2e, build	E2E tests	2026-10-06T03:41:25.8378771Z [132/796] [chromium-iphone] › tests/p2-c-timeline.spec.ts:196:46 › 27 correction known commit remains success when read succeeds
typecheck, test, PostgreSQL, e2e, build	E2E tests	2026-10-06T03:41:26.8299771Z [133/796] [chromium-iphone] › tests/v2-liff.spec.ts:482:5 › shows server-confirmed saving and success feedback without waiting for history reload
typecheck, test, PostgreSQL, e2e, build	E2E tests	2026-10-06T03:41:28.4025440Z [134/796] [chromium-iphone] › tests/p1-c-races.spec.ts:91:5 › same-ledger Detail identity change cannot reuse previous attachments
typecheck, test, PostgreSQL, e2e, build	E2E tests	2026-10-06T03:41:29.2397558Z [135/796] [chromium-iphone] › tests/p1-c-navigation.spec.ts:50:5 › 41 Search query does not carry from A into B
typecheck, test, PostgreSQL, e2e, build	E2E tests	2026-10-06T03:41:30.0567353Z [136/796] [chromium-iphone] › tests/p2-c-timeline.spec.ts:196:46 › 28 correction known commit remains success when read 500
typecheck, test, PostgreSQL, e2e, build	E2E tests	2026-10-06T03:41:30.2163244Z [137/796] [chromium-iphone] › tests/v2-liff.spec.ts:506:5 › payer and split choices use the existing native host while low-frequency fields stay under More
typecheck, test, PostgreSQL, e2e, build	E2E tests	2026-10-06T03:41:31.3988088Z [138/796] [chromium-iphone] › tests/p1-c-races.spec.ts:101:5 › search failure is visible on Search and absent after leaving its scope
typecheck, test, PostgreSQL, e2e, build	E2E tests	2026-10-06T03:41:33.1077772Z [139/796] [chromium-iphone] › tests/p1-c-navigation.spec.ts:51:5 › 42 proposal compatibility remains reachable without claimed Ledger ownership
typecheck, test, PostgreSQL, e2e, build	E2E tests	2026-10-06T03:41:34.0685336Z [140/796] [chromium-iphone] › tests/v2-liff.spec.ts:531:5 › uses continuous balance language for either payer and balanced state
typecheck, test, PostgreSQL, e2e, build	E2E tests	2026-10-06T03:41:34.9867371Z [141/796] [chromium-iphone] › tests/p2-c-timeline.spec.ts:207:46 › 29 explicit void preserves known success when read succeeds
typecheck, test, PostgreSQL, e2e, build	E2E tests	2026-10-06T03:41:35.0325296Z [142/796] [chromium-iphone] › tests/p1-c-races.spec.ts:110:5 › same-ledger proposal compatibility responses stay with their proposal id
typecheck, test, PostgreSQL, e2e, build	E2E tests	2026-10-06T03:41:35.5069880Z [143/796] [chromium-iphone] › tests/p1-c-navigation.spec.ts:52:5 › 43 200 percent text has no body overflow and important controls remain 44px
typecheck, test, PostgreSQL, e2e, build	E2E tests	2026-10-06T03:41:37.1966893Z [144/796] [chromium-iphone] › tests/v2-liff.spec.ts:542:5 › keeps the daily UI usable on a narrow mobile viewport
typecheck, test, PostgreSQL, e2e, build	E2E tests	2026-10-06T03:41:37.4048423Z [145/796] [chromium-iphone] › tests/p1-c-races.spec.ts:122:52 › popstate while SUBMITTING keeps original scope and sends no destination request
typecheck, test, PostgreSQL, e2e, build	E2E tests	2026-10-06T03:41:39.7492630Z [146/796] [chromium-iphone] › tests/p1-c-navigation.spec.ts:53:5 › 44 reduced motion retains native focus and navigation
typecheck, test, PostgreSQL, e2e, build	E2E tests	2026-10-06T03:41:39.8707823Z [147/796] [chromium-iphone] › tests/p2-c-timeline.spec.ts:207:46 › 30 explicit void preserves known success when read 500
typecheck, test, PostgreSQL, e2e, build	E2E tests	2026-10-06T03:41:40.9828447Z [148/796] [chromium-iphone] › tests/p1-c-races.spec.ts:122:52 › popstate while UNKNOWN keeps original scope and sends no destination request
typecheck, test, PostgreSQL, e2e, build	E2E tests	2026-10-06T03:41:42.9889583Z [149/796] [chromium-iphone] › tests/p1-c-navigation.spec.ts:55:5 › 45 browser Back restores the original transaction row focus
typecheck, test, PostgreSQL, e2e, build	E2E tests	2026-10-06T03:41:43.0668197Z [150/796] [chromium-iphone] › tests/v2-liff.spec.ts:559:5 › keeps voided transactions distinct in canonical Detail and excludes them from daily history
typecheck, test, PostgreSQL, e2e, build	E2E tests	2026-10-06T03:41:44.5512251Z [151/796] [chromium-iphone] › tests/p2-c-timeline.spec.ts:218:5 › 31 historical void Detail retains service restore ability
typecheck, test, PostgreSQL, e2e, build	E2E tests	2026-10-06T03:41:44.6855558Z [152/796] [chromium-iphone] › tests/p1-c-races.spec.ts:139:5 › late refresh and background resume do not steal editing focus
typecheck, test, PostgreSQL, e2e, build	E2E tests	2026-10-06T03:41:46.3412364Z [153/796] [chromium-iphone] › tests/p1-c-navigation.spec.ts:62:5 › 46 dirty discard into a secondary surface focuses heading after dialog closes
typecheck, test, PostgreSQL, e2e, build	E2E tests	2026-10-06T03:41:47.7837383Z [154/796] [chromium-iphone] › tests/v2-liff.spec.ts:574:5 › uses the canonical save response without reloading the Ledger
typecheck, test, PostgreSQL, e2e, build	E2E tests	2026-10-06T03:41:47.8702273Z [155/796] [chromium-iphone] › tests/p1-c-races.spec.ts:150:49 › 收支概況 Back restores Home scroll; reload resets it
typecheck, test, PostgreSQL, e2e, build	E2E tests	2026-10-06T03:41:49.4141934Z [156/796] [chromium-iphone] › tests/p1-c-navigation.spec.ts:70:5 › 47 amount and purpose closing guard cancels without losing input
typecheck, test, PostgreSQL, e2e, build	E2E tests	2026-10-06T03:41:50.0907886Z [157/796] [chromium-iphone] › tests/p2-c-timeline.spec.ts:226:5 › 32–34 receipt existing open upload and delete stay within Detail attachment capability
typecheck, test, PostgreSQL, e2e, build	E2E tests	2026-10-06T03:41:51.4930146Z [158/796] [chromium-iphone] › tests/v2-liff.spec.ts:583:5 › keeps the draft on a rejected POST and does not add a local row
typecheck, test, PostgreSQL, e2e, build	E2E tests	2026-10-06T03:41:52.9317705Z [159/796] [chromium-iphone] › tests/p1-c-navigation.spec.ts:80:5 › 48 UNKNOWN latest destination survives replay and replaces initial deep-link intent
typecheck, test, PostgreSQL, e2e, build	E2E tests	2026-10-06T03:41:53.4337027Z [160/796] [chromium-iphone] › tests/p1-c-races.spec.ts:150:49 › 帳本設定 Back restores Home scroll; reload resets it
typecheck, test, PostgreSQL, e2e, build	E2E tests	2026-10-06T03:41:54.5668934Z [161/796] [chromium-iphone] › tests/v2-liff.spec.ts:595:5 › reuses the idempotency key on an unchanged retry
typecheck, test, PostgreSQL, e2e, build	E2E tests	2026-10-06T03:41:55.8298628Z [162/796] [chromium-iphone] › tests/p2-c-timeline.spec.ts:238:5 › 35 attachment failure preserves posted financial state and sends no financial mutation
typecheck, test, PostgreSQL, e2e, build	E2E tests	2026-10-06T03:41:58.2345537Z [163/796] [chromium-iphone] › tests/v2-liff.spec.ts:609:5 › keeps a committed transaction out of a nonmatching search projection
typecheck, test, PostgreSQL, e2e, build	E2E tests	2026-10-06T03:41:58.9601347Z [164/796] [chromium-iphone] › tests/p1-c-navigation.spec.ts:92:5 › 49 committed recovery awaiting A read permits B without hydrating A into B
typecheck, test, PostgreSQL, e2e, build	E2E tests	2026-10-06T03:41:58.9886688Z [165/796] [chromium-iphone] › tests/p1-c-races.spec.ts:150:49 › 搜尋 Back restores Home scroll; reload resets it
typecheck, test, PostgreSQL, e2e, build	E2E tests	2026-10-06T03:42:00.2375874Z [166/796] [chromium-iphone] › tests/p2-c-timeline.spec.ts:247:5 › 36–37 timeline has one interactive row and no legacy details or duplicate financial/receipt actions
typecheck, test, PostgreSQL, e2e, build	E2E tests	2026-10-06T03:42:02.1608055Z [167/796] [chromium-iphone] › tests/v2-liff.spec.ts:649:5 › V3-0 ignores reversed bootstrap responses after explicit draft discard
typecheck, test, PostgreSQL, e2e, build	E2E tests	2026-10-06T03:42:04.5956846Z [168/796] [chromium-iphone] › tests/p2-c-timeline.spec.ts:256:5 › 38–39 Search preserves secondary filters and include-void reveals historical row, with origin Back
typecheck, test, PostgreSQL, e2e, build	E2E tests	2026-10-06T03:42:04.6644166Z [169/796] [chromium-iphone] › tests/p1-c-navigation.spec.ts:103:46 › 50 bootstrap 401 has a scoped recovery action
typecheck, test, PostgreSQL, e2e, build	E2E tests	2026-10-06T03:42:04.8247320Z [170/796] [chromium-iphone] › tests/p1-c-races.spec.ts:164:47 › unsaved setting 新增自訂分類 shares the leave host and preserves focus on cancel
typecheck, test, PostgreSQL, e2e, build	E2E tests	2026-10-06T03:42:07.4036918Z [171/796] [chromium-iphone] › tests/p1-c-navigation.spec.ts:103:46 › 50 bootstrap 403 has a scoped recovery action
typecheck, test, PostgreSQL, e2e, build	E2E tests	2026-10-06T03:42:08.5227550Z [172/796] [chromium-iphone] › tests/v2-liff.spec.ts:672:5 › V3-0 rapid A B A switches ignore the first A generation and stale errors
typecheck, test, PostgreSQL, e2e, build	E2E tests	2026-10-06T03:42:08.7511214Z [173/796] [chromium-iphone] › tests/p1-c-races.spec.ts:164:47 › unsaved setting 週期交易名稱 shares the leave host and preserves focus on cancel
typecheck, test, PostgreSQL, e2e, build	E2E tests	2026-10-06T03:42:09.6537319Z [174/796] [chromium-iphone] › tests/p1-c-navigation.spec.ts:103:46 › 50 bootstrap 404 has a scoped recovery action
typecheck, test, PostgreSQL, e2e, build	E2E tests	2026-10-06T03:42:09.9138234Z [175/796] [chromium-iphone] › tests/p2-c-timeline.spec.ts:267:5 › 40 P2-B Ledger switch keeps truthful identity and scopes timeline data
typecheck, test, PostgreSQL, e2e, build	E2E tests	2026-10-06T03:42:12.0479619Z [176/796] [chromium-iphone] › tests/p1-c-navigation.spec.ts:103:46 › 50 bootstrap 500 has a scoped recovery action
typecheck, test, PostgreSQL, e2e, build	E2E tests	2026-10-06T03:42:12.5198510Z [177/796] [chromium-iphone] › tests/p1-c-races.spec.ts:177:88 › stats read 401 offers the correct recovery action without changing Ledger preference
typecheck, test, PostgreSQL, e2e, build	E2E tests	2026-10-06T03:42:13.8231226Z [178/796] [chromium-iphone] › tests/v2-liff.spec.ts:691:7 › V3-0 ignores reversed statistics responses across Ledgers
typecheck, test, PostgreSQL, e2e, build	E2E tests	2026-10-06T03:42:14.0104519Z [179/796] [chromium-iphone] › tests/p2-c-timeline.spec.ts:273:5 › 41 P2-A create editor remains usable and canonical upsert keeps future row first
typecheck, test, PostgreSQL, e2e, build	E2E tests	2026-10-06T03:42:15.4267895Z [180/796] [chromium-iphone] › tests/p1-c-races.spec.ts:177:88 › stats read 500 offers the correct recovery action without changing Ledger preference
typecheck, test, PostgreSQL, e2e, build	E2E tests	2026-10-06T03:42:15.5007935Z [181/796] [webkit-iphone] › tests/p1-b-entry.spec.ts:25:5 › normal create commits row, balance and next payer together without a bootstrap refresh
typecheck, test, PostgreSQL, e2e, build	E2E tests	2026-10-06T03:42:17.7227814Z [182/796] [chromium-iphone] › tests/p1-c-races.spec.ts:177:88 › recurring read 401 offers the correct recovery action without changing Ledger preference
typecheck, test, PostgreSQL, e2e, build	E2E tests	2026-10-06T03:42:18.6160968Z [183/796] [chromium-iphone] › tests/v2-liff.spec.ts:691:7 › V3-0 ignores reversed categories responses across Ledgers
typecheck, test, PostgreSQL, e2e, build	E2E tests	2026-10-06T03:42:19.4938693Z [184/796] [chromium-iphone] › tests/p1-c-races.spec.ts:177:88 › recurring read 500 offers the correct recovery action without changing Ledger preference
typecheck, test, PostgreSQL, e2e, build	E2E tests	2026-10-06T03:42:21.2288267Z [185/796] [chromium-iphone] › tests/p2-c-timeline.spec.ts:282:5 › 42 dirty correction leave guard keeps draft/focus or explicitly discards with one dialog host
typecheck, test, PostgreSQL, e2e, build	E2E tests	2026-10-06T03:42:22.3291493Z [186/796] [chromium-iphone] › tests/p1-c-races.spec.ts:177:88 › search read 401 offers the correct recovery action without changing Ledger preference
typecheck, test, PostgreSQL, e2e, build	E2E tests	2026-10-06T03:42:23.8433513Z [187/796] [chromium-iphone] › tests/v2-liff.spec.ts:691:7 › V3-0 ignores reversed recurring responses across Ledgers
typecheck, test, PostgreSQL, e2e, build	E2E tests	2026-10-06T03:42:24.9287447Z [188/796] [chromium-iphone] › tests/p1-c-races.spec.ts:177:88 › search read 500 offers the correct recovery action without changing Ledger preference
typecheck, test, PostgreSQL, e2e, build	E2E tests	2026-10-06T03:42:25.9327858Z [189/796] [chromium-iphone] › tests/p2-c-timeline.spec.ts:291:5 › first read has three static timeline skeletons and refresh failure preserves known effective rows
typecheck, test, PostgreSQL, e2e, build	E2E tests	2026-10-06T03:42:28.0818043Z [190/796] [chromium-iphone] › tests/p1-c-races.spec.ts:200:5 › stale app-origin row marker falls back to a surviving Home row
typecheck, test, PostgreSQL, e2e, build	E2E tests	2026-10-06T03:42:29.8235988Z [191/796] [chromium-iphone] › tests/v2-liff.spec.ts:691:7 › V3-0 ignores reversed transactions responses across Ledgers
typecheck, test, PostgreSQL, e2e, build	E2E tests	2026-10-06T03:42:30.6587722Z [192/796] [chromium-iphone] › tests/p2-c-timeline.spec.ts:300:5 › empty effective history avoids fake zeros and historical records remain deep-linkable
typecheck, test, PostgreSQL, e2e, build	E2E tests	2026-10-06T03:42:33.9388906Z [193/796] [webkit-iphone] › tests/p1-c-navigation.spec.ts:15:5 › 01 normal launch replaces current URL with explicit canonical Ledger
typecheck, test, PostgreSQL, e2e, build	E2E tests	2026-10-06T03:42:34.4707515Z [194/796] [webkit-iphone] › tests/p1-b-entry.spec.ts:39:5 › double tap owns one operation and guards switching while submitting
typecheck, test, PostgreSQL, e2e, build	E2E tests	2026-10-06T03:42:36.7477546Z [195/796] [chromium-iphone] › tests/p2-c-timeline.spec.ts:306:5 › Detail pending read and read500 never guess a transaction or reveal foreign scope
typecheck, test, PostgreSQL, e2e, build	E2E tests	2026-10-06T03:42:36.8141800Z [196/796] [chromium-iphone] › tests/v2-liff.spec.ts:719:5 › V3-0 switching Ledger after a deep link stays on the manual selection
typecheck, test, PostgreSQL, e2e, build	E2E tests	2026-10-06T03:42:39.6847493Z [197/796] [webkit-iphone] › tests/p1-c-navigation.spec.ts:16:5 › 02 explicit B deep link reads only B
typecheck, test, PostgreSQL, e2e, build	E2E tests	2026-10-06T03:42:43.8896112Z [198/796] [chromium-iphone] › tests/p2-c-timeline.spec.ts:315:5 › 200% long notes and reduced motion keep Back and More actions reachable without overflow
typecheck, test, PostgreSQL, e2e, build	E2E tests	2026-10-06T03:42:44.7862958Z [199/796] [chromium-iphone] › tests/v2-liff.spec.ts:737:5 › V3-0 guards a late A save, then explicit discard cannot reuse A feedback or key in B
typecheck, test, PostgreSQL, e2e, build	E2E tests	2026-10-06T03:42:46.1830836Z [200/796] [webkit-iphone] › tests/p1-c-navigation.spec.ts:17:130 › 03 nonexistent explicit target offers bounded recovery
typecheck, test, PostgreSQL, e2e, build	E2E tests	2026-10-06T03:42:48.1257763Z [201/796] [webkit-iphone] › tests/p1-b-entry.spec.ts:54:5 › commit then dropped response reloads UNKNOWN and explicit replay returns original result with identical body/key
typecheck, test, PostgreSQL, e2e, build	E2E tests	2026-10-06T03:42:51.6699303Z [202/796] [chromium-iphone] › tests/p2-c-timeline.spec.ts:322:5 › filtered Search preserves insertion-independent origin scroll and loaded second history page without a new request
typecheck, test, PostgreSQL, e2e, build	E2E tests	2026-10-06T03:42:52.0529486Z [203/796] [webkit-iphone] › tests/p1-c-navigation.spec.ts:17:130 › 04 unauthorized explicit target offers bounded recovery
typecheck, test, PostgreSQL, e2e, build	E2E tests	2026-10-06T03:42:52.5648773Z [204/796] [chromium-iphone] › tests/v2-liff.spec.ts:770:40 › P1-B normal create performance sample
typecheck, test, PostgreSQL, e2e, build	E2E tests	2026-10-06T03:42:57.5676928Z [205/796] [webkit-iphone] › tests/p1-c-navigation.spec.ts:18:5 › 05 invalid explicit B never paints A content
typecheck, test, PostgreSQL, e2e, build	E2E tests	2026-10-06T03:42:58.7870809Z [206/796] [webkit-iphone] › tests/p2-a-entry.spec.ts:55:35 › command body matches P1-B and kernel: default-simple-1-1
typecheck, test, PostgreSQL, e2e, build	E2E tests	2026-10-06T03:42:58.9489814Z [207/796] [webkit-iphone] › tests/p1-b-entry.spec.ts:72:5 › compatible partial commit plus GET 500 stays COMMITTED, including reload and read-only retry
typecheck, test, PostgreSQL, e2e, build	E2E tests	2026-10-06T03:43:01.4591572Z [208/796] [chromium-iphone] › tests/p2-c-timeline.spec.ts:337:45 › Search mutation refresh restores loaded history window and reads the same two pages
typecheck, test, PostgreSQL, e2e, build	E2E tests	2026-10-06T03:43:02.6177603Z [209/796] [webkit-iphone] › tests/p1-c-navigation.spec.ts:19:5 › 06 transaction with correct Ledger reconstructs and focuses detail
typecheck, test, PostgreSQL, e2e, build	E2E tests	2026-10-06T03:43:06.6277464Z [210/796] [webkit-iphone] › tests/p1-c-navigation.spec.ts:20:5 › 07 transaction with wrong Ledger shows link error without guessing another Ledger
typecheck, test, PostgreSQL, e2e, build	E2E tests	2026-10-06T03:43:09.0719339Z [211/796] [webkit-iphone] › tests/p2-a-entry.spec.ts:55:35 › command body matches P1-B and kernel: non-50-50-second-member-partner-2-1
typecheck, test, PostgreSQL, e2e, build	E2E tests	2026-10-06T03:43:10.9404740Z [212/796] [webkit-iphone] › tests/p1-c-navigation.spec.ts:21:5 › 08 transaction without Ledger does not scan for ownership
typecheck, test, PostgreSQL, e2e, build	E2E tests	2026-10-06T03:43:12.2877322Z [213/796] [webkit-iphone] › tests/p1-b-entry.spec.ts:83:63 › malformed 2xx cannot claim success
typecheck, test, PostgreSQL, e2e, build	E2E tests	2026-10-06T03:43:12.4042587Z [214/796] [chromium-iphone] › tests/p2-c-timeline.spec.ts:337:45 › Search mutation refresh restores loaded history window and preserves known rows on read500
typecheck, test, PostgreSQL, e2e, build	E2E tests	2026-10-06T03:43:14.8058612Z [215/796] [webkit-iphone] › tests/p1-c-navigation.spec.ts:22:5 › 09 app row pushes detail and Back restores row focus
typecheck, test, PostgreSQL, e2e, build	E2E tests	2026-10-06T03:43:19.3667411Z [216/796] [webkit-iphone] › tests/p1-b-entry.spec.ts:83:63 › wrong-scope 2xx cannot claim success
typecheck, test, PostgreSQL, e2e, build	E2E tests	2026-10-06T03:43:23.6193145Z [217/796] [webkit-iphone] › tests/p2-a-entry.spec.ts:55:35 › command body matches P1-B and kernel: both-payers-second-member-0-1
typecheck, test, PostgreSQL, e2e, build	E2E tests	2026-10-06T03:43:23.7307442Z [218/796] [chromium-iphone] › tests/p2-c-timeline.spec.ts:357:5 › direct Detail retry focuses purpose heading after initial bootstrap read500
typecheck, test, PostgreSQL, e2e, build	E2E tests	2026-10-06T03:43:25.4902304Z [219/796] [webkit-iphone] › tests/p1-b-entry.spec.ts:89:5 › storage unavailable or incorrect read-back prevents POST and keeps editing
typecheck, test, PostgreSQL, e2e, build	E2E tests	2026-10-06T03:43:27.9621814Z [220/796] [webkit-iphone] › tests/p1-c-navigation.spec.ts:23:5 › 10 direct detail visible Back replaces to Home without leaving product
typecheck, test, PostgreSQL, e2e, build	E2E tests	2026-10-06T03:43:28.7953405Z [221/796] [chromium-iphone] › tests/p2-c-timeline.spec.ts:365:5 › ambiguous void response retains original mutation key and expectedVersion across a successful background read
typecheck, test, PostgreSQL, e2e, build	E2E tests	2026-10-06T03:43:34.1107424Z [222/796] [webkit-iphone] › tests/p1-b-entry.spec.ts:98:5 › recovery identity mismatch reveals no stored financial content and cannot replay
typecheck, test, PostgreSQL, e2e, build	E2E tests	2026-10-06T03:43:36.3307603Z [223/796] [chromium-iphone] › tests/p2-c-timeline.spec.ts:381:5 › voiding an origin row beyond twenty returns focus to its nearest surviving timeline row
typecheck, test, PostgreSQL, e2e, build	E2E tests	2026-10-06T03:43:36.5777113Z [224/796] [webkit-iphone] › tests/p2-a-entry.spec.ts:55:35 › command body matches P1-B and kernel: equal-second-member
typecheck, test, PostgreSQL, e2e, build	E2E tests	2026-10-06T03:43:40.5038036Z [225/796] [webkit-iphone] › tests/p1-c-navigation.spec.ts:24:5 › 11 reload detail preserves URL and drops stale app origin
typecheck, test, PostgreSQL, e2e, build	E2E tests	2026-10-06T03:43:44.5227570Z [226/796] [webkit-iphone] › tests/p1-b-entry.spec.ts:108:5 › recovery couple mismatch cannot hydrate even when actor and ledger IDs match
typecheck, test, PostgreSQL, e2e, build	E2E tests	2026-10-06T03:43:45.8617675Z [227/796] [chromium-iphone] › tests/p2-c-timeline.spec.ts:391:5 › browser records native view-transition support for bounded Detail-close motion
typecheck, test, PostgreSQL, e2e, build	E2E tests	2026-10-06T03:43:51.1113170Z [228/796] [webkit-iphone] › tests/p2-a-entry.spec.ts:55:35 › command body matches P1-B and kernel: percentage-fractional
typecheck, test, PostgreSQL, e2e, build	E2E tests	2026-10-06T03:43:53.9357323Z [229/796] [webkit-iphone] › tests/p1-b-entry.spec.ts:115:5 › Ledger A recovery takes priority over URL B without activating or moving a write to B
typecheck, test, PostgreSQL, e2e, build	E2E tests	2026-10-06T03:43:56.1110738Z [230/796] [chromium-iphone] › tests/p2-c-timeline.spec.ts:411:5 › aborted filtered Search append returns an enabled retry and preserves the loaded first page
typecheck, test, PostgreSQL, e2e, build	E2E tests	2026-10-06T03:43:57.0765421Z [231/796] [webkit-iphone] › tests/p1-c-navigation.spec.ts:25:95 › 12 收支概況 push reload deterministic Back
typecheck, test, PostgreSQL, e2e, build	E2E tests	2026-10-06T03:44:07.4784410Z [232/796] [webkit-iphone] › tests/p2-a-entry.spec.ts:55:35 › command body matches P1-B and kernel: exact-partner-payer
typecheck, test, PostgreSQL, e2e, build	E2E tests	2026-10-06T03:44:09.6857784Z [233/796] [chromium-iphone] › tests/p2-c-timeline.spec.ts:426:5 › Back expands root render window when a new canonical row moves the surviving origin beyond row twenty
typecheck, test, PostgreSQL, e2e, build	E2E tests	2026-10-06T03:44:12.8250220Z [234/796] [webkit-iphone] › tests/p1-b-entry.spec.ts:129:5 › unknown followed by 401 remains unknown with original operation
typecheck, test, PostgreSQL, e2e, build	E2E tests	2026-10-06T03:44:13.4573478Z [235/796] [webkit-iphone] › tests/p1-c-navigation.spec.ts:25:95 › 13 帳本設定 push reload deterministic Back
typecheck, test, PostgreSQL, e2e, build	E2E tests	2026-10-06T03:44:24.3474017Z [236/796] [webkit-iphone] › tests/p2-b-identity.spec.ts:22:5 › name is the single Home identity; switch A B A reuses canonical scope
typecheck, test, PostgreSQL, e2e, build	E2E tests	2026-10-06T03:44:26.5488338Z [237/796] [webkit-iphone] › tests/p1-b-entry.spec.ts:138:5 › authorized A recovery remains available when the linked Ledger no longer exists
typecheck, test, PostgreSQL, e2e, build	E2E tests	2026-10-06T03:44:28.0741365Z [238/796] [webkit-iphone] › tests/p1-c-navigation.spec.ts:26:5 › 14 recurring URL reconstructs secondary surface
typecheck, test, PostgreSQL, e2e, build	E2E tests	2026-10-06T03:44:31.9297607Z [239/796] [webkit-iphone] › tests/p2-a-entry.spec.ts:55:35 › command body matches P1-B and kernel: income-both
typecheck, test, PostgreSQL, e2e, build	E2E tests	2026-10-06T03:44:36.8980197Z [240/796] [webkit-iphone] › tests/p1-c-navigation.spec.ts:27:5 › 15 Search pushes URL and Back returns Home
typecheck, test, PostgreSQL, e2e, build	E2E tests	2026-10-06T03:44:40.9654841Z [241/796] [webkit-iphone] › tests/p1-b-entry.spec.ts:151:5 › an actor change in the existing document is detected before replay POST
typecheck, test, PostgreSQL, e2e, build	E2E tests	2026-10-06T03:44:43.9077890Z [242/796] [webkit-iphone] › tests/p2-b-identity.spec.ts:52:5 › deep-link viewed B and LINE default A remain distinct and selected is announced
typecheck, test, PostgreSQL, e2e, build	E2E tests	2026-10-06T03:44:44.9327418Z [243/796] [webkit-iphone] › tests/p1-c-navigation.spec.ts:28:5 › 16 manual A to B replaces Home and focuses accepted Ledger
typecheck, test, PostgreSQL, e2e, build	E2E tests	2026-10-06T03:44:51.6197575Z [244/796] [webkit-iphone] › tests/p1-b-entry.spec.ts:160:5 › a new authorization failure hides cached financial content without discarding commit proof
typecheck, test, PostgreSQL, e2e, build	E2E tests	2026-10-06T03:44:54.4957701Z [245/796] [webkit-iphone] › tests/p2-b-identity.spec.ts:65:5 › activation syncing and failure stay bounded while B remains readable
typecheck, test, PostgreSQL, e2e, build	E2E tests	2026-10-06T03:44:55.6907347Z [246/796] [webkit-iphone] › tests/p1-c-navigation.spec.ts:29:5 › 17 A to B to A is generation safe for queued preference
typecheck, test, PostgreSQL, e2e, build	E2E tests	2026-10-06T03:44:56.4971133Z [247/796] [webkit-iphone] › tests/p2-a-entry.spec.ts:55:35 › command body matches P1-B and kernel: transfer-partner-direction
typecheck, test, PostgreSQL, e2e, build	E2E tests	2026-10-06T03:44:59.4711166Z [248/796] [webkit-iphone] › tests/p1-b-entry.spec.ts:171:5 › timeout after dispatch becomes unknown and preserves the exact recovery operation
typecheck, test, PostgreSQL, e2e, build	E2E tests	2026-10-06T03:45:08.7369694Z [249/796] [webkit-iphone] › tests/p1-b-entry.spec.ts:181:5 › correction drop-response reload replay retains original replacement and expected version
typecheck, test, PostgreSQL, e2e, build	E2E tests	2026-10-06T03:45:09.7626369Z [250/796] [webkit-iphone] › tests/p1-c-navigation.spec.ts:30:77 › 18 late A bootstrap success cannot update B
typecheck, test, PostgreSQL, e2e, build	E2E tests	2026-10-06T03:45:11.4147134Z [251/796] [webkit-iphone] › tests/p2-b-identity.spec.ts:87:39 › 40 character identities stay complete and wrap at 100% text
typecheck, test, PostgreSQL, e2e, build	E2E tests	2026-10-06T03:45:18.2277817Z [252/796] [webkit-iphone] › tests/p2-a-entry.spec.ts:82:5 › one host, cancel preserves draft, Apply only edits draft and returns focus
typecheck, test, PostgreSQL, e2e, build	E2E tests	2026-10-06T03:45:23.6267090Z [253/796] [webkit-iphone] › tests/p1-c-navigation.spec.ts:30:77 › 19 late A bootstrap failure cannot update B
typecheck, test, PostgreSQL, e2e, build	E2E tests	2026-10-06T03:45:30.0795863Z [254/796] [webkit-iphone] › tests/p2-b-identity.spec.ts:87:39 › 40 character identities stay complete and wrap at 200% text
typecheck, test, PostgreSQL, e2e, build	E2E tests	2026-10-06T03:45:31.8582865Z [255/796] [webkit-iphone] › tests/p1-b-entry.spec.ts:192:5 › first rejection preserves editable draft and unchanged retry reuses the key
typecheck, test, PostgreSQL, e2e, build	E2E tests	2026-10-06T03:45:35.8317672Z [256/796] [webkit-iphone] › tests/p1-c-navigation.spec.ts:31:5 › 20 activation failure keeps B readable and retry touches preference only
typecheck, test, PostgreSQL, e2e, build	E2E tests	2026-10-06T03:45:46.4933683Z [257/796] [webkit-iphone] › tests/p1-b-entry.spec.ts:201:5 › one create/correction draft requires explicit keep or discard
typecheck, test, PostgreSQL, e2e, build	E2E tests	2026-10-06T03:45:48.9598832Z [258/796] [webkit-iphone] › tests/p2-a-entry.spec.ts:102:5 › both payments and exact shares retain explicit amounts after total changes
typecheck, test, PostgreSQL, e2e, build	E2E tests	2026-10-06T03:45:52.1218299Z [259/796] [webkit-iphone] › tests/p2-b-identity.spec.ts:115:5 › 40 unbroken Latin characters wrap without horizontal scroll at 200%
typecheck, test, PostgreSQL, e2e, build	E2E tests	2026-10-06T03:45:54.5707355Z [260/796] [webkit-iphone] › tests/p1-c-navigation.spec.ts:32:5 › 21 deep link B has NOT-SENT activate evidence
typecheck, test, PostgreSQL, e2e, build	E2E tests	2026-10-06T03:46:02.3697282Z [261/796] [webkit-iphone] › tests/p1-c-navigation.spec.ts:33:5 › 22 explicit Switcher B sends preference activation once
typecheck, test, PostgreSQL, e2e, build	E2E tests	2026-10-06T03:46:06.0248557Z [262/796] [webkit-iphone] › tests/p2-b-identity.spec.ts:125:5 › keyboard enters titled dialog, moves options without writes, selects and returns focus
typecheck, test, PostgreSQL, e2e, build	E2E tests	2026-10-06T03:46:10.1751652Z [263/796] [webkit-iphone] › tests/p1-b-entry.spec.ts:213:5 › creating a Ledger after discarding A opens a usable draft in the new Ledger
typecheck, test, PostgreSQL, e2e, build	E2E tests	2026-10-06T03:46:11.0547468Z [264/796] [webkit-iphone] › tests/p1-c-navigation.spec.ts:34:5 › 23 initial draft switches without confirmation and receives fresh defaults
typecheck, test, PostgreSQL, e2e, build	E2E tests	2026-10-06T03:46:18.1393122Z [265/796] [webkit-iphone] › tests/p2-b-identity.spec.ts:148:5 › create cancel returns to the same switcher and never changes scope or history
typecheck, test, PostgreSQL, e2e, build	E2E tests	2026-10-06T03:46:19.9231738Z [266/796] [webkit-iphone] › tests/p1-c-navigation.spec.ts:35:5 › 24 amount-only dirty cancel preserves value focus URL and NOT-SENT activation
typecheck, test, PostgreSQL, e2e, build	E2E tests	2026-10-06T03:46:22.5313109Z   1) [webkit-iphone] › tests/p2-a-entry.spec.ts:102:5 › both payments and exact shares retain explicit amounts after total changes 
typecheck, test, PostgreSQL, e2e, build	E2E tests	2026-10-06T03:46:22.5337154Z 
typecheck, test, PostgreSQL, e2e, build	E2E tests	2026-10-06T03:46:22.5346591Z     Test timeout of 30000ms exceeded.
typecheck, test, PostgreSQL, e2e, build	E2E tests	2026-10-06T03:46:22.5347268Z 
typecheck, test, PostgreSQL, e2e, build	E2E tests	2026-10-06T03:46:22.5347952Z     Error: locator.click: Test timeout of 30000ms exceeded.
typecheck, test, PostgreSQL, e2e, build	E2E tests	2026-10-06T03:46:22.5348923Z     Call log:
typecheck, test, PostgreSQL, e2e, build	E2E tests	2026-10-06T03:46:22.5350220Z       - waiting for getByRole('dialog').getByRole('button', { name: '套用', exact: true })
typecheck, test, PostgreSQL, e2e, build	E2E tests	2026-10-06T03:46:22.5354770Z         - locator resolved to <button tabindex="0" type="button" class="inline-flex shrink-0 items-center justify-center gap-2 whitespace-nowrap rounded-xl font-semibold transition-colors disabled:pointer-events-none disabled:opacity-50 [&_svg]:pointer-events-none [&_svg]:shrink-0 bg-primary text-primary-foreground hover:bg-[var(--primary-hover)] active:bg-[var(--primary-hover)] shadow-[0_2px_8px_rgba(20,42,71,0.18)] h-11 px-4 text-base">套用</button>
typecheck, test, PostgreSQL, e2e, build	E2E tests	2026-10-06T03:46:22.5468590Z       - attempting click action
typecheck, test, PostgreSQL, e2e, build	E2E tests	2026-10-06T03:46:22.5521773Z         - waiting for element to be visible, enabled and stable
typecheck, test, PostgreSQL, e2e, build	E2E tests	2026-10-06T03:46:22.5609420Z 
typecheck, test, PostgreSQL, e2e, build	E2E tests	2026-10-06T03:46:22.5665628Z 
typecheck, test, PostgreSQL, e2e, build	E2E tests	2026-10-06T03:46:22.5726442Z       23 |   await modal(page).getByRole("combobox").selectOption(mode);
typecheck, test, PostgreSQL, e2e, build	E2E tests	2026-10-06T03:46:22.5738459Z       24 |   if (amounts) { const suffix = mode === "percentage" ? "百分比" : "分攤"; await page.getByLabel(`你 ${suffix}`, { exact: true }).fill(amounts[0]); await page.getByLabel(`另一半 ${suffix}`, { exact: true }).fill(amounts[1]); }
typecheck, test, PostgreSQL, e2e, build	E2E tests	2026-10-06T03:46:22.5740762Z     > 25 |   await modal(page).getByRole("button", { name: "套用", exact: true }).click();
typecheck, test, PostgreSQL, e2e, build	E2E tests	2026-10-06T03:46:22.5742562Z          |                                                                      ^
typecheck, test, PostgreSQL, e2e, build	E2E tests	2026-10-06T03:46:22.5743425Z       26 |   await expect(split(page)).toBeFocused();
typecheck, test, PostgreSQL, e2e, build	E2E tests	2026-10-06T03:46:22.5744108Z       27 | }
typecheck, test, PostgreSQL, e2e, build	E2E tests	2026-10-06T03:46:22.5745249Z       28 | async function evidence(page: Page, info: TestInfo, name: string, extra: unknown = {}) {
typecheck, test, PostgreSQL, e2e, build	E2E tests	2026-10-06T03:46:22.5746847Z         at setSplit (/home/runner/work/line-couple-ledger-bot/line-couple-ledger-bot/tests/p2-a-entry.spec.ts:25:70)
typecheck, test, PostgreSQL, e2e, build	E2E tests	2026-10-06T03:46:22.5748451Z         at /home/runner/work/line-couple-ledger-bot/line-couple-ledger-bot/tests/p2-a-entry.spec.ts:115:49
typecheck, test, PostgreSQL, e2e, build	E2E tests	2026-10-06T03:46:22.5749339Z 
typecheck, test, PostgreSQL, e2e, build	E2E tests	2026-10-06T03:46:22.5750181Z     attachment #1: both-payers (image/png) ─────────────────────────────────────────────────────────
typecheck, test, PostgreSQL, e2e, build	E2E tests	2026-10-06T03:46:22.5752174Z     output/playwright/results/p2-a-entry-both-payments-a-b7967-amounts-after-total-changes-webkit-iphone/attachments/both-payers-34962ca84f073ee66192d89a56255f62a0278adc.png
typecheck, test, PostgreSQL, e2e, build	E2E tests	2026-10-06T03:46:22.5754395Z     ────────────────────────────────────────────────────────────────────────────────────────────────
typecheck, test, PostgreSQL, e2e, build	E2E tests	2026-10-06T03:46:22.5755337Z 
typecheck, test, PostgreSQL, e2e, build	E2E tests	2026-10-06T03:46:22.5756254Z     attachment #2: invalid-split (image/png) ───────────────────────────────────────────────────────
typecheck, test, PostgreSQL, e2e, build	E2E tests	2026-10-06T03:46:22.5758382Z     output/playwright/results/p2-a-entry-both-payments-a-b7967-amounts-after-total-changes-webkit-iphone/attachments/invalid-split-e743320bcf3d558f8e4adcc6d59a8baebdf47b5a.png
typecheck, test, PostgreSQL, e2e, build	E2E tests	2026-10-06T03:46:22.5760551Z     ────────────────────────────────────────────────────────────────────────────────────────────────
typecheck, test, PostgreSQL, e2e, build	E2E tests	2026-10-06T03:46:22.5761385Z 
typecheck, test, PostgreSQL, e2e, build	E2E tests	2026-10-06T03:46:22.5762255Z     attachment #3: screenshot (image/png) ──────────────────────────────────────────────────────────
typecheck, test, PostgreSQL, e2e, build	E2E tests	2026-10-06T03:46:22.5780260Z     output/playwright/results/p2-a-entry-both-payments-a-b7967-amounts-after-total-changes-webkit-iphone/test-failed-1.png
typecheck, test, PostgreSQL, e2e, build	E2E tests	2026-10-06T03:46:22.5782105Z     ────────────────────────────────────────────────────────────────────────────────────────────────
typecheck, test, PostgreSQL, e2e, build	E2E tests	2026-10-06T03:46:22.5782877Z 
typecheck, test, PostgreSQL, e2e, build	E2E tests	2026-10-06T03:46:22.5783771Z     attachment #4: video (video/webm) ──────────────────────────────────────────────────────────────
typecheck, test, PostgreSQL, e2e, build	E2E tests	2026-10-06T03:46:22.5785771Z     output/playwright/results/p2-a-entry-both-payments-a-b7967-amounts-after-total-changes-webkit-iphone/video.webm
typecheck, test, PostgreSQL, e2e, build	E2E tests	2026-10-06T03:46:22.5787563Z     ────────────────────────────────────────────────────────────────────────────────────────────────
typecheck, test, PostgreSQL, e2e, build	E2E tests	2026-10-06T03:46:22.5788268Z 
typecheck, test, PostgreSQL, e2e, build	E2E tests	2026-10-06T03:46:22.5789405Z     Error Context: output/playwright/results/p2-a-entry-both-payments-a-b7967-amounts-after-total-changes-webkit-iphone/error-context.md
typecheck, test, PostgreSQL, e2e, build	E2E tests	2026-10-06T03:46:22.5790585Z 
typecheck, test, PostgreSQL, e2e, build	E2E tests	2026-10-06T03:46:22.5791482Z     attachment #6: trace (application/zip) ─────────────────────────────────────────────────────────
typecheck, test, PostgreSQL, e2e, build	E2E tests	2026-10-06T03:46:22.5792993Z     output/playwright/results/p2-a-entry-both-payments-a-b7967-amounts-after-total-changes-webkit-iphone/trace.zip
typecheck, test, PostgreSQL, e2e, build	E2E tests	2026-10-06T03:46:22.5794139Z     Usage:
typecheck, test, PostgreSQL, e2e, build	E2E tests	2026-10-06T03:46:22.5794789Z 
typecheck, test, PostgreSQL, e2e, build	E2E tests	2026-10-06T03:46:22.5796425Z         pnpm exec playwright show-trace output/playwright/results/p2-a-entry-both-payments-a-b7967-amounts-after-total-changes-webkit-iphone/trace.zip
typecheck, test, PostgreSQL, e2e, build	E2E tests	2026-10-06T03:46:22.5864789Z 
typecheck, test, PostgreSQL, e2e, build	E2E tests	2026-10-06T03:46:22.5869038Z     ────────────────────────────────────────────────────────────────────────────────────────────────
typecheck, test, PostgreSQL, e2e, build	E2E tests	2026-10-06T03:46:22.5869792Z 
typecheck, test, PostgreSQL, e2e, build	E2E tests	2026-10-06T03:46:22.5869952Z 
typecheck, test, PostgreSQL, e2e, build	E2E tests	2026-10-06T03:46:24.1785217Z [267/796] [webkit-iphone] › tests/p2-a-entry.spec.ts:119:5 › IME, Enter, disabled reasons, inline association and first-invalid focus
typecheck, test, PostgreSQL, e2e, build	E2E tests	2026-10-06T03:46:26.0686983Z [268/796] [webkit-iphone] › tests/p1-b-entry.spec.ts:238:45 › correction success preserves commit when refresh succeeds
typecheck, test, PostgreSQL, e2e, build	E2E tests	2026-10-06T03:46:31.4667261Z [269/796] [webkit-iphone] › tests/p2-b-identity.spec.ts:168:40 › create success accepts new name and scope from switcher
typecheck, test, PostgreSQL, e2e, build	E2E tests	2026-10-06T03:46:33.9712057Z [270/796] [webkit-iphone] › tests/p1-c-navigation.spec.ts:36:5 › 25 amount-only discard accepts B exactly once
typecheck, test, PostgreSQL, e2e, build	E2E tests	2026-10-06T03:46:36.6942970Z [271/796] [webkit-iphone] › tests/p2-a-entry.spec.ts:141:5 › incomplete percentages do not pretend to be equal and default snapshot stays frozen
typecheck, test, PostgreSQL, e2e, build	E2E tests	2026-10-06T03:46:44.3626479Z [272/796] [webkit-iphone] › tests/p1-c-navigation.spec.ts:37:5 › 26 description dirty is guarded and semantic reversion becomes clean
typecheck, test, PostgreSQL, e2e, build	E2E tests	2026-10-06T03:46:45.0284495Z [273/796] [webkit-iphone] › tests/p2-b-identity.spec.ts:168:40 › create success accepts new name and scope from empty list
typecheck, test, PostgreSQL, e2e, build	E2E tests	2026-10-06T03:46:52.7206569Z [274/796] [webkit-iphone] › tests/p2-b-identity.spec.ts:189:5 › empty list cancel returns to one clear create entry
typecheck, test, PostgreSQL, e2e, build	E2E tests	2026-10-06T03:46:53.0520800Z [275/796] [webkit-iphone] › tests/p1-b-entry.spec.ts:238:45 › correction success preserves commit when refresh fails
typecheck, test, PostgreSQL, e2e, build	E2E tests	2026-10-06T03:46:58.3757993Z [276/796] [webkit-iphone] › tests/p1-c-navigation.spec.ts:38:5 › 27 advanced-field-only note is dirty with empty amount and retains focus
typecheck, test, PostgreSQL, e2e, build	E2E tests	2026-10-06T03:47:00.5758321Z [277/796] [webkit-iphone] › tests/p2-b-identity.spec.ts:206:5 › archived-only list has no broken identity trigger
typecheck, test, PostgreSQL, e2e, build	E2E tests	2026-10-06T03:47:03.4437191Z [278/796] [webkit-iphone] › tests/p2-a-entry.spec.ts:154:68 › correction hydrates actual stored expense with historical exact shares
typecheck, test, PostgreSQL, e2e, build	E2E tests	2026-10-06T03:47:04.8832491Z [279/796] [webkit-iphone] › tests/p2-b-identity.spec.ts:214:5 › create rejection preserves name and scope; cancelled retry writes nothing
typecheck, test, PostgreSQL, e2e, build	E2E tests	2026-10-06T03:47:11.3828661Z [280/796] [webkit-iphone] › tests/p1-c-navigation.spec.ts:39:5 › 28 SUBMITTING blocks switch without aborting original POST
typecheck, test, PostgreSQL, e2e, build	E2E tests	2026-10-06T03:47:18.1993403Z [281/796] [webkit-iphone] › tests/p1-b-entry.spec.ts:260:5 › a stale posted receipt cannot downgrade balance/next payer or resurrect a later void
typecheck, test, PostgreSQL, e2e, build	E2E tests	2026-10-06T03:47:19.0206730Z [282/796] [webkit-iphone] › tests/p2-a-entry.spec.ts:154:68 › correction hydrates actual stored income with historical exact shares
typecheck, test, PostgreSQL, e2e, build	E2E tests	2026-10-06T03:47:20.3575885Z [283/796] [webkit-iphone] › tests/p2-b-identity.spec.ts:227:5 › create is single flight and keeps its only dialog until response
typecheck, test, PostgreSQL, e2e, build	E2E tests	2026-10-06T03:47:30.8457279Z [284/796] [webkit-iphone] › tests/p1-b-entry.spec.ts:273:5 › a stale posted receipt cannot resurrect a replaced transaction
typecheck, test, PostgreSQL, e2e, build	E2E tests	2026-10-06T03:47:31.5226982Z [285/796] [webkit-iphone] › tests/p1-c-navigation.spec.ts:40:76 › 29 COMMITTED with pending refresh permits switch
typecheck, test, PostgreSQL, e2e, build	E2E tests	2026-10-06T03:47:32.3124816Z [286/796] [webkit-iphone] › tests/p2-c-timeline.spec.ts:59:5 › 01–05 20+20 client window preserves identity and single date headings across 20/21 and 40/41
typecheck, test, PostgreSQL, e2e, build	E2E tests	2026-10-06T03:47:37.7220596Z [287/796] [webkit-iphone] › tests/p2-a-entry.spec.ts:154:68 › correction hydrates actual stored transfer with historical exact shares
typecheck, test, PostgreSQL, e2e, build	E2E tests	2026-10-06T03:47:45.9262174Z [288/796] [webkit-iphone] › tests/p1-b-entry.spec.ts:287:5 › partner login odd 681 uses kernel member order and opening defaults despite a background change
typecheck, test, PostgreSQL, e2e, build	E2E tests	2026-10-06T03:47:46.3907220Z [289/796] [webkit-iphone] › tests/p1-c-navigation.spec.ts:40:76 › 30 COMMITTED with failed refresh permits switch
typecheck, test, PostgreSQL, e2e, build	E2E tests	2026-10-06T03:47:57.0683121Z [290/796] [webkit-iphone] › tests/p1-b-entry.spec.ts:297:5 › midnight preserves the current draft date and opens the next draft with today's Taipei date
typecheck, test, PostgreSQL, e2e, build	E2E tests	2026-10-06T03:47:57.8367322Z [291/796] [webkit-iphone] › tests/p2-a-entry.spec.ts:172:5 › More retains non-default values and 200% text remains reachable without overflow
typecheck, test, PostgreSQL, e2e, build	E2E tests	2026-10-06T03:48:00.8927130Z [292/796] [webkit-iphone] › tests/p1-c-navigation.spec.ts:41:5 › 31 UNKNOWN blocks financial scope and activation is NOT-SENT
typecheck, test, PostgreSQL, e2e, build	E2E tests	2026-10-06T03:48:08.6898849Z   2) [webkit-iphone] › tests/p2-c-timeline.spec.ts:59:5 › 01–05 20+20 client window preserves identity and single date headings across 20/21 and 40/41 
typecheck, test, PostgreSQL, e2e, build	E2E tests	2026-10-06T03:48:08.7015541Z 
typecheck, test, PostgreSQL, e2e, build	E2E tests	2026-10-06T03:48:08.7066039Z     Test timeout of 30000ms exceeded.
typecheck, test, PostgreSQL, e2e, build	E2E tests	2026-10-06T03:48:08.7185444Z 
typecheck, test, PostgreSQL, e2e, build	E2E tests	2026-10-06T03:48:08.7246571Z     attachment #1: normal-timeline-20 (image/png) ──────────────────────────────────────────────────
typecheck, test, PostgreSQL, e2e, build	E2E tests	2026-10-06T03:48:08.7338268Z     output/playwright/results/p2-c-timeline-01–05-20-20--ffbf2-ings-across-20-21-and-40-41-webkit-iphone/attachments/normal-timeline-20-1cf971d6d5340d8fca03fce01186f6a58a7c9cf4.png
typecheck, test, PostgreSQL, e2e, build	E2E tests	2026-10-06T03:48:08.7366477Z     ────────────────────────────────────────────────────────────────────────────────────────────────
typecheck, test, PostgreSQL, e2e, build	E2E tests	2026-10-06T03:48:08.7415338Z 
typecheck, test, PostgreSQL, e2e, build	E2E tests	2026-10-06T03:48:08.7456494Z     attachment #2: load-older-40 (image/png) ───────────────────────────────────────────────────────
typecheck, test, PostgreSQL, e2e, build	E2E tests	2026-10-06T03:48:08.7517324Z     output/playwright/results/p2-c-timeline-01–05-20-20--ffbf2-ings-across-20-21-and-40-41-webkit-iphone/attachments/load-older-40-716d0c6821f8a9187fed9131d98c52a9db6cdc4a.png
typecheck, test, PostgreSQL, e2e, build	E2E tests	2026-10-06T03:48:08.7568215Z     ────────────────────────────────────────────────────────────────────────────────────────────────
typecheck, test, PostgreSQL, e2e, build	E2E tests	2026-10-06T03:48:08.7569518Z 
typecheck, test, PostgreSQL, e2e, build	E2E tests	2026-10-06T03:48:08.7570497Z     attachment #3: all-effective-rows (image/png) ──────────────────────────────────────────────────
typecheck, test, PostgreSQL, e2e, build	E2E tests	2026-10-06T03:48:08.7573041Z     output/playwright/results/p2-c-timeline-01–05-20-20--ffbf2-ings-across-20-21-and-40-41-webkit-iphone/attachments/all-effective-rows-a6b93f7448ba4e8bc1b9ad4c731be741c93364da.png
typecheck, test, PostgreSQL, e2e, build	E2E tests	2026-10-06T03:48:08.7575983Z     ────────────────────────────────────────────────────────────────────────────────────────────────
typecheck, test, PostgreSQL, e2e, build	E2E tests	2026-10-06T03:48:08.7576695Z 
typecheck, test, PostgreSQL, e2e, build	E2E tests	2026-10-06T03:48:08.7577567Z     attachment #4: screenshot (image/png) ──────────────────────────────────────────────────────────
typecheck, test, PostgreSQL, e2e, build	E2E tests	2026-10-06T03:48:08.7579314Z     output/playwright/results/p2-c-timeline-01–05-20-20--ffbf2-ings-across-20-21-and-40-41-webkit-iphone/test-failed-1.png
typecheck, test, PostgreSQL, e2e, build	E2E tests	2026-10-06T03:48:08.7581073Z     ────────────────────────────────────────────────────────────────────────────────────────────────
typecheck, test, PostgreSQL, e2e, build	E2E tests	2026-10-06T03:48:08.7581754Z 
typecheck, test, PostgreSQL, e2e, build	E2E tests	2026-10-06T03:48:08.7582588Z     attachment #5: video (video/webm) ──────────────────────────────────────────────────────────────
typecheck, test, PostgreSQL, e2e, build	E2E tests	2026-10-06T03:48:08.7584290Z     output/playwright/results/p2-c-timeline-01–05-20-20--ffbf2-ings-across-20-21-and-40-41-webkit-iphone/video.webm
typecheck, test, PostgreSQL, e2e, build	E2E tests	2026-10-06T03:48:08.7586114Z     ────────────────────────────────────────────────────────────────────────────────────────────────
typecheck, test, PostgreSQL, e2e, build	E2E tests	2026-10-06T03:48:08.7587562Z 
typecheck, test, PostgreSQL, e2e, build	E2E tests	2026-10-06T03:48:08.7588859Z     Error Context: output/playwright/results/p2-c-timeline-01–05-20-20--ffbf2-ings-across-20-21-and-40-41-webkit-iphone/error-context.md
typecheck, test, PostgreSQL, e2e, build	E2E tests	2026-10-06T03:48:08.7589947Z 
typecheck, test, PostgreSQL, e2e, build	E2E tests	2026-10-06T03:48:08.7591008Z     attachment #7: trace (application/zip) ─────────────────────────────────────────────────────────
typecheck, test, PostgreSQL, e2e, build	E2E tests	2026-10-06T03:48:08.7746951Z     output/playwright/results/p2-c-timeline-01–05-20-20--ffbf2-ings-across-20-21-and-40-41-webkit-iphone/trace.zip
typecheck, test, PostgreSQL, e2e, build	E2E tests	2026-10-06T03:48:08.7835739Z     Usage:
typecheck, test, PostgreSQL, e2e, build	E2E tests	2026-10-06T03:48:08.7869418Z 
typecheck, test, PostgreSQL, e2e, build	E2E tests	2026-10-06T03:48:08.7872425Z         pnpm exec playwright show-trace output/playwright/results/p2-c-timeline-01–05-20-20--ffbf2-ings-across-20-21-and-40-41-webkit-iphone/trace.zip
typecheck, test, PostgreSQL, e2e, build	E2E tests	2026-10-06T03:48:08.7873590Z 
typecheck, test, PostgreSQL, e2e, build	E2E tests	2026-10-06T03:48:08.7874378Z     ────────────────────────────────────────────────────────────────────────────────────────────────
typecheck, test, PostgreSQL, e2e, build	E2E tests	2026-10-06T03:48:08.7875361Z 
typecheck, test, PostgreSQL, e2e, build	E2E tests	2026-10-06T03:48:08.7875476Z 
typecheck, test, PostgreSQL, e2e, build	E2E tests	2026-10-06T03:48:10.2779684Z [293/796] [webkit-iphone] › tests/p2-c-timeline.spec.ts:82:5 › 06 today yesterday cross-year and future use occurrence date under Taipei semantics
typecheck, test, PostgreSQL, e2e, build	E2E tests	2026-10-06T03:48:11.2577310Z [294/796] [webkit-iphone] › tests/p1-b-entry.spec.ts:310:5 › recovery persistence overhead is bounded and stores only submitted operations
typecheck, test, PostgreSQL, e2e, build	E2E tests	2026-10-06T03:48:17.9952110Z [295/796] [webkit-iphone] › tests/p1-c-navigation.spec.ts:42:5 › 32 UNKNOWN replay remains bound to original Ledger body and key
typecheck, test, PostgreSQL, e2e, build	E2E tests	2026-10-06T03:48:20.9582061Z [296/796] [webkit-iphone] › tests/p2-a-entry.spec.ts:186:5 › switching both to transfer requires an explicit sender and never dispatches a guessed direction
typecheck, test, PostgreSQL, e2e, build	E2E tests	2026-10-06T03:48:22.5726507Z [297/796] [webkit-iphone] › tests/p1-c-races.spec.ts:7:5 › native push and replace remain observable and preserve unrelated and Next state
typecheck, test, PostgreSQL, e2e, build	E2E tests	2026-10-06T03:48:30.6510947Z [298/796] [webkit-iphone] › tests/p1-c-races.spec.ts:22:5 › LIFF redirect parameters are untouched until init resolves
typecheck, test, PostgreSQL, e2e, build	E2E tests	2026-10-06T03:48:32.8370050Z [299/796] [webkit-iphone] › tests/p1-c-navigation.spec.ts:43:5 › 33 latest pending destination wins without queued switches
typecheck, test, PostgreSQL, e2e, build	E2E tests	2026-10-06T03:48:34.6139599Z [300/796] [webkit-iphone] › tests/p2-c-timeline.spec.ts:91:5 › 07 long purpose stays bounded on row and appears in full with long note in Detail
typecheck, test, PostgreSQL, e2e, build	E2E tests	2026-10-06T03:48:34.7667373Z [301/796] [webkit-iphone] › tests/p1-c-races.spec.ts:37:5 › delayed deep-link B cannot pull a subsequent manual A selection back
typecheck, test, PostgreSQL, e2e, build	E2E tests	2026-10-06T03:48:40.7122185Z [302/796] [webkit-iphone] › tests/p2-a-entry.spec.ts:197:5 › second-member controls retain Ledger order, full kernel preview and associated incomplete errors
typecheck, test, PostgreSQL, e2e, build	E2E tests	2026-10-06T03:48:42.5162949Z [303/796] [webkit-iphone] › tests/p1-c-races.spec.ts:46:42 › A-B-A late first A bootstrap success cannot overwrite new A
typecheck, test, PostgreSQL, e2e, build	E2E tests	2026-10-06T03:48:45.8658038Z [304/796] [webkit-iphone] › tests/p1-c-navigation.spec.ts:44:76 › 34 popstate dirty cancel restores truth without activation
typecheck, test, PostgreSQL, e2e, build	E2E tests	2026-10-06T03:48:49.1038609Z [305/796] [webkit-iphone] › tests/p2-c-timeline.spec.ts:100:5 › 08 huge canonical TWD remains exact and readable at 200% text
typecheck, test, PostgreSQL, e2e, build	E2E tests	2026-10-06T03:48:55.0627616Z [306/796] [webkit-iphone] › tests/p1-c-navigation.spec.ts:44:76 › 35 popstate dirty accept restores truth without activation
typecheck, test, PostgreSQL, e2e, build	E2E tests	2026-10-06T03:48:56.6038561Z [307/796] [webkit-iphone] › tests/p1-c-races.spec.ts:46:42 › A-B-A late first A bootstrap failure cannot overwrite new A
typecheck, test, PostgreSQL, e2e, build	E2E tests	2026-10-06T03:49:00.6989285Z [308/796] [webkit-iphone] › tests/v2-liff.spec.ts:230:5 › P1-A keeps the native transaction date fully readable at mobile widths and enlarged text
typecheck, test, PostgreSQL, e2e, build	E2E tests	2026-10-06T03:49:03.0160470Z [309/796] [webkit-iphone] › tests/p1-c-navigation.spec.ts:45:5 › 36 repeated Back and Forward do not loop or inflate history
typecheck, test, PostgreSQL, e2e, build	E2E tests	2026-10-06T03:49:10.2088768Z [310/796] [webkit-iphone] › tests/v2-liff.spec.ts:323:5 › uses the V2 startup request budget
typecheck, test, PostgreSQL, e2e, build	E2E tests	2026-10-06T03:49:10.3187085Z [311/796] [webkit-iphone] › tests/p1-c-races.spec.ts:61:7 › A-B-A late categories success stays in its generation
typecheck, test, PostgreSQL, e2e, build	E2E tests	2026-10-06T03:49:11.6012861Z [312/796] [webkit-iphone] › tests/p1-c-navigation.spec.ts:46:5 › 37 late activation and secondary errors cannot contaminate newer Ledger
typecheck, test, PostgreSQL, e2e, build	E2E tests	2026-10-06T03:49:14.4628529Z [313/796] [webkit-iphone] › tests/p2-c-timeline.spec.ts:114:8 › 09 expense row and Detail use truthful type/payment semantics
typecheck, test, PostgreSQL, e2e, build	E2E tests	2026-10-06T03:49:16.0124645Z [314/796] [webkit-iphone] › tests/v2-liff.spec.ts:334:5 › P1-A restores zoom and keeps primary controls readable and tappable
typecheck, test, PostgreSQL, e2e, build	E2E tests	2026-10-06T03:49:24.1939370Z [315/796] [webkit-iphone] › tests/p1-c-navigation.spec.ts:47:5 › 38 Escape equals visible cancel and host never stacks dialogs
typecheck, test, PostgreSQL, e2e, build	E2E tests	2026-10-06T03:49:26.5527231Z [316/796] [webkit-iphone] › tests/p1-c-races.spec.ts:61:7 › A-B-A late categories failure stays in its generation
typecheck, test, PostgreSQL, e2e, build	E2E tests	2026-10-06T03:49:34.0115539Z [317/796] [webkit-iphone] › tests/p2-c-timeline.spec.ts:114:8 › 10 income row and Detail use truthful type/payment semantics
typecheck, test, PostgreSQL, e2e, build	E2E tests	2026-10-06T03:49:34.8807671Z [318/796] [webkit-iphone] › tests/p1-c-navigation.spec.ts:48:5 › 39 native dialog labels traps background and restores Ledger trigger focus
typecheck, test, PostgreSQL, e2e, build	E2E tests	2026-10-06T03:49:41.1307530Z [319/796] [webkit-iphone] › tests/p1-c-races.spec.ts:61:7 › A-B-A late recurring success stays in its generation
typecheck, test, PostgreSQL, e2e, build	E2E tests	2026-10-06T03:49:44.7054515Z [320/796] [webkit-iphone] › tests/v2-liff.spec.ts:421:5 › P1-A keeps keyboard focus visible and honors reduced motion
typecheck, test, PostgreSQL, e2e, build	E2E tests	2026-10-06T03:49:47.7130410Z [321/796] [webkit-iphone] › tests/p2-c-timeline.spec.ts:114:8 › 11 transfer row and Detail use truthful type/payment semantics
typecheck, test, PostgreSQL, e2e, build	E2E tests	2026-10-06T03:49:49.6324917Z [322/796] [webkit-iphone] › tests/v2-liff.spec.ts:452:5 › P1-A keeps long Ledger names and large TWD balances reachable at 200% text size
typecheck, test, PostgreSQL, e2e, build	E2E tests	2026-10-06T03:49:49.7467858Z [323/796] [webkit-iphone] › tests/p1-c-navigation.spec.ts:49:5 › 40 per-Ledger Home scroll restores A to B to A
typecheck, test, PostgreSQL, e2e, build	E2E tests	2026-10-06T03:49:54.1787111Z [324/796] [webkit-iphone] › tests/p1-c-races.spec.ts:61:7 › A-B-A late recurring failure stays in its generation
typecheck, test, PostgreSQL, e2e, build	E2E tests	2026-10-06T03:49:57.5117840Z [325/796] [webkit-iphone] › tests/v2-liff.spec.ts:475:5 › loads statistics and recurring rules only when their secondary UI is opened
typecheck, test, PostgreSQL, e2e, build	E2E tests	2026-10-06T03:50:00.8088319Z [326/796] [webkit-iphone] › tests/p2-c-timeline.spec.ts:114:8 › 12 both-payer row and Detail use truthful type/payment semantics
typecheck, test, PostgreSQL, e2e, build	E2E tests	2026-10-06T03:50:06.1017147Z [327/796] [webkit-iphone] › tests/p1-c-races.spec.ts:61:7 › A-B-A late statistics success stays in its generation
typecheck, test, PostgreSQL, e2e, build	E2E tests	2026-10-06T03:50:07.9621417Z [328/796] [webkit-iphone] › tests/v2-liff.spec.ts:482:5 › shows server-confirmed saving and success feedback without waiting for history reload
typecheck, test, PostgreSQL, e2e, build	E2E tests	2026-10-06T03:50:09.2517063Z [329/796] [webkit-iphone] › tests/p1-c-navigation.spec.ts:50:5 › 41 Search query does not carry from A into B
typecheck, test, PostgreSQL, e2e, build	E2E tests	2026-10-06T03:50:13.1327652Z [330/796] [webkit-iphone] › tests/p2-c-timeline.spec.ts:145:5 › 13–17 canonical Detail focuses heading, opens at top and returns scroll/focus to row beyond initial 20
typecheck, test, PostgreSQL, e2e, build	E2E tests	2026-10-06T03:50:14.9074573Z [331/796] [webkit-iphone] › tests/v2-liff.spec.ts:506:5 › payer and split choices use the existing native host while low-frequency fields stay under More
typecheck, test, PostgreSQL, e2e, build	E2E tests	2026-10-06T03:50:19.9717030Z [332/796] [webkit-iphone] › tests/p1-c-races.spec.ts:61:7 › A-B-A late statistics failure stays in its generation
typecheck, test, PostgreSQL, e2e, build	E2E tests	2026-10-06T03:50:21.4971335Z [333/796] [webkit-iphone] › tests/p1-c-navigation.spec.ts:51:5 › 42 proposal compatibility remains reachable without claimed Ledger ownership
typecheck, test, PostgreSQL, e2e, build	E2E tests	2026-10-06T03:50:25.2521020Z [334/796] [webkit-iphone] › tests/p1-c-navigation.spec.ts:52:5 › 43 200 percent text has no body overflow and important controls remain 44px
typecheck, test, PostgreSQL, e2e, build	E2E tests	2026-10-06T03:50:28.4237663Z [335/796] [webkit-iphone] › tests/v2-liff.spec.ts:531:5 › uses continuous balance language for either payer and balanced state
typecheck, test, PostgreSQL, e2e, build	E2E tests	2026-10-06T03:50:32.3727156Z [336/796] [webkit-iphone] › tests/p1-c-races.spec.ts:61:7 › A-B-A late history success stays in its generation
typecheck, test, PostgreSQL, e2e, build	E2E tests	2026-10-06T03:50:35.0731178Z [337/796] [webkit-iphone] › tests/p1-c-navigation.spec.ts:53:5 › 44 reduced motion retains native focus and navigation
typecheck, test, PostgreSQL, e2e, build	E2E tests	2026-10-06T03:50:36.1997071Z [338/796] [webkit-iphone] › tests/v2-liff.spec.ts:542:5 › keeps the daily UI usable on a narrow mobile viewport
typecheck, test, PostgreSQL, e2e, build	E2E tests	2026-10-06T03:50:39.0941483Z [339/796] [webkit-iphone] › tests/p2-c-timeline.spec.ts:160:5 › 18–19 direct Detail and reload replace Back to scoped Home without app-origin history escape
typecheck, test, PostgreSQL, e2e, build	E2E tests	2026-10-06T03:50:44.5447102Z [340/796] [webkit-iphone] › tests/p1-c-navigation.spec.ts:55:5 › 45 browser Back restores the original transaction row focus
typecheck, test, PostgreSQL, e2e, build	E2E tests	2026-10-06T03:50:46.9546985Z [341/796] [webkit-iphone] › tests/p1-c-races.spec.ts:61:7 › A-B-A late history failure stays in its generation
typecheck, test, PostgreSQL, e2e, build	E2E tests	2026-10-06T03:50:52.0199762Z [342/796] [webkit-iphone] › tests/p1-c-navigation.spec.ts:62:5 › 46 dirty discard into a secondary surface focuses heading after dialog closes
typecheck, test, PostgreSQL, e2e, build	E2E tests	2026-10-06T03:50:55.5840874Z [343/796] [webkit-iphone] › tests/v2-liff.spec.ts:559:5 › keeps voided transactions distinct in canonical Detail and excludes them from daily history
typecheck, test, PostgreSQL, e2e, build	E2E tests	2026-10-06T03:50:55.6880088Z [344/796] [webkit-iphone] › tests/p2-c-timeline.spec.ts:169:129 › 20 wrong scoped or nonexistent transaction never falls back
typecheck, test, PostgreSQL, e2e, build	E2E tests	2026-10-06T03:50:59.6182528Z [345/796] [webkit-iphone] › tests/p1-c-races.spec.ts:91:5 › same-ledger Detail identity change cannot reuse previous attachments
typecheck, test, PostgreSQL, e2e, build	E2E tests	2026-10-06T03:51:00.9967565Z [346/796] [webkit-iphone] › tests/p2-c-timeline.spec.ts:169:129 › 21 wrong scoped or nonexistent transaction never falls back
typecheck, test, PostgreSQL, e2e, build	E2E tests	2026-10-06T03:51:02.8433707Z [347/796] [webkit-iphone] › tests/p1-c-navigation.spec.ts:70:5 › 47 amount and purpose closing guard cancels without losing input
typecheck, test, PostgreSQL, e2e, build	E2E tests	2026-10-06T03:51:04.9375861Z [348/796] [webkit-iphone] › tests/p2-c-timeline.spec.ts:179:5 › 22–24 replaced and void historical deep links resolve and 查看新版 opens exact replacement
typecheck, test, PostgreSQL, e2e, build	E2E tests	2026-10-06T03:51:08.5657265Z [349/796] [webkit-iphone] › tests/p1-c-races.spec.ts:101:5 › search failure is visible on Search and absent after leaving its scope
typecheck, test, PostgreSQL, e2e, build	E2E tests	2026-10-06T03:51:13.1397307Z [350/796] [webkit-iphone] › tests/p1-c-navigation.spec.ts:80:5 › 48 UNKNOWN latest destination survives replay and replaces initial deep-link intent
typecheck, test, PostgreSQL, e2e, build	E2E tests	2026-10-06T03:51:15.9404815Z [351/796] [webkit-iphone] › tests/p2-c-timeline.spec.ts:187:5 › 25–26 edit uses shared P2-A controls and clean cancel returns to Detail
typecheck, test, PostgreSQL, e2e, build	E2E tests	2026-10-06T03:51:16.5624418Z [352/796] [webkit-iphone] › tests/p1-c-races.spec.ts:110:5 › same-ledger proposal compatibility responses stay with their proposal id
typecheck, test, PostgreSQL, e2e, build	E2E tests	2026-10-06T03:51:20.3757296Z [353/796] [webkit-iphone] › tests/p1-c-races.spec.ts:122:52 › popstate while SUBMITTING keeps original scope and sends no destination request
typecheck, test, PostgreSQL, e2e, build	E2E tests	2026-10-06T03:51:21.2506263Z [354/796] [webkit-iphone] › tests/v2-liff.spec.ts:574:5 › uses the canonical save response without reloading the Ledger
typecheck, test, PostgreSQL, e2e, build	E2E tests	2026-10-06T03:51:28.2004337Z [355/796] [webkit-iphone] › tests/v2-liff.spec.ts:583:5 › keeps the draft on a rejected POST and does not add a local row
typecheck, test, PostgreSQL, e2e, build	E2E tests	2026-10-06T03:51:29.5438819Z [356/796] [webkit-iphone] › tests/p1-c-races.spec.ts:122:52 › popstate while UNKNOWN keeps original scope and sends no destination request
typecheck, test, PostgreSQL, e2e, build	E2E tests	2026-10-06T03:51:31.9964679Z [357/796] [webkit-iphone] › tests/p1-c-navigation.spec.ts:92:5 › 49 committed recovery awaiting A read permits B without hydrating A into B
typecheck, test, PostgreSQL, e2e, build	E2E tests	2026-10-06T03:51:34.7577179Z [358/796] [webkit-iphone] › tests/p2-c-timeline.spec.ts:196:46 › 27 correction known commit remains success when read succeeds
typecheck, test, PostgreSQL, e2e, build	E2E tests	2026-10-06T03:51:35.7087102Z [359/796] [webkit-iphone] › tests/v2-liff.spec.ts:595:5 › reuses the idempotency key on an unchanged retry
typecheck, test, PostgreSQL, e2e, build	E2E tests	2026-10-06T03:51:39.3912084Z [360/796] [webkit-iphone] › tests/p1-c-races.spec.ts:139:5 › late refresh and background resume do not steal editing focus
typecheck, test, PostgreSQL, e2e, build	E2E tests	2026-10-06T03:51:44.7329195Z [361/796] [webkit-iphone] › tests/v2-liff.spec.ts:609:5 › keeps a committed transaction out of a nonmatching search projection
typecheck, test, PostgreSQL, e2e, build	E2E tests	2026-10-06T03:51:45.1770108Z [362/796] [webkit-iphone] › tests/p1-c-navigation.spec.ts:103:46 › 50 bootstrap 401 has a scoped recovery action
typecheck, test, PostgreSQL, e2e, build	E2E tests	2026-10-06T03:51:46.0890062Z [363/796] [webkit-iphone] › tests/p1-c-races.spec.ts:150:49 › 收支概況 Back restores Home scroll; reload resets it
typecheck, test, PostgreSQL, e2e, build	E2E tests	2026-10-06T03:51:50.5747143Z [364/796] [webkit-iphone] › tests/p1-c-navigation.spec.ts:103:46 › 50 bootstrap 403 has a scoped recovery action
typecheck, test, PostgreSQL, e2e, build	E2E tests	2026-10-06T03:51:54.3777784Z [365/796] [webkit-iphone] › tests/p2-c-timeline.spec.ts:196:46 › 28 correction known commit remains success when read 500
typecheck, test, PostgreSQL, e2e, build	E2E tests	2026-10-06T03:51:54.9667270Z [366/796] [webkit-iphone] › tests/p1-c-navigation.spec.ts:103:46 › 50 bootstrap 404 has a scoped recovery action
typecheck, test, PostgreSQL, e2e, build	E2E tests	2026-10-06T03:51:55.2700643Z [367/796] [webkit-iphone] › tests/v2-liff.spec.ts:649:5 › V3-0 ignores reversed bootstrap responses after explicit draft discard
typecheck, test, PostgreSQL, e2e, build	E2E tests	2026-10-06T03:51:59.5457152Z [368/796] [webkit-iphone] › tests/p1-c-navigation.spec.ts:103:46 › 50 bootstrap 500 has a scoped recovery action
typecheck, test, PostgreSQL, e2e, build	E2E tests	2026-10-06T03:52:01.7227350Z [369/796] [webkit-iphone] › tests/p1-c-races.spec.ts:150:49 › 帳本設定 Back restores Home scroll; reload resets it
typecheck, test, PostgreSQL, e2e, build	E2E tests	2026-10-06T03:52:04.8950878Z [370/796] [chromium-393] › tests/p1-b-entry.spec.ts:25:5 › normal create commits row, balance and next payer together without a bootstrap refresh
typecheck, test, PostgreSQL, e2e, build	E2E tests	2026-10-06T03:52:10.7527365Z [371/796] [webkit-iphone] › tests/v2-liff.spec.ts:672:5 › V3-0 rapid A B A switches ignore the first A generation and stale errors
typecheck, test, PostgreSQL, e2e, build	E2E tests	2026-10-06T03:52:10.8237752Z [372/796] [webkit-iphone] › tests/p2-c-timeline.spec.ts:207:46 › 29 explicit void preserves known success when read succeeds
typecheck, test, PostgreSQL, e2e, build	E2E tests	2026-10-06T03:52:12.4216587Z [373/796] [chromium-393] › tests/p1-b-entry.spec.ts:39:5 › double tap owns one operation and guards switching while submitting
typecheck, test, PostgreSQL, e2e, build	E2E tests	2026-10-06T03:52:16.1398135Z [374/796] [webkit-iphone] › tests/p1-c-races.spec.ts:150:49 › 搜尋 Back restores Home scroll; reload resets it
typecheck, test, PostgreSQL, e2e, build	E2E tests	2026-10-06T03:52:20.5770527Z [375/796] [chromium-393] › tests/p1-b-entry.spec.ts:54:5 › commit then dropped response reloads UNKNOWN and explicit replay returns original result with identical body/key
typecheck, test, PostgreSQL, e2e, build	E2E tests	2026-10-06T03:52:24.2367087Z [376/796] [webkit-iphone] › tests/v2-liff.spec.ts:691:7 › V3-0 ignores reversed statistics responses across Ledgers
typecheck, test, PostgreSQL, e2e, build	E2E tests	2026-10-06T03:52:29.8837515Z [377/796] [chromium-393] › tests/p1-b-entry.spec.ts:72:5 › compatible partial commit plus GET 500 stays COMMITTED, including reload and read-only retry
typecheck, test, PostgreSQL, e2e, build	E2E tests	2026-10-06T03:52:32.4057581Z [378/796] [webkit-iphone] › tests/p1-c-races.spec.ts:164:47 › unsaved setting 新增自訂分類 shares the leave host and preserves focus on cancel
typecheck, test, PostgreSQL, e2e, build	E2E tests	2026-10-06T03:52:35.0177319Z [379/796] [webkit-iphone] › tests/p2-c-timeline.spec.ts:207:46 › 30 explicit void preserves known success when read 500
typecheck, test, PostgreSQL, e2e, build	E2E tests	2026-10-06T03:52:35.5009883Z [380/796] [webkit-iphone] › tests/v2-liff.spec.ts:691:7 › V3-0 ignores reversed categories responses across Ledgers
typecheck, test, PostgreSQL, e2e, build	E2E tests	2026-10-06T03:52:39.4538579Z [381/796] [chromium-393] › tests/p1-b-entry.spec.ts:83:63 › malformed 2xx cannot claim success
typecheck, test, PostgreSQL, e2e, build	E2E tests	2026-10-06T03:52:42.7652595Z [382/796] [webkit-iphone] › tests/p1-c-races.spec.ts:164:47 › unsaved setting 週期交易名稱 shares the leave host and preserves focus on cancel
typecheck, test, PostgreSQL, e2e, build	E2E tests	2026-10-06T03:52:43.1810889Z [383/796] [chromium-393] › tests/p1-b-entry.spec.ts:83:63 › wrong-scope 2xx cannot claim success
typecheck, test, PostgreSQL, e2e, build	E2E tests	2026-10-06T03:52:48.0277309Z [384/796] [chromium-393] › tests/p1-b-entry.spec.ts:89:5 › storage unavailable or incorrect read-back prevents POST and keeps editing
typecheck, test, PostgreSQL, e2e, build	E2E tests	2026-10-06T03:52:48.3937198Z [385/796] [webkit-iphone] › tests/v2-liff.spec.ts:691:7 › V3-0 ignores reversed recurring responses across Ledgers
typecheck, test, PostgreSQL, e2e, build	E2E tests	2026-10-06T03:52:51.7429485Z [386/796] [webkit-iphone] › tests/p1-c-races.spec.ts:177:88 › stats read 401 offers the correct recovery action without changing Ledger preference
typecheck, test, PostgreSQL, e2e, build	E2E tests	2026-10-06T03:52:53.1477863Z [387/796] [chromium-393] › tests/p1-b-entry.spec.ts:98:5 › recovery identity mismatch reveals no stored financial content and cannot replay
typecheck, test, PostgreSQL, e2e, build	E2E tests	2026-10-06T03:52:56.0537685Z [388/796] [webkit-iphone] › tests/p1-c-races.spec.ts:177:88 › stats read 500 offers the correct recovery action without changing Ledger preference
typecheck, test, PostgreSQL, e2e, build	E2E tests	2026-10-06T03:52:59.8797248Z [389/796] [chromium-393] › tests/p1-b-entry.spec.ts:108:5 › recovery couple mismatch cannot hydrate even when actor and ledger IDs match
typecheck, test, PostgreSQL, e2e, build	E2E tests	2026-10-06T03:53:00.3687366Z [390/796] [webkit-iphone] › tests/p1-c-races.spec.ts:177:88 › recurring read 401 offers the correct recovery action without changing Ledger preference
typecheck, test, PostgreSQL, e2e, build	E2E tests	2026-10-06T03:53:00.8997588Z [391/796] [webkit-iphone] › tests/p2-c-timeline.spec.ts:218:5 › 31 historical void Detail retains service restore ability
typecheck, test, PostgreSQL, e2e, build	E2E tests	2026-10-06T03:53:02.1407231Z [392/796] [webkit-iphone] › tests/v2-liff.spec.ts:691:7 › V3-0 ignores reversed transactions responses across Ledgers
typecheck, test, PostgreSQL, e2e, build	E2E tests	2026-10-06T03:53:04.8027992Z [393/796] [webkit-iphone] › tests/p1-c-races.spec.ts:177:88 › recurring read 500 offers the correct recovery action without changing Ledger preference
typecheck, test, PostgreSQL, e2e, build	E2E tests	2026-10-06T03:53:08.0808149Z [394/796] [chromium-393] › tests/p1-b-entry.spec.ts:115:5 › Ledger A recovery takes priority over URL B without activating or moving a write to B
typecheck, test, PostgreSQL, e2e, build	E2E tests	2026-10-06T03:53:10.1778499Z [395/796] [webkit-iphone] › tests/p1-c-races.spec.ts:177:88 › search read 401 offers the correct recovery action without changing Ledger preference
typecheck, test, PostgreSQL, e2e, build	E2E tests	2026-10-06T03:53:13.3849022Z [396/796] [webkit-iphone] › tests/v2-liff.spec.ts:719:5 › V3-0 switching Ledger after a deep link stays on the manual selection
typecheck, test, PostgreSQL, e2e, build	E2E tests	2026-10-06T03:53:15.1001572Z [397/796] [webkit-iphone] › tests/p1-c-races.spec.ts:177:88 › search read 500 offers the correct recovery action without changing Ledger preference
typecheck, test, PostgreSQL, e2e, build	E2E tests	2026-10-06T03:53:16.8497876Z [398/796] [chromium-393] › tests/p1-b-entry.spec.ts:129:5 › unknown followed by 401 remains unknown with original operation
typecheck, test, PostgreSQL, e2e, build	E2E tests	2026-10-06T03:53:20.7227436Z [399/796] [webkit-iphone] › tests/p1-c-races.spec.ts:200:5 › stale app-origin row marker falls back to a surviving Home row
typecheck, test, PostgreSQL, e2e, build	E2E tests	2026-10-06T03:53:21.6654479Z [400/796] [chromium-393] › tests/p1-b-entry.spec.ts:138:5 › authorized A recovery remains available when the linked Ledger no longer exists
typecheck, test, PostgreSQL, e2e, build	E2E tests	2026-10-06T03:53:24.4977072Z [401/796] [webkit-iphone] › tests/v2-liff.spec.ts:737:5 › V3-0 guards a late A save, then explicit discard cannot reuse A feedback or key in B
typecheck, test, PostgreSQL, e2e, build	E2E tests	2026-10-06T03:53:27.9798117Z [402/796] [webkit-iphone] › tests/p2-c-timeline.spec.ts:226:5 › 32–34 receipt existing open upload and delete stay within Detail attachment capability
typecheck, test, PostgreSQL, e2e, build	E2E tests	2026-10-06T03:53:29.7347625Z [403/796] [chromium-393] › tests/p1-b-entry.spec.ts:151:5 › an actor change in the existing document is detected before replay POST
typecheck, test, PostgreSQL, e2e, build	E2E tests	2026-10-06T03:53:33.6568705Z [404/796] [chromium-393] › tests/p1-b-entry.spec.ts:160:5 › a new authorization failure hides cached financial content without discarding commit proof
typecheck, test, PostgreSQL, e2e, build	E2E tests	2026-10-06T03:53:36.0373802Z [405/796] [chromium-393] › tests/p1-c-navigation.spec.ts:15:5 › 01 normal launch replaces current URL with explicit canonical Ledger
typecheck, test, PostgreSQL, e2e, build	E2E tests	2026-10-06T03:53:37.2337551Z [406/796] [chromium-393] › tests/p1-b-entry.spec.ts:171:5 › timeout after dispatch becomes unknown and preserves the exact recovery operation
typecheck, test, PostgreSQL, e2e, build	E2E tests	2026-10-06T03:53:40.2457046Z [407/796] [chromium-393] › tests/p1-c-navigation.spec.ts:16:5 › 02 explicit B deep link reads only B
typecheck, test, PostgreSQL, e2e, build	E2E tests	2026-10-06T03:53:42.0907446Z [408/796] [chromium-393] › tests/p1-b-entry.spec.ts:181:5 › correction drop-response reload replay retains original replacement and expected version
typecheck, test, PostgreSQL, e2e, build	E2E tests	2026-10-06T03:53:44.0527010Z [409/796] [webkit-iphone] › tests/p2-c-timeline.spec.ts:238:5 › 35 attachment failure preserves posted financial state and sends no financial mutation
typecheck, test, PostgreSQL, e2e, build	E2E tests	2026-10-06T03:53:44.5306994Z [410/796] [chromium-393] › tests/p1-c-navigation.spec.ts:17:130 › 03 nonexistent explicit target offers bounded recovery
typecheck, test, PostgreSQL, e2e, build	E2E tests	2026-10-06T03:53:45.0117028Z [411/796] [webkit-iphone] › tests/v2-liff.spec.ts:770:40 › P1-B normal create performance sample
typecheck, test, PostgreSQL, e2e, build	E2E tests	2026-10-06T03:53:49.5902948Z [412/796] [chromium-393] › tests/p1-c-navigation.spec.ts:17:130 › 04 unauthorized explicit target offers bounded recovery
typecheck, test, PostgreSQL, e2e, build	E2E tests	2026-10-06T03:53:49.5947960Z [413/796] [chromium-393] › tests/p1-b-entry.spec.ts:192:5 › first rejection preserves editable draft and unchanged retry reuses the key
typecheck, test, PostgreSQL, e2e, build	E2E tests	2026-10-06T03:53:53.6321875Z [414/796] [chromium-393] › tests/p2-a-entry.spec.ts:55:35 › command body matches P1-B and kernel: default-simple-1-1
typecheck, test, PostgreSQL, e2e, build	E2E tests	2026-10-06T03:53:53.8388093Z [415/796] [webkit-iphone] › tests/p2-c-timeline.spec.ts:247:5 › 36–37 timeline has one interactive row and no legacy details or duplicate financial/receipt actions
typecheck, test, PostgreSQL, e2e, build	E2E tests	2026-10-06T03:53:54.0373937Z [416/796] [chromium-393] › tests/p1-c-navigation.spec.ts:18:5 › 05 invalid explicit B never paints A content
typecheck, test, PostgreSQL, e2e, build	E2E tests	2026-10-06T03:53:54.3614703Z [417/796] [chromium-393] › tests/p1-b-entry.spec.ts:201:5 › one create/correction draft requires explicit keep or discard
typecheck, test, PostgreSQL, e2e, build	E2E tests	2026-10-06T03:53:57.0887635Z [418/796] [chromium-393] › tests/p1-c-navigation.spec.ts:19:5 › 06 transaction with correct Ledger reconstructs and focuses detail
typecheck, test, PostgreSQL, e2e, build	E2E tests	2026-10-06T03:54:00.2767303Z [419/796] [chromium-393] › tests/p1-c-navigation.spec.ts:20:5 › 07 transaction with wrong Ledger shows link error without guessing another Ledger
typecheck, test, PostgreSQL, e2e, build	E2E tests	2026-10-06T03:54:00.8572837Z [420/796] [chromium-393] › tests/p1-b-entry.spec.ts:213:5 › creating a Ledger after discarding A opens a usable draft in the new Ledger
typecheck, test, PostgreSQL, e2e, build	E2E tests	2026-10-06T03:54:01.1757495Z [421/796] [chromium-393] › tests/p2-a-entry.spec.ts:55:35 › command body matches P1-B and kernel: non-50-50-second-member-partner-2-1
typecheck, test, PostgreSQL, e2e, build	E2E tests	2026-10-06T03:54:02.6551312Z [422/796] [chromium-393] › tests/p1-c-navigation.spec.ts:21:5 › 08 transaction without Ledger does not scan for ownership
typecheck, test, PostgreSQL, e2e, build	E2E tests	2026-10-06T03:54:04.2380911Z [423/796] [webkit-iphone] › tests/p2-c-timeline.spec.ts:256:5 › 38–39 Search preserves secondary filters and include-void reveals historical row, with origin Back
typecheck, test, PostgreSQL, e2e, build	E2E tests	2026-10-06T03:54:05.6944736Z [424/796] [chromium-393] › tests/p1-c-navigation.spec.ts:22:5 › 09 app row pushes detail and Back restores row focus
typecheck, test, PostgreSQL, e2e, build	E2E tests	2026-10-06T03:54:07.1182592Z [425/796] [chromium-393] › tests/p1-b-entry.spec.ts:238:45 › correction success preserves commit when refresh succeeds
typecheck, test, PostgreSQL, e2e, build	E2E tests	2026-10-06T03:54:08.2821171Z [426/796] [chromium-393] › tests/p2-a-entry.spec.ts:55:35 › command body matches P1-B and kernel: both-payers-second-member-0-1
typecheck, test, PostgreSQL, e2e, build	E2E tests	2026-10-06T03:54:11.1865004Z [427/796] [chromium-393] › tests/p1-c-navigation.spec.ts:23:5 › 10 direct detail visible Back replaces to Home without leaving product
typecheck, test, PostgreSQL, e2e, build	E2E tests	2026-10-06T03:54:15.0497085Z [428/796] [chromium-393] › tests/p2-a-entry.spec.ts:55:35 › command body matches P1-B and kernel: equal-second-member
typecheck, test, PostgreSQL, e2e, build	E2E tests	2026-10-06T03:54:15.2203265Z [429/796] [chromium-393] › tests/p1-c-navigation.spec.ts:24:5 › 11 reload detail preserves URL and drops stale app origin
typecheck, test, PostgreSQL, e2e, build	E2E tests	2026-10-06T03:54:15.3219209Z [430/796] [chromium-393] › tests/p1-b-entry.spec.ts:238:45 › correction success preserves commit when refresh fails
typecheck, test, PostgreSQL, e2e, build	E2E tests	2026-10-06T03:54:18.2917170Z [431/796] [webkit-iphone] › tests/p2-c-timeline.spec.ts:267:5 › 40 P2-B Ledger switch keeps truthful identity and scopes timeline data
typecheck, test, PostgreSQL, e2e, build	E2E tests	2026-10-06T03:54:21.6880050Z [432/796] [chromium-393] › tests/p2-a-entry.spec.ts:55:35 › command body matches P1-B and kernel: percentage-fractional
typecheck, test, PostgreSQL, e2e, build	E2E tests	2026-10-06T03:54:22.0100066Z [433/796] [chromium-393] › tests/p1-c-navigation.spec.ts:25:95 › 12 收支概況 push reload deterministic Back
typecheck, test, PostgreSQL, e2e, build	E2E tests	2026-10-06T03:54:23.2699233Z [434/796] [chromium-393] › tests/p1-b-entry.spec.ts:260:5 › a stale posted receipt cannot downgrade balance/next payer or resurrect a later void
typecheck, test, PostgreSQL, e2e, build	E2E tests	2026-10-06T03:54:28.6968283Z [435/796] [chromium-393] › tests/p1-c-navigation.spec.ts:25:95 › 13 帳本設定 push reload deterministic Back
typecheck, test, PostgreSQL, e2e, build	E2E tests	2026-10-06T03:54:28.7057047Z [436/796] [chromium-393] › tests/p2-a-entry.spec.ts:55:35 › command body matches P1-B and kernel: exact-partner-payer
typecheck, test, PostgreSQL, e2e, build	E2E tests	2026-10-06T03:54:28.9648040Z [437/796] [webkit-iphone] › tests/p2-c-timeline.spec.ts:273:5 › 41 P2-A create editor remains usable and canonical upsert keeps future row first
typecheck, test, PostgreSQL, e2e, build	E2E tests	2026-10-06T03:54:31.2718079Z [438/796] [chromium-393] › tests/p1-b-entry.spec.ts:273:5 › a stale posted receipt cannot resurrect a replaced transaction
typecheck, test, PostgreSQL, e2e, build	E2E tests	2026-10-06T03:54:35.2129451Z [439/796] [chromium-393] › tests/p1-c-navigation.spec.ts:26:5 › 14 recurring URL reconstructs secondary surface
typecheck, test, PostgreSQL, e2e, build	E2E tests	2026-10-06T03:54:35.9489207Z [440/796] [chromium-393] › tests/p2-a-entry.spec.ts:55:35 › command body matches P1-B and kernel: income-both
typecheck, test, PostgreSQL, e2e, build	E2E tests	2026-10-06T03:54:38.5701211Z [441/796] [chromium-393] › tests/p1-c-navigation.spec.ts:27:5 › 15 Search pushes URL and Back returns Home
typecheck, test, PostgreSQL, e2e, build	E2E tests	2026-10-06T03:54:39.5980923Z [442/796] [chromium-393] › tests/p1-b-entry.spec.ts:287:5 › partner login odd 681 uses kernel member order and opening defaults despite a background change
typecheck, test, PostgreSQL, e2e, build	E2E tests	2026-10-06T03:54:42.7413830Z [443/796] [chromium-393] › tests/p1-c-navigation.spec.ts:28:5 › 16 manual A to B replaces Home and focuses accepted Ledger
typecheck, test, PostgreSQL, e2e, build	E2E tests	2026-10-06T03:54:42.8476449Z [444/796] [chromium-393] › tests/p2-a-entry.spec.ts:55:35 › command body matches P1-B and kernel: transfer-partner-direction
typecheck, test, PostgreSQL, e2e, build	E2E tests	2026-10-06T03:54:45.6458941Z [445/796] [chromium-393] › tests/p1-b-entry.spec.ts:297:5 › midnight preserves the current draft date and opens the next draft with today's Taipei date
typecheck, test, PostgreSQL, e2e, build	E2E tests	2026-10-06T03:54:46.6237102Z [446/796] [chromium-393] › tests/p1-c-navigation.spec.ts:29:5 › 17 A to B to A is generation safe for queued preference
typecheck, test, PostgreSQL, e2e, build	E2E tests	2026-10-06T03:54:49.2528021Z [447/796] [chromium-393] › tests/p2-a-entry.spec.ts:82:5 › one host, cancel preserves draft, Apply only edits draft and returns focus
typecheck, test, PostgreSQL, e2e, build	E2E tests	2026-10-06T03:54:49.9722773Z [448/796] [chromium-393] › tests/p1-b-entry.spec.ts:310:5 › recovery persistence overhead is bounded and stores only submitted operations
typecheck, test, PostgreSQL, e2e, build	E2E tests	2026-10-06T03:54:51.6297175Z [449/796] [chromium-393] › tests/p1-c-navigation.spec.ts:30:77 › 18 late A bootstrap success cannot update B
typecheck, test, PostgreSQL, e2e, build	E2E tests	2026-10-06T03:54:53.9628384Z [450/796] [chromium-393] › tests/p2-b-identity.spec.ts:22:5 › name is the single Home identity; switch A B A reuses canonical scope
typecheck, test, PostgreSQL, e2e, build	E2E tests	2026-10-06T03:54:54.9537545Z [451/796] [webkit-iphone] › tests/p2-c-timeline.spec.ts:282:5 › 42 dirty correction leave guard keeps draft/focus or explicitly discards with one dialog host
typecheck, test, PostgreSQL, e2e, build	E2E tests	2026-10-06T03:54:55.7447481Z [452/796] [chromium-393] › tests/p1-c-navigation.spec.ts:30:77 › 19 late A bootstrap failure cannot update B
typecheck, test, PostgreSQL, e2e, build	E2E tests	2026-10-06T03:54:57.5651368Z [453/796] [chromium-393] › tests/p2-a-entry.spec.ts:102:5 › both payments and exact shares retain explicit amounts after total changes
typecheck, test, PostgreSQL, e2e, build	E2E tests	2026-10-06T03:54:59.5167572Z [454/796] [chromium-393] › tests/p2-b-identity.spec.ts:52:5 › deep-link viewed B and LINE default A remain distinct and selected is announced
typecheck, test, PostgreSQL, e2e, build	E2E tests	2026-10-06T03:55:00.0687891Z [455/796] [chromium-393] › tests/p1-c-navigation.spec.ts:31:5 › 20 activation failure keeps B readable and retry touches preference only
typecheck, test, PostgreSQL, e2e, build	E2E tests	2026-10-06T03:55:03.7178451Z [456/796] [chromium-393] › tests/p2-b-identity.spec.ts:65:5 › activation syncing and failure stay bounded while B remains readable
typecheck, test, PostgreSQL, e2e, build	E2E tests	2026-10-06T03:55:05.0077221Z [457/796] [chromium-393] › tests/p1-c-navigation.spec.ts:32:5 › 21 deep link B has NOT-SENT activate evidence
typecheck, test, PostgreSQL, e2e, build	E2E tests	2026-10-06T03:55:05.1729431Z [458/796] [chromium-393] › tests/p2-a-entry.spec.ts:119:5 › IME, Enter, disabled reasons, inline association and first-invalid focus
typecheck, test, PostgreSQL, e2e, build	E2E tests	2026-10-06T03:55:08.4637139Z [459/796] [chromium-393] › tests/p1-c-navigation.spec.ts:33:5 › 22 explicit Switcher B sends preference activation once
typecheck, test, PostgreSQL, e2e, build	E2E tests	2026-10-06T03:55:08.6451262Z [460/796] [chromium-393] › tests/p2-b-identity.spec.ts:87:39 › 40 character identities stay complete and wrap at 100% text
typecheck, test, PostgreSQL, e2e, build	E2E tests	2026-10-06T03:55:10.9900327Z [461/796] [chromium-393] › tests/p2-a-entry.spec.ts:141:5 › incomplete percentages do not pretend to be equal and default snapshot stays frozen
typecheck, test, PostgreSQL, e2e, build	E2E tests	2026-10-06T03:55:12.7673851Z [462/796] [chromium-393] › tests/p1-c-navigation.spec.ts:34:5 › 23 initial draft switches without confirmation and receives fresh defaults
typecheck, test, PostgreSQL, e2e, build	E2E tests	2026-10-06T03:55:13.1343827Z [463/796] [webkit-iphone] › tests/p2-c-timeline.spec.ts:291:5 › first read has three static timeline skeletons and refresh failure preserves known effective rows
typecheck, test, PostgreSQL, e2e, build	E2E tests	2026-10-06T03:55:15.1254873Z [464/796] [chromium-393] › tests/p2-b-identity.spec.ts:87:39 › 40 character identities stay complete and wrap at 200% text
typecheck, test, PostgreSQL, e2e, build	E2E tests	2026-10-06T03:55:17.1767777Z [465/796] [chromium-393] › tests/p1-c-navigation.spec.ts:35:5 › 24 amount-only dirty cancel preserves value focus URL and NOT-SENT activation
typecheck, test, PostgreSQL, e2e, build	E2E tests	2026-10-06T03:55:18.4545654Z [466/796] [chromium-393] › tests/p2-a-entry.spec.ts:154:68 › correction hydrates actual stored expense with historical exact shares
typecheck, test, PostgreSQL, e2e, build	E2E tests	2026-10-06T03:55:21.7807656Z [467/796] [webkit-iphone] › tests/p2-c-timeline.spec.ts:300:5 › empty effective history avoids fake zeros and historical records remain deep-linkable
typecheck, test, PostgreSQL, e2e, build	E2E tests	2026-10-06T03:55:22.3668605Z [468/796] [chromium-393] › tests/p1-c-navigation.spec.ts:36:5 › 25 amount-only discard accepts B exactly once
typecheck, test, PostgreSQL, e2e, build	E2E tests	2026-10-06T03:55:23.5367258Z [469/796] [chromium-393] › tests/p2-b-identity.spec.ts:115:5 › 40 unbroken Latin characters wrap without horizontal scroll at 200%
typecheck, test, PostgreSQL, e2e, build	E2E tests	2026-10-06T03:55:25.5307392Z [470/796] [chromium-393] › tests/p2-a-entry.spec.ts:154:68 › correction hydrates actual stored income with historical exact shares
typecheck, test, PostgreSQL, e2e, build	E2E tests	2026-10-06T03:55:27.2938193Z [471/796] [chromium-393] › tests/p1-c-navigation.spec.ts:37:5 › 26 description dirty is guarded and semantic reversion becomes clean
typecheck, test, PostgreSQL, e2e, build	E2E tests	2026-10-06T03:55:27.7845947Z [472/796] [webkit-iphone] › tests/p2-c-timeline.spec.ts:306:5 › Detail pending read and read500 never guess a transaction or reveal foreign scope
typecheck, test, PostgreSQL, e2e, build	E2E tests	2026-10-06T03:55:28.9612172Z [473/796] [chromium-393] › tests/p2-b-identity.spec.ts:125:5 › keyboard enters titled dialog, moves options without writes, selects and returns focus
typecheck, test, PostgreSQL, e2e, build	E2E tests	2026-10-06T03:55:31.2657364Z [474/796] [chromium-393] › tests/p2-a-entry.spec.ts:154:68 › correction hydrates actual stored transfer with historical exact shares
typecheck, test, PostgreSQL, e2e, build	E2E tests	2026-10-06T03:55:31.7719349Z [475/796] [chromium-393] › tests/p1-c-navigation.spec.ts:38:5 › 27 advanced-field-only note is dirty with empty amount and retains focus
typecheck, test, PostgreSQL, e2e, build	E2E tests	2026-10-06T03:55:34.1606884Z [476/796] [webkit-iphone] › tests/p2-c-timeline.spec.ts:315:5 › 200% long notes and reduced motion keep Back and More actions reachable without overflow
typecheck, test, PostgreSQL, e2e, build	E2E tests	2026-10-06T03:55:34.8021455Z [477/796] [chromium-393] › tests/p2-b-identity.spec.ts:148:5 › create cancel returns to the same switcher and never changes scope or history
typecheck, test, PostgreSQL, e2e, build	E2E tests	2026-10-06T03:55:36.0339411Z [478/796] [chromium-393] › tests/p1-c-navigation.spec.ts:39:5 › 28 SUBMITTING blocks switch without aborting original POST
typecheck, test, PostgreSQL, e2e, build	E2E tests	2026-10-06T03:55:37.3794594Z [479/796] [chromium-393] › tests/p2-a-entry.spec.ts:172:5 › More retains non-default values and 200% text remains reachable without overflow
typecheck, test, PostgreSQL, e2e, build	E2E tests	2026-10-06T03:55:40.0546285Z [480/796] [chromium-393] › tests/p2-b-identity.spec.ts:168:40 › create success accepts new name and scope from switcher
typecheck, test, PostgreSQL, e2e, build	E2E tests	2026-10-06T03:55:41.5927250Z [481/796] [chromium-393] › tests/p1-c-navigation.spec.ts:40:76 › 29 COMMITTED with pending refresh permits switch
typecheck, test, PostgreSQL, e2e, build	E2E tests	2026-10-06T03:55:45.0887615Z [482/796] [chromium-393] › tests/p2-a-entry.spec.ts:186:5 › switching both to transfer requires an explicit sender and never dispatches a guessed direction
typecheck, test, PostgreSQL, e2e, build	E2E tests	2026-10-06T03:55:45.2007237Z [483/796] [chromium-393] › tests/p2-b-identity.spec.ts:168:40 › create success accepts new name and scope from empty list
typecheck, test, PostgreSQL, e2e, build	E2E tests	2026-10-06T03:55:45.6948176Z [484/796] [chromium-393] › tests/p1-c-navigation.spec.ts:40:76 › 30 COMMITTED with failed refresh permits switch
typecheck, test, PostgreSQL, e2e, build	E2E tests	2026-10-06T03:55:49.9067506Z [485/796] [chromium-393] › tests/p2-b-identity.spec.ts:189:5 › empty list cancel returns to one clear create entry
typecheck, test, PostgreSQL, e2e, build	E2E tests	2026-10-06T03:55:50.0181726Z [486/796] [chromium-393] › tests/p1-c-navigation.spec.ts:41:5 › 31 UNKNOWN blocks financial scope and activation is NOT-SENT
typecheck, test, PostgreSQL, e2e, build	E2E tests	2026-10-06T03:55:50.1409140Z [487/796] [webkit-iphone] › tests/p2-c-timeline.spec.ts:322:5 › filtered Search preserves insertion-independent origin scroll and loaded second history page without a new request
typecheck, test, PostgreSQL, e2e, build	E2E tests	2026-10-06T03:55:51.1558419Z [488/796] [chromium-393] › tests/p2-a-entry.spec.ts:197:5 › second-member controls retain Ledger order, full kernel preview and associated incomplete errors
typecheck, test, PostgreSQL, e2e, build	E2E tests	2026-10-06T03:55:54.2403519Z [489/796] [chromium-393] › tests/p2-b-identity.spec.ts:206:5 › archived-only list has no broken identity trigger
typecheck, test, PostgreSQL, e2e, build	E2E tests	2026-10-06T03:55:55.7717514Z [490/796] [chromium-393] › tests/p1-c-navigation.spec.ts:42:5 › 32 UNKNOWN replay remains bound to original Ledger body and key
typecheck, test, PostgreSQL, e2e, build	E2E tests	2026-10-06T03:55:56.6996690Z [491/796] [chromium-393] › tests/p2-b-identity.spec.ts:214:5 › create rejection preserves name and scope; cancelled retry writes nothing
typecheck, test, PostgreSQL, e2e, build	E2E tests	2026-10-06T03:55:57.0302221Z [492/796] [chromium-393] › tests/p2-c-timeline.spec.ts:59:5 › 01–05 20+20 client window preserves identity and single date headings across 20/21 and 40/41
typecheck, test, PostgreSQL, e2e, build	E2E tests	2026-10-06T03:56:00.7855880Z [493/796] [chromium-393] › tests/p1-c-navigation.spec.ts:43:5 › 33 latest pending destination wins without queued switches
typecheck, test, PostgreSQL, e2e, build	E2E tests	2026-10-06T03:56:02.3487407Z [494/796] [chromium-393] › tests/p2-b-identity.spec.ts:227:5 › create is single flight and keeps its only dialog until response
typecheck, test, PostgreSQL, e2e, build	E2E tests	2026-10-06T03:56:04.6141232Z [495/796] [chromium-393] › tests/p1-c-navigation.spec.ts:44:76 › 34 popstate dirty cancel restores truth without activation
typecheck, test, PostgreSQL, e2e, build	E2E tests	2026-10-06T03:56:07.8539288Z [496/796] [chromium-393] › tests/p2-c-timeline.spec.ts:82:5 › 06 today yesterday cross-year and future use occurrence date under Taipei semantics
typecheck, test, PostgreSQL, e2e, build	E2E tests	2026-10-06T03:56:08.4987642Z [497/796] [chromium-393] › tests/p1-c-races.spec.ts:7:5 › native push and replace remain observable and preserve unrelated and Next state
typecheck, test, PostgreSQL, e2e, build	E2E tests	2026-10-06T03:56:08.5941412Z [498/796] [chromium-393] › tests/p1-c-navigation.spec.ts:44:76 › 35 popstate dirty accept restores truth without activation
typecheck, test, PostgreSQL, e2e, build	E2E tests	2026-10-06T03:56:12.7837839Z [499/796] [webkit-iphone] › tests/p2-c-timeline.spec.ts:337:45 › Search mutation refresh restores loaded history window and reads the same two pages
typecheck, test, PostgreSQL, e2e, build	E2E tests	2026-10-06T03:56:12.9786014Z [500/796] [chromium-393] › tests/p1-c-navigation.spec.ts:45:5 › 36 repeated Back and Forward do not loop or inflate history
typecheck, test, PostgreSQL, e2e, build	E2E tests	2026-10-06T03:56:13.8474008Z [501/796] [chromium-393] › tests/p1-c-races.spec.ts:22:5 › LIFF redirect parameters are untouched until init resolves
typecheck, test, PostgreSQL, e2e, build	E2E tests	2026-10-06T03:56:16.0162508Z [502/796] [chromium-393] › tests/p2-c-timeline.spec.ts:91:5 › 07 long purpose stays bounded on row and appears in full with long note in Detail
typecheck, test, PostgreSQL, e2e, build	E2E tests	2026-10-06T03:56:16.7628575Z [503/796] [chromium-393] › tests/p1-c-races.spec.ts:37:5 › delayed deep-link B cannot pull a subsequent manual A selection back
typecheck, test, PostgreSQL, e2e, build	E2E tests	2026-10-06T03:56:17.3173598Z [504/796] [chromium-393] › tests/p1-c-navigation.spec.ts:46:5 › 37 late activation and secondary errors cannot contaminate newer Ledger
typecheck, test, PostgreSQL, e2e, build	E2E tests	2026-10-06T03:56:20.1769426Z [505/796] [chromium-393] › tests/p1-c-races.spec.ts:46:42 › A-B-A late first A bootstrap success cannot overwrite new A
typecheck, test, PostgreSQL, e2e, build	E2E tests	2026-10-06T03:56:21.6677437Z [506/796] [chromium-393] › tests/p1-c-navigation.spec.ts:47:5 › 38 Escape equals visible cancel and host never stacks dialogs
typecheck, test, PostgreSQL, e2e, build	E2E tests	2026-10-06T03:56:22.4217332Z [507/796] [chromium-393] › tests/p2-c-timeline.spec.ts:100:5 › 08 huge canonical TWD remains exact and readable at 200% text
typecheck, test, PostgreSQL, e2e, build	E2E tests	2026-10-06T03:56:24.0848127Z [508/796] [chromium-393] › tests/p1-c-races.spec.ts:46:42 › A-B-A late first A bootstrap failure cannot overwrite new A
typecheck, test, PostgreSQL, e2e, build	E2E tests	2026-10-06T03:56:25.7584273Z [509/796] [chromium-393] › tests/p1-c-navigation.spec.ts:48:5 › 39 native dialog labels traps background and restores Ledger trigger focus
typecheck, test, PostgreSQL, e2e, build	E2E tests	2026-10-06T03:56:28.1886375Z [510/796] [chromium-393] › tests/p1-c-races.spec.ts:61:7 › A-B-A late categories success stays in its generation
typecheck, test, PostgreSQL, e2e, build	E2E tests	2026-10-06T03:56:29.6636274Z [511/796] [chromium-393] › tests/p1-c-navigation.spec.ts:49:5 › 40 per-Ledger Home scroll restores A to B to A
typecheck, test, PostgreSQL, e2e, build	E2E tests	2026-10-06T03:56:31.3427716Z [512/796] [chromium-393] › tests/p2-c-timeline.spec.ts:114:8 › 09 expense row and Detail use truthful type/payment semantics
typecheck, test, PostgreSQL, e2e, build	E2E tests	2026-10-06T03:56:32.2523512Z [513/796] [chromium-393] › tests/p1-c-races.spec.ts:61:7 › A-B-A late categories failure stays in its generation
typecheck, test, PostgreSQL, e2e, build	E2E tests	2026-10-06T03:56:35.7797432Z [514/796] [chromium-393] › tests/p1-c-navigation.spec.ts:50:5 › 41 Search query does not carry from A into B
typecheck, test, PostgreSQL, e2e, build	E2E tests	2026-10-06T03:56:36.7292841Z [515/796] [chromium-393] › tests/p1-c-races.spec.ts:61:7 › A-B-A late recurring success stays in its generation
typecheck, test, PostgreSQL, e2e, build	E2E tests	2026-10-06T03:56:37.8567850Z [516/796] [webkit-iphone] › tests/p2-c-timeline.spec.ts:337:45 › Search mutation refresh restores loaded history window and preserves known rows on read500
typecheck, test, PostgreSQL, e2e, build	E2E tests	2026-10-06T03:56:39.9416655Z [517/796] [chromium-393] › tests/p1-c-navigation.spec.ts:51:5 › 42 proposal compatibility remains reachable without claimed Ledger ownership
typecheck, test, PostgreSQL, e2e, build	E2E tests	2026-10-06T03:56:42.1594822Z [518/796] [chromium-393] › tests/p1-c-races.spec.ts:61:7 › A-B-A late recurring failure stays in its generation
typecheck, test, PostgreSQL, e2e, build	E2E tests	2026-10-06T03:56:43.2921083Z [519/796] [chromium-393] › tests/p1-c-navigation.spec.ts:52:5 › 43 200 percent text has no body overflow and important controls remain 44px
typecheck, test, PostgreSQL, e2e, build	E2E tests	2026-10-06T03:56:43.8531749Z [520/796] [chromium-393] › tests/p2-c-timeline.spec.ts:114:8 › 10 income row and Detail use truthful type/payment semantics
typecheck, test, PostgreSQL, e2e, build	E2E tests	2026-10-06T03:56:46.5257489Z [521/796] [chromium-393] › tests/p1-c-races.spec.ts:61:7 › A-B-A late statistics success stays in its generation
typecheck, test, PostgreSQL, e2e, build	E2E tests	2026-10-06T03:56:46.6617991Z ##[error]The operation was canceled.
typecheck, test, PostgreSQL, e2e, build	Preserve P1-B mobile and replay evidence	﻿2026-10-06T03:56:46.7106040Z ##[group]Run actions/upload-artifact@v4
typecheck, test, PostgreSQL, e2e, build	Preserve P1-B mobile and replay evidence	2026-10-06T03:56:46.7106526Z with:
typecheck, test, PostgreSQL, e2e, build	Preserve P1-B mobile and replay evidence	2026-10-06T03:56:46.7106841Z   name: p1-b-browser-evidence
typecheck, test, PostgreSQL, e2e, build	Preserve P1-B mobile and replay evidence	2026-10-06T03:56:46.7107340Z   path: output/playwright/p1-b/
typecheck, test, PostgreSQL, e2e, build	Preserve P1-B mobile and replay evidence	output/playwright/results/
typecheck, test, PostgreSQL, e2e, build	Preserve P1-B mobile and replay evidence	
typecheck, test, PostgreSQL, e2e, build	Preserve P1-B mobile and replay evidence	2026-10-06T03:56:46.7107870Z   retention-days: 14
typecheck, test, PostgreSQL, e2e, build	Preserve P1-B mobile and replay evidence	2026-10-06T03:56:46.7108209Z   if-no-files-found: ignore
typecheck, test, PostgreSQL, e2e, build	Preserve P1-B mobile and replay evidence	2026-10-06T03:56:46.7108566Z   compression-level: 6
typecheck, test, PostgreSQL, e2e, build	Preserve P1-B mobile and replay evidence	2026-10-06T03:56:46.7109174Z   overwrite: false
typecheck, test, PostgreSQL, e2e, build	Preserve P1-B mobile and replay evidence	2026-10-06T03:56:46.7109500Z   include-hidden-files: false
typecheck, test, PostgreSQL, e2e, build	Preserve P1-B mobile and replay evidence	2026-10-06T03:56:46.7109861Z env:
typecheck, test, PostgreSQL, e2e, build	Preserve P1-B mobile and replay evidence	2026-10-06T03:56:46.7110221Z   PNPM_HOME: /home/runner/setup-pnpm/node_modules/.bin
typecheck, test, PostgreSQL, e2e, build	Preserve P1-B mobile and replay evidence	2026-10-06T03:56:46.7110705Z ##[endgroup]
typecheck, test, PostgreSQL, e2e, build	Preserve P1-B mobile and replay evidence	2026-10-06T03:56:47.4413770Z (node:38965) [DEP0040] DeprecationWarning: The `punycode` module is deprecated. Please use a userland alternative instead.
typecheck, test, PostgreSQL, e2e, build	Preserve P1-B mobile and replay evidence	2026-10-06T03:56:47.4436376Z (Use `node --trace-deprecation ...` to show where the warning was created)
typecheck, test, PostgreSQL, e2e, build	Preserve P1-B mobile and replay evidence	2026-10-06T03:56:48.9137407Z Multiple search paths detected. Calculating the least common ancestor of all paths
typecheck, test, PostgreSQL, e2e, build	Preserve P1-B mobile and replay evidence	2026-10-06T03:56:48.9140670Z The least common ancestor is /home/runner/work/line-couple-ledger-bot/line-couple-ledger-bot/output/playwright. This will be the root directory of the artifact
typecheck, test, PostgreSQL, e2e, build	Preserve P1-B mobile and replay evidence	2026-10-06T03:56:48.9142251Z With the provided path, there will be 662 files uploaded
typecheck, test, PostgreSQL, e2e, build	Preserve P1-B mobile and replay evidence	2026-10-06T03:56:48.9143216Z Artifact name is valid!
typecheck, test, PostgreSQL, e2e, build	Preserve P1-B mobile and replay evidence	2026-10-06T03:56:48.9143717Z Root directory input is valid!
typecheck, test, PostgreSQL, e2e, build	Preserve P1-B mobile and replay evidence	2026-10-06T03:56:49.1804533Z Beginning upload of artifact content to blob storage
typecheck, test, PostgreSQL, e2e, build	Preserve P1-B mobile and replay evidence	2026-10-06T03:56:50.5835994Z (node:38965) [DEP0169] DeprecationWarning: `url.parse()` behavior is not standardized and prone to errors that have security implications. Use the WHATWG URL API instead. CVEs are not issued for `url.parse()` vulnerabilities.
typecheck, test, PostgreSQL, e2e, build	Preserve P1-B mobile and replay evidence	2026-10-06T03:56:50.8408604Z Uploaded bytes 8388608
typecheck, test, PostgreSQL, e2e, build	Preserve P1-B mobile and replay evidence	2026-10-06T03:56:52.2861615Z Uploaded bytes 16777216
typecheck, test, PostgreSQL, e2e, build	Preserve P1-B mobile and replay evidence	2026-10-06T03:56:53.8630086Z Uploaded bytes 25165824
typecheck, test, PostgreSQL, e2e, build	Preserve P1-B mobile and replay evidence	2026-10-06T03:56:55.0329092Z Uploaded bytes 33554432
typecheck, test, PostgreSQL, e2e, build	Preserve P1-B mobile and replay evidence	2026-10-06T03:56:56.5588037Z Uploaded bytes 41943040
typecheck, test, PostgreSQL, e2e, build	Preserve P1-B mobile and replay evidence	2026-10-06T03:56:58.2091058Z Uploaded bytes 50331648
typecheck, test, PostgreSQL, e2e, build	Preserve P1-B mobile and replay evidence	2026-10-06T03:56:59.0556373Z Uploaded bytes 58720256
typecheck, test, PostgreSQL, e2e, build	Preserve P1-B mobile and replay evidence	2026-10-06T03:57:00.1376290Z Uploaded bytes 67108864
typecheck, test, PostgreSQL, e2e, build	Preserve P1-B mobile and replay evidence	2026-10-06T03:57:01.1236270Z Uploaded bytes 75497472
typecheck, test, PostgreSQL, e2e, build	Preserve P1-B mobile and replay evidence	2026-10-06T03:57:02.4297118Z Uploaded bytes 83886080
typecheck, test, PostgreSQL, e2e, build	Preserve P1-B mobile and replay evidence	2026-10-06T03:57:03.5713498Z Uploaded bytes 92274688
typecheck, test, PostgreSQL, e2e, build	Preserve P1-B mobile and replay evidence	2026-10-06T03:57:04.3106233Z Uploaded bytes 100663296
typecheck, test, PostgreSQL, e2e, build	Preserve P1-B mobile and replay evidence	2026-10-06T03:57:05.6306349Z Uploaded bytes 109051904
typecheck, test, PostgreSQL, e2e, build	Preserve P1-B mobile and replay evidence	2026-10-06T03:57:07.0007894Z Uploaded bytes 117440512
typecheck, test, PostgreSQL, e2e, build	Preserve P1-B mobile and replay evidence	2026-10-06T03:57:08.6339181Z Uploaded bytes 125829120
typecheck, test, PostgreSQL, e2e, build	Preserve P1-B mobile and replay evidence	2026-10-06T03:57:10.0339731Z Uploaded bytes 134217728
typecheck, test, PostgreSQL, e2e, build	Preserve P1-B mobile and replay evidence	2026-10-06T03:57:11.3075497Z Uploaded bytes 142606336
typecheck, test, PostgreSQL, e2e, build	Preserve P1-B mobile and replay evidence	2026-10-06T03:57:12.7888782Z Uploaded bytes 150994944
typecheck, test, PostgreSQL, e2e, build	Preserve P1-B mobile and replay evidence	2026-10-06T03:57:13.7676127Z Uploaded bytes 159383552
typecheck, test, PostgreSQL, e2e, build	Preserve P1-B mobile and replay evidence	2026-10-06T03:57:14.8096583Z Uploaded bytes 167772160
typecheck, test, PostgreSQL, e2e, build	Preserve P1-B mobile and replay evidence	2026-10-06T03:57:16.0667676Z Uploaded bytes 176160768
typecheck, test, PostgreSQL, e2e, build	Preserve P1-B mobile and replay evidence	2026-10-06T03:57:17.6186242Z Uploaded bytes 184549376
typecheck, test, PostgreSQL, e2e, build	Preserve P1-B mobile and replay evidence	2026-10-06T03:57:18.5671934Z Uploaded bytes 192937984
typecheck, test, PostgreSQL, e2e, build	Preserve P1-B mobile and replay evidence	2026-10-06T03:57:19.5579343Z Uploaded bytes 198570403
typecheck, test, PostgreSQL, e2e, build	Preserve P1-B mobile and replay evidence	2026-10-06T03:57:19.6113590Z Finished uploading artifact content to blob storage!
typecheck, test, PostgreSQL, e2e, build	Preserve P1-B mobile and replay evidence	2026-10-06T03:57:19.6222127Z SHA256 digest of uploaded artifact zip is 99276a1cfe29644fd52b8ce46105d4ec921ace4cc2006131188cfe92abc1c28c
typecheck, test, PostgreSQL, e2e, build	Preserve P1-B mobile and replay evidence	2026-10-06T03:57:19.6349742Z Finalizing artifact upload
typecheck, test, PostgreSQL, e2e, build	Preserve P1-B mobile and replay evidence	2026-10-06T03:57:19.9028585Z Artifact p1-b-browser-evidence.zip successfully finalized. Artifact ID 11388654097
typecheck, test, PostgreSQL, e2e, build	Preserve P1-B mobile and replay evidence	2026-10-06T03:57:19.9030506Z Artifact p1-b-browser-evidence has been successfully uploaded! Final size is 198570403 bytes. Artifact ID is 11388654097
typecheck, test, PostgreSQL, e2e, build	Preserve P1-B mobile and replay evidence	2026-10-06T03:57:19.9032761Z Artifact download URL: https://github.com/nnnc8/line-couple-ledger-bot/actions/runs/37409783030/artifacts/11388654097
typecheck, test, PostgreSQL, e2e, build	Preserve P1-C navigation evidence	﻿2026-10-06T03:57:19.9789356Z ##[group]Run actions/upload-artifact@v4
typecheck, test, PostgreSQL, e2e, build	Preserve P1-C navigation evidence	2026-10-06T03:57:19.9789902Z with:
typecheck, test, PostgreSQL, e2e, build	Preserve P1-C navigation evidence	2026-10-06T03:57:19.9790264Z   name: p1-c-browser-evidence
typecheck, test, PostgreSQL, e2e, build	Preserve P1-C navigation evidence	2026-10-06T03:57:19.9790833Z   path: output/playwright/p1-c/
typecheck, test, PostgreSQL, e2e, build	Preserve P1-C navigation evidence	output/playwright/results/
typecheck, test, PostgreSQL, e2e, build	Preserve P1-C navigation evidence	
typecheck, test, PostgreSQL, e2e, build	Preserve P1-C navigation evidence	2026-10-06T03:57:19.9791431Z   retention-days: 14
typecheck, test, PostgreSQL, e2e, build	Preserve P1-C navigation evidence	2026-10-06T03:57:19.9791819Z   if-no-files-found: error
typecheck, test, PostgreSQL, e2e, build	Preserve P1-C navigation evidence	2026-10-06T03:57:19.9792229Z   compression-level: 6
typecheck, test, PostgreSQL, e2e, build	Preserve P1-C navigation evidence	2026-10-06T03:57:19.9792617Z   overwrite: false
typecheck, test, PostgreSQL, e2e, build	Preserve P1-C navigation evidence	2026-10-06T03:57:19.9792987Z   include-hidden-files: false
typecheck, test, PostgreSQL, e2e, build	Preserve P1-C navigation evidence	2026-10-06T03:57:19.9793395Z env:
typecheck, test, PostgreSQL, e2e, build	Preserve P1-C navigation evidence	2026-10-06T03:57:19.9793810Z   PNPM_HOME: /home/runner/setup-pnpm/node_modules/.bin
typecheck, test, PostgreSQL, e2e, build	Preserve P1-C navigation evidence	2026-10-06T03:57:19.9794347Z ##[endgroup]
typecheck, test, PostgreSQL, e2e, build	Preserve P1-C navigation evidence	2026-10-06T03:57:20.4256970Z (node:39911) [DEP0040] DeprecationWarning: The `punycode` module is deprecated. Please use a userland alternative instead.
typecheck, test, PostgreSQL, e2e, build	Preserve P1-C navigation evidence	2026-10-06T03:57:20.4285878Z (Use `node --trace-deprecation ...` to show where the warning was created)
typecheck, test, PostgreSQL, e2e, build	Preserve P1-C navigation evidence	2026-10-06T03:57:21.8811639Z Multiple search paths detected. Calculating the least common ancestor of all paths
typecheck, test, PostgreSQL, e2e, build	Preserve P1-C navigation evidence	2026-10-06T03:57:21.8814769Z The least common ancestor is /home/runner/work/line-couple-ledger-bot/line-couple-ledger-bot/output/playwright. This will be the root directory of the artifact
typecheck, test, PostgreSQL, e2e, build	Preserve P1-C navigation evidence	2026-10-06T03:57:21.8843812Z With the provided path, there will be 709 files uploaded
typecheck, test, PostgreSQL, e2e, build	Preserve P1-C navigation evidence	2026-10-06T03:57:21.8852443Z Artifact name is valid!
typecheck, test, PostgreSQL, e2e, build	Preserve P1-C navigation evidence	2026-10-06T03:57:21.8853142Z Root directory input is valid!
typecheck, test, PostgreSQL, e2e, build	Preserve P1-C navigation evidence	2026-10-06T03:57:21.9777841Z Beginning upload of artifact content to blob storage
typecheck, test, PostgreSQL, e2e, build	Preserve P1-C navigation evidence	2026-10-06T03:57:24.0012547Z (node:39911) [DEP0169] DeprecationWarning: `url.parse()` behavior is not standardized and prone to errors that have security implications. Use the WHATWG URL API instead. CVEs are not issued for `url.parse()` vulnerabilities.
typecheck, test, PostgreSQL, e2e, build	Preserve P1-C navigation evidence	2026-10-06T03:57:24.2103971Z Uploaded bytes 8388608
typecheck, test, PostgreSQL, e2e, build	Preserve P1-C navigation evidence	2026-10-06T03:57:25.7368039Z Uploaded bytes 16777216
typecheck, test, PostgreSQL, e2e, build	Preserve P1-C navigation evidence	2026-10-06T03:57:26.9944049Z Uploaded bytes 25165824
typecheck, test, PostgreSQL, e2e, build	Preserve P1-C navigation evidence	2026-10-06T03:57:28.1428563Z Uploaded bytes 33554432
typecheck, test, PostgreSQL, e2e, build	Preserve P1-C navigation evidence	2026-10-06T03:57:29.0661706Z Uploaded bytes 41943040
typecheck, test, PostgreSQL, e2e, build	Preserve P1-C navigation evidence	2026-10-06T03:57:30.2546525Z Uploaded bytes 50331648
typecheck, test, PostgreSQL, e2e, build	Preserve P1-C navigation evidence	2026-10-06T03:57:31.2126973Z Uploaded bytes 58720256
typecheck, test, PostgreSQL, e2e, build	Preserve P1-C navigation evidence	2026-10-06T03:57:32.3436339Z Uploaded bytes 67108864
typecheck, test, PostgreSQL, e2e, build	Preserve P1-C navigation evidence	2026-10-06T03:57:33.6380466Z Uploaded bytes 75497472
typecheck, test, PostgreSQL, e2e, build	Preserve P1-C navigation evidence	2026-10-06T03:57:34.9098875Z Uploaded bytes 83886080
typecheck, test, PostgreSQL, e2e, build	Preserve P1-C navigation evidence	2026-10-06T03:57:35.8042427Z Uploaded bytes 92274688
typecheck, test, PostgreSQL, e2e, build	Preserve P1-C navigation evidence	2026-10-06T03:57:37.2268090Z Uploaded bytes 100663296
typecheck, test, PostgreSQL, e2e, build	Preserve P1-C navigation evidence	2026-10-06T03:57:38.2561525Z Uploaded bytes 109051904
typecheck, test, PostgreSQL, e2e, build	Preserve P1-C navigation evidence	2026-10-06T03:57:39.4975284Z Uploaded bytes 117440512
typecheck, test, PostgreSQL, e2e, build	Preserve P1-C navigation evidence	2026-10-06T03:57:40.9180228Z Uploaded bytes 125829120
typecheck, test, PostgreSQL, e2e, build	Preserve P1-C navigation evidence	2026-10-06T03:57:42.4249203Z Uploaded bytes 134217728
typecheck, test, PostgreSQL, e2e, build	Preserve P1-C navigation evidence	2026-10-06T03:57:43.4321358Z Uploaded bytes 142606336
typecheck, test, PostgreSQL, e2e, build	Preserve P1-C navigation evidence	2026-10-06T03:57:45.0961697Z Uploaded bytes 150994944
typecheck, test, PostgreSQL, e2e, build	Preserve P1-C navigation evidence	2026-10-06T03:57:46.9373198Z Uploaded bytes 159383552
typecheck, test, PostgreSQL, e2e, build	Preserve P1-C navigation evidence	2026-10-06T03:57:48.8010612Z Uploaded bytes 167772160
typecheck, test, PostgreSQL, e2e, build	Preserve P1-C navigation evidence	2026-10-06T03:57:50.1349617Z Uploaded bytes 176160768
typecheck, test, PostgreSQL, e2e, build	Preserve P1-C navigation evidence	2026-10-06T03:57:51.3577841Z Uploaded bytes 184549376
typecheck, test, PostgreSQL, e2e, build	Preserve P1-C navigation evidence	2026-10-06T03:57:52.7611629Z Uploaded bytes 192937984
typecheck, test, PostgreSQL, e2e, build	Preserve P1-C navigation evidence	2026-10-06T03:57:54.2996413Z Uploaded bytes 201326592
typecheck, test, PostgreSQL, e2e, build	Preserve P1-C navigation evidence	2026-10-06T03:57:55.9016043Z Uploaded bytes 209139135
typecheck, test, PostgreSQL, e2e, build	Preserve P1-C navigation evidence	2026-10-06T03:57:55.9386413Z Finished uploading artifact content to blob storage!
typecheck, test, PostgreSQL, e2e, build	Preserve P1-C navigation evidence	2026-10-06T03:57:55.9447785Z SHA256 digest of uploaded artifact zip is ccdda6a8673338fe8f943eca8633c6517f6db283f7a2a1a7f50afb7611bc9e78
typecheck, test, PostgreSQL, e2e, build	Preserve P1-C navigation evidence	2026-10-06T03:57:55.9553899Z Finalizing artifact upload
typecheck, test, PostgreSQL, e2e, build	Preserve P1-C navigation evidence	2026-10-06T03:57:56.2937203Z Artifact p1-c-browser-evidence.zip successfully finalized. Artifact ID 11388853987
typecheck, test, PostgreSQL, e2e, build	Preserve P1-C navigation evidence	2026-10-06T03:57:56.2981968Z Artifact p1-c-browser-evidence has been successfully uploaded! Final size is 209139135 bytes. Artifact ID is 11388853987
typecheck, test, PostgreSQL, e2e, build	Preserve P1-C navigation evidence	2026-10-06T03:57:56.3073747Z Artifact download URL: https://github.com/nnnc8/line-couple-ledger-bot/actions/runs/37409783030/artifacts/11388853987
typecheck, test, PostgreSQL, e2e, build	Preserve P2-A editor evidence	﻿2026-10-06T03:57:56.4049458Z ##[group]Run actions/upload-artifact@v4
typecheck, test, PostgreSQL, e2e, build	Preserve P2-A editor evidence	2026-10-06T03:57:56.4050010Z with:
typecheck, test, PostgreSQL, e2e, build	Preserve P2-A editor evidence	2026-10-06T03:57:56.4050335Z   name: p2-a-editor-evidence
typecheck, test, PostgreSQL, e2e, build	Preserve P2-A editor evidence	2026-10-06T03:57:56.4050933Z   path: output/playwright/p2-a/
typecheck, test, PostgreSQL, e2e, build	Preserve P2-A editor evidence	output/playwright/results/p2-a-entry-*/
typecheck, test, PostgreSQL, e2e, build	Preserve P2-A editor evidence	
typecheck, test, PostgreSQL, e2e, build	Preserve P2-A editor evidence	2026-10-06T03:57:56.4051596Z   retention-days: 14
typecheck, test, PostgreSQL, e2e, build	Preserve P2-A editor evidence	2026-10-06T03:57:56.4051996Z   if-no-files-found: error
typecheck, test, PostgreSQL, e2e, build	Preserve P2-A editor evidence	2026-10-06T03:57:56.4052412Z   compression-level: 6
typecheck, test, PostgreSQL, e2e, build	Preserve P2-A editor evidence	2026-10-06T03:57:56.4052802Z   overwrite: false
typecheck, test, PostgreSQL, e2e, build	Preserve P2-A editor evidence	2026-10-06T03:57:56.4053191Z   include-hidden-files: false
typecheck, test, PostgreSQL, e2e, build	Preserve P2-A editor evidence	2026-10-06T03:57:56.4053600Z env:
typecheck, test, PostgreSQL, e2e, build	Preserve P2-A editor evidence	2026-10-06T03:57:56.4054003Z   PNPM_HOME: /home/runner/setup-pnpm/node_modules/.bin
typecheck, test, PostgreSQL, e2e, build	Preserve P2-A editor evidence	2026-10-06T03:57:56.4054533Z ##[endgroup]
typecheck, test, PostgreSQL, e2e, build	Preserve P2-A editor evidence	2026-10-06T03:57:57.4759350Z (node:40776) [DEP0040] DeprecationWarning: The `punycode` module is deprecated. Please use a userland alternative instead.
typecheck, test, PostgreSQL, e2e, build	Preserve P2-A editor evidence	2026-10-06T03:57:57.4833344Z (Use `node --trace-deprecation ...` to show where the warning was created)
typecheck, test, PostgreSQL, e2e, build	Preserve P2-A editor evidence	2026-10-06T03:58:00.0481833Z Multiple search paths detected. Calculating the least common ancestor of all paths
typecheck, test, PostgreSQL, e2e, build	Preserve P2-A editor evidence	2026-10-06T03:58:00.0753444Z The least common ancestor is /home/runner/work/line-couple-ledger-bot/line-couple-ledger-bot/output/playwright. This will be the root directory of the artifact
typecheck, test, PostgreSQL, e2e, build	Preserve P2-A editor evidence	2026-10-06T03:58:00.0806209Z With the provided path, there will be 363 files uploaded
typecheck, test, PostgreSQL, e2e, build	Preserve P2-A editor evidence	2026-10-06T03:58:00.0855707Z Artifact name is valid!
typecheck, test, PostgreSQL, e2e, build	Preserve P2-A editor evidence	2026-10-06T03:58:00.0864720Z Root directory input is valid!
typecheck, test, PostgreSQL, e2e, build	Preserve P2-A editor evidence	2026-10-06T03:58:00.1221820Z Beginning upload of artifact content to blob storage
typecheck, test, PostgreSQL, e2e, build	Preserve P2-A editor evidence	2026-10-06T03:58:01.3008979Z (node:40776) [DEP0169] DeprecationWarning: `url.parse()` behavior is not standardized and prone to errors that have security implications. Use the WHATWG URL API instead. CVEs are not issued for `url.parse()` vulnerabilities.
typecheck, test, PostgreSQL, e2e, build	Preserve P2-A editor evidence	2026-10-06T03:58:01.6284959Z Uploaded bytes 8388608
typecheck, test, PostgreSQL, e2e, build	Preserve P2-A editor evidence	2026-10-06T03:58:03.5817643Z Uploaded bytes 16777216
typecheck, test, PostgreSQL, e2e, build	Preserve P2-A editor evidence	2026-10-06T03:58:05.4032149Z Uploaded bytes 25165824
typecheck, test, PostgreSQL, e2e, build	Preserve P2-A editor evidence	2026-10-06T03:58:06.9937484Z Uploaded bytes 33554432
typecheck, test, PostgreSQL, e2e, build	Preserve P2-A editor evidence	2026-10-06T03:58:08.6906446Z Uploaded bytes 41943040
typecheck, test, PostgreSQL, e2e, build	Preserve P2-A editor evidence	2026-10-06T03:58:10.2268331Z Uploaded bytes 50331648
typecheck, test, PostgreSQL, e2e, build	Preserve P2-A editor evidence	2026-10-06T03:58:12.4171906Z Uploaded bytes 58720256
typecheck, test, PostgreSQL, e2e, build	Preserve P2-A editor evidence	2026-10-06T03:58:14.1467492Z Uploaded bytes 67108864
typecheck, test, PostgreSQL, e2e, build	Preserve P2-A editor evidence	2026-10-06T03:58:15.5266751Z Uploaded bytes 75497472
typecheck, test, PostgreSQL, e2e, build	Preserve P2-A editor evidence	2026-10-06T03:58:17.8039742Z Uploaded bytes 83313251
typecheck, test, PostgreSQL, e2e, build	Preserve P2-A editor evidence	2026-10-06T03:58:17.8238576Z Finished uploading artifact content to blob storage!
typecheck, test, PostgreSQL, e2e, build	Preserve P2-A editor evidence	2026-10-06T03:58:17.8797517Z SHA256 digest of uploaded artifact zip is 93bf6e411dd6e6855d7cb3acaea075eb4454c0bc604aee298fa443a85c46422d
typecheck, test, PostgreSQL, e2e, build	Preserve P2-A editor evidence	2026-10-06T03:58:17.8799072Z Finalizing artifact upload
typecheck, test, PostgreSQL, e2e, build	Preserve P2-A editor evidence	2026-10-06T03:58:18.1319380Z Artifact p2-a-editor-evidence.zip successfully finalized. Artifact ID 11388689184
typecheck, test, PostgreSQL, e2e, build	Preserve P2-A editor evidence	2026-10-06T03:58:18.1329650Z Artifact p2-a-editor-evidence has been successfully uploaded! Final size is 83313251 bytes. Artifact ID is 11388689184
typecheck, test, PostgreSQL, e2e, build	Preserve P2-A editor evidence	2026-10-06T03:58:18.1336700Z Artifact download URL: https://github.com/nnnc8/line-couple-ledger-bot/actions/runs/37409783030/artifacts/11388689184
typecheck, test, PostgreSQL, e2e, build	Preserve P2-B identity and creation evidence	﻿2026-10-06T03:58:18.2180195Z ##[group]Run actions/upload-artifact@v4
typecheck, test, PostgreSQL, e2e, build	Preserve P2-B identity and creation evidence	2026-10-06T03:58:18.2180803Z with:
typecheck, test, PostgreSQL, e2e, build	Preserve P2-B identity and creation evidence	2026-10-06T03:58:18.2181186Z   name: p2-b-browser-evidence
typecheck, test, PostgreSQL, e2e, build	Preserve P2-B identity and creation evidence	2026-10-06T03:58:18.2181894Z   path: output/playwright/p2-b/
typecheck, test, PostgreSQL, e2e, build	Preserve P2-B identity and creation evidence	output/playwright/results/p2-b-identity-*/
typecheck, test, PostgreSQL, e2e, build	Preserve P2-B identity and creation evidence	
typecheck, test, PostgreSQL, e2e, build	Preserve P2-B identity and creation evidence	2026-10-06T03:58:18.2182655Z   retention-days: 14
typecheck, test, PostgreSQL, e2e, build	Preserve P2-B identity and creation evidence	2026-10-06T03:58:18.2183073Z   if-no-files-found: error
typecheck, test, PostgreSQL, e2e, build	Preserve P2-B identity and creation evidence	2026-10-06T03:58:18.2183506Z   compression-level: 6
typecheck, test, PostgreSQL, e2e, build	Preserve P2-B identity and creation evidence	2026-10-06T03:58:18.2183892Z   overwrite: false
typecheck, test, PostgreSQL, e2e, build	Preserve P2-B identity and creation evidence	2026-10-06T03:58:18.2184295Z   include-hidden-files: false
typecheck, test, PostgreSQL, e2e, build	Preserve P2-B identity and creation evidence	2026-10-06T03:58:18.2184747Z env:
typecheck, test, PostgreSQL, e2e, build	Preserve P2-B identity and creation evidence	2026-10-06T03:58:18.2240928Z   PNPM_HOME: /home/runner/setup-pnpm/node_modules/.bin
typecheck, test, PostgreSQL, e2e, build	Preserve P2-B identity and creation evidence	2026-10-06T03:58:18.2241572Z ##[endgroup]
typecheck, test, PostgreSQL, e2e, build	Preserve P2-B identity and creation evidence	2026-10-06T03:58:19.2291211Z (node:41291) [DEP0040] DeprecationWarning: The `punycode` module is deprecated. Please use a userland alternative instead.
typecheck, test, PostgreSQL, e2e, build	Preserve P2-B identity and creation evidence	2026-10-06T03:58:19.2477056Z (Use `node --trace-deprecation ...` to show where the warning was created)
typecheck, test, PostgreSQL, e2e, build	Preserve P2-B identity and creation evidence	2026-10-06T03:58:20.1051506Z Multiple search paths detected. Calculating the least common ancestor of all paths
typecheck, test, PostgreSQL, e2e, build	Preserve P2-B identity and creation evidence	2026-10-06T03:58:20.1054645Z The least common ancestor is /home/runner/work/line-couple-ledger-bot/line-couple-ledger-bot/output/playwright. This will be the root directory of the artifact
typecheck, test, PostgreSQL, e2e, build	Preserve P2-B identity and creation evidence	2026-10-06T03:58:20.1056639Z With the provided path, there will be 126 files uploaded
typecheck, test, PostgreSQL, e2e, build	Preserve P2-B identity and creation evidence	2026-10-06T03:58:20.1057894Z Artifact name is valid!
typecheck, test, PostgreSQL, e2e, build	Preserve P2-B identity and creation evidence	2026-10-06T03:58:20.1058619Z Root directory input is valid!
typecheck, test, PostgreSQL, e2e, build	Preserve P2-B identity and creation evidence	2026-10-06T03:58:20.1078667Z Beginning upload of artifact content to blob storage
typecheck, test, PostgreSQL, e2e, build	Preserve P2-B identity and creation evidence	2026-10-06T03:58:21.3598307Z (node:41291) [DEP0169] DeprecationWarning: `url.parse()` behavior is not standardized and prone to errors that have security implications. Use the WHATWG URL API instead. CVEs are not issued for `url.parse()` vulnerabilities.
typecheck, test, PostgreSQL, e2e, build	Preserve P2-B identity and creation evidence	2026-10-06T03:58:21.5305275Z Uploaded bytes 8388608
typecheck, test, PostgreSQL, e2e, build	Preserve P2-B identity and creation evidence	2026-10-06T03:58:23.7026295Z Uploaded bytes 16777216
typecheck, test, PostgreSQL, e2e, build	Preserve P2-B identity and creation evidence	2026-10-06T03:58:25.6406190Z Uploaded bytes 24453187
typecheck, test, PostgreSQL, e2e, build	Preserve P2-B identity and creation evidence	2026-10-06T03:58:25.6766521Z Finished uploading artifact content to blob storage!
typecheck, test, PostgreSQL, e2e, build	Preserve P2-B identity and creation evidence	2026-10-06T03:58:25.6856875Z SHA256 digest of uploaded artifact zip is bfdd4eb1eabb081070ea7d8a630b5005e51c4f2b3662467524e01e63aee4bc08
typecheck, test, PostgreSQL, e2e, build	Preserve P2-B identity and creation evidence	2026-10-06T03:58:25.6947757Z Finalizing artifact upload
typecheck, test, PostgreSQL, e2e, build	Preserve P2-B identity and creation evidence	2026-10-06T03:58:26.0331031Z Artifact p2-b-browser-evidence.zip successfully finalized. Artifact ID 11388409498
typecheck, test, PostgreSQL, e2e, build	Preserve P2-B identity and creation evidence	2026-10-06T03:58:26.0445549Z Artifact p2-b-browser-evidence has been successfully uploaded! Final size is 24453187 bytes. Artifact ID is 11388409498
typecheck, test, PostgreSQL, e2e, build	Preserve P2-B identity and creation evidence	2026-10-06T03:58:26.0506900Z Artifact download URL: https://github.com/nnnc8/line-couple-ledger-bot/actions/runs/37409783030/artifacts/11388409498
typecheck, test, PostgreSQL, e2e, build	Preserve P2-C timeline and Detail evidence	﻿2026-10-06T03:58:26.1454071Z ##[group]Run actions/upload-artifact@v4
typecheck, test, PostgreSQL, e2e, build	Preserve P2-C timeline and Detail evidence	2026-10-06T03:58:26.1454583Z with:
typecheck, test, PostgreSQL, e2e, build	Preserve P2-C timeline and Detail evidence	2026-10-06T03:58:26.1454933Z   name: p2-c-browser-evidence
typecheck, test, PostgreSQL, e2e, build	Preserve P2-C timeline and Detail evidence	2026-10-06T03:58:26.1455805Z   path: output/playwright/p2-c/
typecheck, test, PostgreSQL, e2e, build	Preserve P2-C timeline and Detail evidence	output/playwright/results/p2-c-timeline-*/
typecheck, test, PostgreSQL, e2e, build	Preserve P2-C timeline and Detail evidence	
typecheck, test, PostgreSQL, e2e, build	Preserve P2-C timeline and Detail evidence	2026-10-06T03:58:26.1456467Z   retention-days: 14
typecheck, test, PostgreSQL, e2e, build	Preserve P2-C timeline and Detail evidence	2026-10-06T03:58:26.1456845Z   if-no-files-found: error
typecheck, test, PostgreSQL, e2e, build	Preserve P2-C timeline and Detail evidence	2026-10-06T03:58:26.1457230Z   compression-level: 6
typecheck, test, PostgreSQL, e2e, build	Preserve P2-C timeline and Detail evidence	2026-10-06T03:58:26.1457594Z   overwrite: false
typecheck, test, PostgreSQL, e2e, build	Preserve P2-C timeline and Detail evidence	2026-10-06T03:58:26.1457950Z   include-hidden-files: false
typecheck, test, PostgreSQL, e2e, build	Preserve P2-C timeline and Detail evidence	2026-10-06T03:58:26.1458337Z env:
typecheck, test, PostgreSQL, e2e, build	Preserve P2-C timeline and Detail evidence	2026-10-06T03:58:26.1458748Z   PNPM_HOME: /home/runner/setup-pnpm/node_modules/.bin
typecheck, test, PostgreSQL, e2e, build	Preserve P2-C timeline and Detail evidence	2026-10-06T03:58:26.1459243Z ##[endgroup]
typecheck, test, PostgreSQL, e2e, build	Preserve P2-C timeline and Detail evidence	2026-10-06T03:58:27.4247166Z (node:41480) [DEP0040] DeprecationWarning: The `punycode` module is deprecated. Please use a userland alternative instead.
typecheck, test, PostgreSQL, e2e, build	Preserve P2-C timeline and Detail evidence	2026-10-06T03:58:27.4392051Z (Use `node --trace-deprecation ...` to show where the warning was created)
typecheck, test, PostgreSQL, e2e, build	Preserve P2-C timeline and Detail evidence	2026-10-06T03:58:28.1016680Z Multiple search paths detected. Calculating the least common ancestor of all paths
typecheck, test, PostgreSQL, e2e, build	Preserve P2-C timeline and Detail evidence	2026-10-06T03:58:28.1019938Z The least common ancestor is /home/runner/work/line-couple-ledger-bot/line-couple-ledger-bot/output/playwright. This will be the root directory of the artifact
typecheck, test, PostgreSQL, e2e, build	Preserve P2-C timeline and Detail evidence	2026-10-06T03:58:28.1021694Z With the provided path, there will be 534 files uploaded
typecheck, test, PostgreSQL, e2e, build	Preserve P2-C timeline and Detail evidence	2026-10-06T03:58:28.1023051Z Artifact name is valid!
typecheck, test, PostgreSQL, e2e, build	Preserve P2-C timeline and Detail evidence	2026-10-06T03:58:28.1023798Z Root directory input is valid!
typecheck, test, PostgreSQL, e2e, build	Preserve P2-C timeline and Detail evidence	2026-10-06T03:58:28.3222021Z Beginning upload of artifact content to blob storage
typecheck, test, PostgreSQL, e2e, build	Preserve P2-C timeline and Detail evidence	2026-10-06T03:58:30.6911805Z (node:41480) [DEP0169] DeprecationWarning: `url.parse()` behavior is not standardized and prone to errors that have security implications. Use the WHATWG URL API instead. CVEs are not issued for `url.parse()` vulnerabilities.
typecheck, test, PostgreSQL, e2e, build	Preserve P2-C timeline and Detail evidence	2026-10-06T03:58:31.0321385Z Uploaded bytes 8388608
typecheck, test, PostgreSQL, e2e, build	Preserve P2-C timeline and Detail evidence	2026-10-06T03:58:32.9452763Z Uploaded bytes 16777216
typecheck, test, PostgreSQL, e2e, build	Preserve P2-C timeline and Detail evidence	2026-10-06T03:58:35.3093930Z Uploaded bytes 25165824
typecheck, test, PostgreSQL, e2e, build	Preserve P2-C timeline and Detail evidence	2026-10-06T03:58:37.6717501Z Uploaded bytes 33554432
typecheck, test, PostgreSQL, e2e, build	Preserve P2-C timeline and Detail evidence	2026-10-06T03:58:39.8210520Z Uploaded bytes 41943040
typecheck, test, PostgreSQL, e2e, build	Preserve P2-C timeline and Detail evidence	2026-10-06T03:58:42.0503059Z Uploaded bytes 50331648
typecheck, test, PostgreSQL, e2e, build	Preserve P2-C timeline and Detail evidence	2026-10-06T03:58:43.7334409Z Uploaded bytes 58720256
typecheck, test, PostgreSQL, e2e, build	Preserve P2-C timeline and Detail evidence	2026-10-06T03:58:45.2650836Z Uploaded bytes 67108864
typecheck, test, PostgreSQL, e2e, build	Preserve P2-C timeline and Detail evidence	2026-10-06T03:58:46.1071255Z Uploaded bytes 75497472
typecheck, test, PostgreSQL, e2e, build	Preserve P2-C timeline and Detail evidence	2026-10-06T03:58:47.6037732Z Uploaded bytes 83886080
typecheck, test, PostgreSQL, e2e, build	Preserve P2-C timeline and Detail evidence	2026-10-06T03:58:49.1716099Z Uploaded bytes 92274688
typecheck, test, PostgreSQL, e2e, build	Preserve P2-C timeline and Detail evidence	2026-10-06T03:58:50.3133795Z Uploaded bytes 100663296
typecheck, test, PostgreSQL, e2e, build	Preserve P2-C timeline and Detail evidence	2026-10-06T03:58:52.1308085Z Uploaded bytes 109051904
typecheck, test, PostgreSQL, e2e, build	Preserve P2-C timeline and Detail evidence	2026-10-06T03:58:53.6900157Z Uploaded bytes 117440512
typecheck, test, PostgreSQL, e2e, build	Preserve P2-C timeline and Detail evidence	2026-10-06T03:58:55.0943015Z Uploaded bytes 125829120
typecheck, test, PostgreSQL, e2e, build	Preserve P2-C timeline and Detail evidence	2026-10-06T03:58:55.7402354Z Uploaded bytes 134217728
typecheck, test, PostgreSQL, e2e, build	Preserve P2-C timeline and Detail evidence	2026-10-06T03:58:57.6420417Z Uploaded bytes 142606336
typecheck, test, PostgreSQL, e2e, build	Preserve P2-C timeline and Detail evidence	2026-10-06T03:58:59.0726128Z Uploaded bytes 150994944
typecheck, test, PostgreSQL, e2e, build	Preserve P2-C timeline and Detail evidence	2026-10-06T03:59:00.3007164Z Uploaded bytes 159383552
typecheck, test, PostgreSQL, e2e, build	Preserve P2-C timeline and Detail evidence	2026-10-06T03:59:01.2030311Z Uploaded bytes 167772160
typecheck, test, PostgreSQL, e2e, build	Preserve P2-C timeline and Detail evidence	2026-10-06T03:59:02.7346598Z Uploaded bytes 176160768
typecheck, test, PostgreSQL, e2e, build	Preserve P2-C timeline and Detail evidence	2026-10-06T03:59:04.3317356Z Uploaded bytes 184549376
typecheck, test, PostgreSQL, e2e, build	Preserve P2-C timeline and Detail evidence	2026-10-06T03:59:06.1696982Z Uploaded bytes 192937984
typecheck, test, PostgreSQL, e2e, build	Preserve P2-C timeline and Detail evidence	2026-10-06T03:59:07.3096458Z Uploaded bytes 197728285
typecheck, test, PostgreSQL, e2e, build	Preserve P2-C timeline and Detail evidence	2026-10-06T03:59:07.3636375Z Finished uploading artifact content to blob storage!
typecheck, test, PostgreSQL, e2e, build	Preserve P2-C timeline and Detail evidence	2026-10-06T03:59:07.3807488Z SHA256 digest of uploaded artifact zip is 89c98f41f3f0248912228d76a38391b135acee471471094de0522ee52d22a011
typecheck, test, PostgreSQL, e2e, build	Preserve P2-C timeline and Detail evidence	2026-10-06T03:59:07.3879030Z Finalizing artifact upload
typecheck, test, PostgreSQL, e2e, build	Preserve P2-C timeline and Detail evidence	2026-10-06T03:59:07.6939082Z Artifact p2-c-browser-evidence.zip successfully finalized. Artifact ID 11389496942
typecheck, test, PostgreSQL, e2e, build	Preserve P2-C timeline and Detail evidence	2026-10-06T03:59:07.6967523Z Artifact p2-c-browser-evidence has been successfully uploaded! Final size is 197728285 bytes. Artifact ID is 11389496942
typecheck, test, PostgreSQL, e2e, build	Preserve P2-C timeline and Detail evidence	2026-10-06T03:59:07.6996577Z Artifact download URL: https://github.com/nnnc8/line-couple-ledger-bot/actions/runs/37409783030/artifacts/11389496942
typecheck, test, PostgreSQL, e2e, build	Post Setup pnpm	﻿2026-10-06T03:59:07.8181251Z Post job cleanup.
typecheck, test, PostgreSQL, e2e, build	Post Setup pnpm	2026-10-06T03:59:08.8913888Z Pruning is unnecessary.
typecheck, test, PostgreSQL, e2e, build	Post Run actions/checkout@v4	﻿2026-10-06T03:59:08.9873550Z Post job cleanup.
typecheck, test, PostgreSQL, e2e, build	Post Run actions/checkout@v4	2026-10-06T03:59:09.4441628Z [command]/usr/bin/git version
typecheck, test, PostgreSQL, e2e, build	Post Run actions/checkout@v4	2026-10-06T03:59:09.4568781Z git version 2.55.0
typecheck, test, PostgreSQL, e2e, build	Post Run actions/checkout@v4	2026-10-06T03:59:09.5147273Z Temporarily overriding HOME='/home/runner/work/_temp/f38712cf-d684-4249-b4ab-a2a6735b2875' before making global git config changes
typecheck, test, PostgreSQL, e2e, build	Post Run actions/checkout@v4	2026-10-06T03:59:09.5329920Z Adding repository directory to the temporary git global config as a safe directory
typecheck, test, PostgreSQL, e2e, build	Post Run actions/checkout@v4	2026-10-06T03:59:09.5477166Z [command]/usr/bin/git config --global --add safe.directory /home/runner/work/line-couple-ledger-bot/line-couple-ledger-bot
typecheck, test, PostgreSQL, e2e, build	Post Run actions/checkout@v4	2026-10-06T03:59:09.5831988Z [command]/usr/bin/git config --local --name-only --get-regexp core\.sshCommand
typecheck, test, PostgreSQL, e2e, build	Post Run actions/checkout@v4	2026-10-06T03:59:09.6121807Z [command]/usr/bin/git submodule foreach --recursive sh -c "git config --local --name-only --get-regexp 'core\.sshCommand' && git config --local --unset-all 'core.sshCommand' || :"
typecheck, test, PostgreSQL, e2e, build	Post Run actions/checkout@v4	2026-10-06T03:59:09.7066856Z [command]/usr/bin/git config --local --name-only --get-regexp http\.https\:\/\/github\.com\/\.extraheader
typecheck, test, PostgreSQL, e2e, build	Post Run actions/checkout@v4	2026-10-06T03:59:09.7236515Z http.https://github.com/.extraheader
typecheck, test, PostgreSQL, e2e, build	Post Run actions/checkout@v4	2026-10-06T03:59:09.7626803Z [command]/usr/bin/git config --local --unset-all http.https://github.com/.extraheader
typecheck, test, PostgreSQL, e2e, build	Post Run actions/checkout@v4	2026-10-06T03:59:09.7997866Z [command]/usr/bin/git submodule foreach --recursive sh -c "git config --local --name-only --get-regexp 'http\.https\:\/\/github\.com\/\.extraheader' && git config --local --unset-all 'http.https://github.com/.extraheader' || :"
typecheck, test, PostgreSQL, e2e, build	Post Run actions/checkout@v4	2026-10-06T03:59:09.9589261Z [command]/usr/bin/git config --local --name-only --get-regexp ^includeIf\.gitdir:
typecheck, test, PostgreSQL, e2e, build	Post Run actions/checkout@v4	2026-10-06T03:59:09.9837064Z [command]/usr/bin/git submodule foreach --recursive git config --local --show-origin --name-only --get-regexp remote.origin.url
typecheck, test, PostgreSQL, e2e, build	Stop containers	﻿2026-10-06T03:59:10.2735537Z Print service container logs: fc3f4fc2998e47e58e0823d981d4387f_postgres17_9b9b5e
typecheck, test, PostgreSQL, e2e, build	Stop containers	2026-10-06T03:59:10.2742391Z ##[command]/usr/bin/docker logs --details ae9ff95e2db84f584b08a688aa576858532bd09c220ec68f17a5c93786bfa38c
typecheck, test, PostgreSQL, e2e, build	Stop containers	2026-10-06T03:59:10.3585715Z  initdb: warning: enabling "trust" authentication for local connections
typecheck, test, PostgreSQL, e2e, build	Stop containers	2026-10-06T03:59:10.3586913Z  The files belonging to this database system will be owned by user "postgres".
typecheck, test, PostgreSQL, e2e, build	Stop containers	2026-10-06T03:59:10.3664051Z  initdb: hint: You can change this by editing pg_hba.conf or using the option -A, or --auth-local and --auth-host, the next time you run initdb.
typecheck, test, PostgreSQL, e2e, build	Stop containers	2026-10-06T03:59:10.3711338Z  2026-10-06 03:36:45.520 UTC [1] LOG:  starting PostgreSQL 17.11 (Debian 17.11-1.pgdg13+2) on x86_64-pc-linux-gnu, compiled by gcc (Debian 14.2.0-19) 14.2.0, 64-bit
typecheck, test, PostgreSQL, e2e, build	Stop containers	2026-10-06T03:59:10.3712616Z  This user must also own the server process.
typecheck, test, PostgreSQL, e2e, build	Stop containers	2026-10-06T03:59:10.3797775Z  
typecheck, test, PostgreSQL, e2e, build	Stop containers	2026-10-06T03:59:10.3821346Z  The database cluster will be initialized with locale "en_US.utf8".
typecheck, test, PostgreSQL, e2e, build	Stop containers	2026-10-06T03:59:10.3856546Z  The default database encoding has accordingly been set to "UTF8".
typecheck, test, PostgreSQL, e2e, build	Stop containers	2026-10-06T03:59:10.3881943Z  2026-10-06 03:36:45.520 UTC [1] LOG:  listening on IPv4 address "0.0.0.0", port 5432
typecheck, test, PostgreSQL, e2e, build	Stop containers	2026-10-06T03:59:10.3882838Z  The default text search configuration will be set to "english".
typecheck, test, PostgreSQL, e2e, build	Stop containers	2026-10-06T03:59:10.3883597Z  
typecheck, test, PostgreSQL, e2e, build	Stop containers	2026-10-06T03:59:10.3884050Z  Data page checksums are disabled.
typecheck, test, PostgreSQL, e2e, build	Stop containers	2026-10-06T03:59:10.3884615Z  
typecheck, test, PostgreSQL, e2e, build	Stop containers	2026-10-06T03:59:10.3885535Z  fixing permissions on existing directory /var/lib/postgresql/data ... ok
typecheck, test, PostgreSQL, e2e, build	Stop containers	2026-10-06T03:59:10.3886362Z  creating subdirectories ... ok
typecheck, test, PostgreSQL, e2e, build	Stop containers	2026-10-06T03:59:10.3887026Z  selecting dynamic shared memory implementation ... posix
typecheck, test, PostgreSQL, e2e, build	Stop containers	2026-10-06T03:59:10.3887763Z  selecting default "max_connections" ... 100
typecheck, test, PostgreSQL, e2e, build	Stop containers	2026-10-06T03:59:10.3888413Z  selecting default "shared_buffers" ... 128MB
typecheck, test, PostgreSQL, e2e, build	Stop containers	2026-10-06T03:59:10.3889044Z  selecting default time zone ... Etc/UTC
typecheck, test, PostgreSQL, e2e, build	Stop containers	2026-10-06T03:59:10.3889655Z  creating configuration files ... ok
typecheck, test, PostgreSQL, e2e, build	Stop containers	2026-10-06T03:59:10.3890252Z  running bootstrap script ... ok
typecheck, test, PostgreSQL, e2e, build	Stop containers	2026-10-06T03:59:10.3890909Z  performing post-bootstrap initialization ... ok
typecheck, test, PostgreSQL, e2e, build	Stop containers	2026-10-06T03:59:10.3891574Z  syncing data to disk ... ok
typecheck, test, PostgreSQL, e2e, build	Stop containers	2026-10-06T03:59:10.3892438Z  
typecheck, test, PostgreSQL, e2e, build	Stop containers	2026-10-06T03:59:10.3892852Z  
typecheck, test, PostgreSQL, e2e, build	Stop containers	2026-10-06T03:59:10.3893364Z  Success. You can now start the database server using:
typecheck, test, PostgreSQL, e2e, build	Stop containers	2026-10-06T03:59:10.3894006Z  
typecheck, test, PostgreSQL, e2e, build	Stop containers	2026-10-06T03:59:10.3894536Z      pg_ctl -D /var/lib/postgresql/data -l logfile start
typecheck, test, PostgreSQL, e2e, build	Stop containers	2026-10-06T03:59:10.3895388Z  
typecheck, test, PostgreSQL, e2e, build	Stop containers	2026-10-06T03:59:10.3896604Z  waiting for server to start....2026-10-06 03:36:45.280 UTC [47] LOG:  starting PostgreSQL 17.11 (Debian 17.11-1.pgdg13+2) on x86_64-pc-linux-gnu, compiled by gcc (Debian 14.2.0-19) 14.2.0, 64-bit
typecheck, test, PostgreSQL, e2e, build	Stop containers	2026-10-06T03:59:10.3898244Z  2026-10-06 03:36:45.281 UTC [47] LOG:  listening on Unix socket "/var/run/postgresql/.s.PGSQL.5432"
typecheck, test, PostgreSQL, e2e, build	Stop containers	2026-10-06T03:59:10.3899349Z  2026-10-06 03:36:45.283 UTC [50] LOG:  database system was shut down at 2026-10-06 03:36:45 UTC
typecheck, test, PostgreSQL, e2e, build	Stop containers	2026-10-06T03:59:10.3900374Z  2026-10-06 03:36:45.286 UTC [47] LOG:  database system is ready to accept connections
typecheck, test, PostgreSQL, e2e, build	Stop containers	2026-10-06T03:59:10.3901167Z   done
typecheck, test, PostgreSQL, e2e, build	Stop containers	2026-10-06T03:59:10.3901592Z  server started
typecheck, test, PostgreSQL, e2e, build	Stop containers	2026-10-06T03:59:10.3902081Z  
typecheck, test, PostgreSQL, e2e, build	Stop containers	2026-10-06T03:59:10.3902732Z  /usr/local/bin/docker-entrypoint.sh: ignoring /docker-entrypoint-initdb.d/*
typecheck, test, PostgreSQL, e2e, build	Stop containers	2026-10-06T03:59:10.3903530Z  
typecheck, test, PostgreSQL, e2e, build	Stop containers	2026-10-06T03:59:10.3904083Z  2026-10-06 03:36:45.398 UTC [47] LOG:  received fast shutdown request
typecheck, test, PostgreSQL, e2e, build	Stop containers	2026-10-06T03:59:10.3905320Z  waiting for server to shut down....2026-10-06 03:36:45.399 UTC [47] LOG:  aborting any active transactions
typecheck, test, PostgreSQL, e2e, build	Stop containers	2026-10-06T03:59:10.3906666Z  2026-10-06 03:36:45.401 UTC [47] LOG:  background worker "logical replication launcher" (PID 53) exited with exit code 1
typecheck, test, PostgreSQL, e2e, build	Stop containers	2026-10-06T03:59:10.3907747Z  2026-10-06 03:36:45.401 UTC [48] LOG:  shutting down
typecheck, test, PostgreSQL, e2e, build	Stop containers	2026-10-06T03:59:10.3908532Z  2026-10-06 03:36:45.401 UTC [48] LOG:  checkpoint starting: shutdown immediate
typecheck, test, PostgreSQL, e2e, build	Stop containers	2026-10-06T03:59:10.3910455Z  2026-10-06 03:36:45.403 UTC [48] LOG:  checkpoint complete: wrote 3 buffers (0.0%); 0 WAL file(s) added, 0 removed, 0 recycled; write=0.001 s, sync=0.001 s, total=0.003 s; sync files=2, longest=0.001 s, average=0.001 s; distance=0 kB, estimate=0 kB; lsn=0/14EF800, redo lsn=0/14EF800
typecheck, test, PostgreSQL, e2e, build	Stop containers	2026-10-06T03:59:10.3912751Z  2026-10-06 03:36:45.407 UTC [47] LOG:  database system is shut down
typecheck, test, PostgreSQL, e2e, build	Stop containers	2026-10-06T03:59:10.3913437Z   done
typecheck, test, PostgreSQL, e2e, build	Stop containers	2026-10-06T03:59:10.3913866Z  server stopped
typecheck, test, PostgreSQL, e2e, build	Stop containers	2026-10-06T03:59:10.3914314Z  
typecheck, test, PostgreSQL, e2e, build	Stop containers	2026-10-06T03:59:10.3914838Z  PostgreSQL init process complete; ready for start up.
typecheck, test, PostgreSQL, e2e, build	Stop containers	2026-10-06T03:59:10.3916076Z  
typecheck, test, PostgreSQL, e2e, build	Stop containers	2026-10-06T03:59:10.4138189Z  2026-10-06 03:36:45.520 UTC [1] LOG:  listening on IPv6 address "::", port 5432
typecheck, test, PostgreSQL, e2e, build	Stop containers	2026-10-06T03:59:10.4226222Z  2026-10-06 03:36:45.521 UTC [1] LOG:  listening on Unix socket "/var/run/postgresql/.s.PGSQL.5432"
typecheck, test, PostgreSQL, e2e, build	Stop containers	2026-10-06T03:59:10.4247433Z  2026-10-06 03:36:45.523 UTC [61] LOG:  database system was shut down at 2026-10-06 03:36:45 UTC
typecheck, test, PostgreSQL, e2e, build	Stop containers	2026-10-06T03:59:10.4386243Z  2026-10-06 03:36:45.527 UTC [1] LOG:  database system is ready to accept connections
typecheck, test, PostgreSQL, e2e, build	Stop containers	2026-10-06T03:59:10.4467106Z  2026-10-06 03:36:54.721 UTC [72] FATAL:  role "root" does not exist
typecheck, test, PostgreSQL, e2e, build	Stop containers	2026-10-06T03:59:10.4551151Z  2026-10-06 03:37:04.802 UTC [80] FATAL:  role "root" does not exist
typecheck, test, PostgreSQL, e2e, build	Stop containers	2026-10-06T03:59:10.4647194Z  2026-10-06 03:37:14.888 UTC [88] FATAL:  role "root" does not exist
typecheck, test, PostgreSQL, e2e, build	Stop containers	2026-10-06T03:59:10.4782081Z  2026-10-06 03:37:24.980 UTC [97] FATAL:  role "root" does not exist
typecheck, test, PostgreSQL, e2e, build	Stop containers	2026-10-06T03:59:10.4826247Z  2026-10-06 03:37:31.820 UTC [102] ERROR:  synthetic event failure
typecheck, test, PostgreSQL, e2e, build	Stop containers	2026-10-06T03:59:10.4906683Z  2026-10-06 03:37:31.820 UTC [102] CONTEXT:  PL/pgSQL function v3_fail_event() line 1 at RAISE
typecheck, test, PostgreSQL, e2e, build	Stop containers	2026-10-06T03:59:10.4988841Z  2026-10-06 03:37:31.820 UTC [102] STATEMENT:  insert into ledger_v2.transaction_events
typecheck, test, PostgreSQL, e2e, build	Stop containers	2026-10-06T03:59:10.5075640Z  	      (couple_id, ledger_id, transaction_id, actor_user_id, action, after_state)
typecheck, test, PostgreSQL, e2e, build	Stop containers	2026-10-06T03:59:10.5216265Z  	     values ($1, $2, $3, $4, 'create', $5::jsonb)
typecheck, test, PostgreSQL, e2e, build	Stop containers	2026-10-06T03:59:10.5313901Z  2026-10-06 03:37:31.831 UTC [100] ERROR:  V1 financial writer is fenced for couple 1
typecheck, test, PostgreSQL, e2e, build	Stop containers	2026-10-06T03:59:10.5335457Z  2026-10-06 03:37:31.831 UTC [100] CONTEXT:  PL/pgSQL function prevent_v1_financial_write() line 27 at RAISE
typecheck, test, PostgreSQL, e2e, build	Stop containers	2026-10-06T03:59:10.5450000Z  2026-10-06 03:37:31.831 UTC [100] STATEMENT:  insert into public.expenses (couple_id) values (1)
typecheck, test, PostgreSQL, e2e, build	Stop containers	2026-10-06T03:59:10.5626244Z  2026-10-06 03:37:32.023 UTC [102] ERROR:  P1-B rollback fixture
typecheck, test, PostgreSQL, e2e, build	Stop containers	2026-10-06T03:59:10.5697262Z  2026-10-06 03:37:32.023 UTC [102] CONTEXT:  PL/pgSQL function p1b_fail_event() line 1 at RAISE
typecheck, test, PostgreSQL, e2e, build	Stop containers	2026-10-06T03:59:10.5786281Z  2026-10-06 03:37:32.023 UTC [102] STATEMENT:  insert into ledger_v2.transaction_events
typecheck, test, PostgreSQL, e2e, build	Stop containers	2026-10-06T03:59:10.5805969Z  	          (couple_id, ledger_id, transaction_id, actor_user_id, action, before_state, after_state)
typecheck, test, PostgreSQL, e2e, build	Stop containers	2026-10-06T03:59:10.5894660Z  	         values ($1, $2, $3, $4, 'update', $5::jsonb, $6::jsonb)
typecheck, test, PostgreSQL, e2e, build	Stop containers	2026-10-06T03:59:10.5915812Z  2026-10-06 03:37:35.043 UTC [111] FATAL:  role "root" does not exist
typecheck, test, PostgreSQL, e2e, build	Stop containers	2026-10-06T03:59:10.5978369Z  2026-10-06 03:37:42.471 UTC [59] LOG:  checkpoint starting: immediate force wait
typecheck, test, PostgreSQL, e2e, build	Stop containers	2026-10-06T03:59:10.6138546Z  2026-10-06 03:37:42.476 UTC [59] LOG:  checkpoint complete: wrote 56 buffers (0.3%); 0 WAL file(s) added, 0 removed, 0 recycled; write=0.002 s, sync=0.001 s, total=0.005 s; sync files=21, longest=0.001 s, average=0.001 s; distance=5892 kB, estimate=5892 kB; lsn=0/1AB0860, redo lsn=0/1AB0808
typecheck, test, PostgreSQL, e2e, build	Stop containers	2026-10-06T03:59:10.6256101Z  2026-10-06 03:37:44.777 UTC [115] ERROR:  pre-cutover injected PostgreSQL failure on transaction 2
typecheck, test, PostgreSQL, e2e, build	Stop containers	2026-10-06T03:59:10.6257411Z  2026-10-06 03:37:44.777 UTC [115] CONTEXT:  PL/pgSQL function ledger_v2.raise_on_test_transaction_number() line 8 at RAISE
typecheck, test, PostgreSQL, e2e, build	Stop containers	2026-10-06T03:59:10.6258520Z  2026-10-06 03:37:44.777 UTC [115] STATEMENT:  insert into ledger_v2.transactions
typecheck, test, PostgreSQL, e2e, build	Stop containers	2026-10-06T03:59:10.6259388Z  	        (id, couple_id, ledger_id, type, amount_twd, occurred_on, description,
typecheck, test, PostgreSQL, e2e, build	Stop containers	2026-10-06T03:59:10.6260355Z  	         category, category_id, note, split_method, created_by_user_id, replaces_transaction_id)
typecheck, test, PostgreSQL, e2e, build	Stop containers	2026-10-06T03:59:10.6261249Z  	       values ($1, $2, $3, $4, $5, $6, $7, $8, $9, $10, $11, $12, $13)
typecheck, test, PostgreSQL, e2e, build	Stop containers	2026-10-06T03:59:10.6261871Z  	       returning status, created_at, version
typecheck, test, PostgreSQL, e2e, build	Stop containers	2026-10-06T03:59:10.6262990Z  2026-10-06 03:37:45.117 UTC [123] FATAL:  role "root" does not exist
typecheck, test, PostgreSQL, e2e, build	Stop containers	2026-10-06T03:59:10.6263799Z  2026-10-06 03:37:55.127 UTC [59] LOG:  checkpoint starting: immediate force wait
typecheck, test, PostgreSQL, e2e, build	Stop containers	2026-10-06T03:59:10.6265927Z  2026-10-06 03:37:55.132 UTC [59] LOG:  checkpoint complete: wrote 19 buffers (0.1%); 0 WAL file(s) added, 0 removed, 1 recycled; write=0.002 s, sync=0.001 s, total=0.005 s; sync files=15, longest=0.001 s, average=0.001 s; distance=5565 kB, estimate=5859 kB; lsn=0/201FFD8, redo lsn=0/201FF80
typecheck, test, PostgreSQL, e2e, build	Stop containers	2026-10-06T03:59:10.6267813Z  2026-10-06 03:37:55.186 UTC [132] FATAL:  role "root" does not exist
typecheck, test, PostgreSQL, e2e, build	Stop containers	2026-10-06T03:59:10.6268803Z  2026-10-06 03:37:57.059 UTC [136] ERROR:  cannot CREATE INDEX "transactions" because it has pending trigger events
typecheck, test, PostgreSQL, e2e, build	Stop containers	2026-10-06T03:59:10.6270128Z  2026-10-06 03:37:57.059 UTC [136] STATEMENT:  -- Stable, Ledger-scoped category identities. The transaction.category text
typecheck, test, PostgreSQL, e2e, build	Stop containers	2026-10-06T03:59:10.6271292Z  	-- remains as a snapshot for backwards-compatible exports; category_id is the
typecheck, test, PostgreSQL, e2e, build	Stop containers	2026-10-06T03:59:10.6272055Z  	-- canonical reference for new V2 writes.
typecheck, test, PostgreSQL, e2e, build	Stop containers	2026-10-06T03:59:10.6272610Z  	create table ledger_v2.categories (
typecheck, test, PostgreSQL, e2e, build	Stop containers	2026-10-06T03:59:10.6273172Z  	  id uuid primary key default gen_random_uuid(),
typecheck, test, PostgreSQL, e2e, build	Stop containers	2026-10-06T03:59:10.6273958Z  	  couple_id smallint not null references public.couples(id) on delete cascade,
typecheck, test, PostgreSQL, e2e, build	Stop containers	2026-10-06T03:59:10.6274692Z  	  ledger_id uuid not null,
typecheck, test, PostgreSQL, e2e, build	Stop containers	2026-10-06T03:59:10.6275433Z  	  name text not null check (length(btrim(name)) between 1 and 40),
typecheck, test, PostgreSQL, e2e, build	Stop containers	2026-10-06T03:59:10.6276226Z  	  status text not null default 'active' check (status in ('active', 'archived')),
typecheck, test, PostgreSQL, e2e, build	Stop containers	2026-10-06T03:59:10.6276920Z  	  is_default boolean not null default false,
typecheck, test, PostgreSQL, e2e, build	Stop containers	2026-10-06T03:59:10.6277475Z  	  created_at timestamptz not null default now(),
typecheck, test, PostgreSQL, e2e, build	Stop containers	2026-10-06T03:59:10.6278081Z  	  updated_at timestamptz not null default now(),
typecheck, test, PostgreSQL, e2e, build	Stop containers	2026-10-06T03:59:10.6278699Z  	  unique (id, ledger_id, couple_id),
typecheck, test, PostgreSQL, e2e, build	Stop containers	2026-10-06T03:59:10.6279245Z  	  unique (ledger_id, couple_id, name),
typecheck, test, PostgreSQL, e2e, build	Stop containers	2026-10-06T03:59:10.6279816Z  	  foreign key (ledger_id, couple_id)
typecheck, test, PostgreSQL, e2e, build	Stop containers	2026-10-06T03:59:10.6280503Z  	    references ledger_v2.ledgers(id, couple_id) on delete cascade
typecheck, test, PostgreSQL, e2e, build	Stop containers	2026-10-06T03:59:10.6281469Z  	);
typecheck, test, PostgreSQL, e2e, build	Stop containers	2026-10-06T03:59:10.6281851Z  	
typecheck, test, PostgreSQL, e2e, build	Stop containers	2026-10-06T03:59:10.6282405Z  	create index categories_ledger_status_idx
typecheck, test, PostgreSQL, e2e, build	Stop containers	2026-10-06T03:59:10.6335937Z  	  on ledger_v2.categories (ledger_id, status, name);
typecheck, test, PostgreSQL, e2e, build	Stop containers	2026-10-06T03:59:10.6475963Z  	
typecheck, test, PostgreSQL, e2e, build	Stop containers	2026-10-06T03:59:10.6521599Z  	insert into ledger_v2.categories (couple_id, ledger_id, name, is_default)
typecheck, test, PostgreSQL, e2e, build	Stop containers	2026-10-06T03:59:10.6569763Z  	select l.couple_id, l.id, category_name, true
typecheck, test, PostgreSQL, e2e, build	Stop containers	2026-10-06T03:59:10.6710820Z  	  from ledger_v2.ledgers l
typecheck, test, PostgreSQL, e2e, build	Stop containers	2026-10-06T03:59:10.6746212Z  	 cross join unnest(array['餐飲', '交通', '居家', '旅遊', '娛樂', '購物', '醫療', '其他']::text[]) as defaults(category_name)
typecheck, test, PostgreSQL, e2e, build	Stop containers	2026-10-06T03:59:10.6819182Z  	on conflict (ledger_id, couple_id, name) do nothing;
typecheck, test, PostgreSQL, e2e, build	Stop containers	2026-10-06T03:59:10.6841297Z  	
typecheck, test, PostgreSQL, e2e, build	Stop containers	2026-10-06T03:59:10.6954312Z  	alter table ledger_v2.transactions
typecheck, test, PostgreSQL, e2e, build	Stop containers	2026-10-06T03:59:10.7035897Z  	  add column if not exists category_id uuid;
typecheck, test, PostgreSQL, e2e, build	Stop containers	2026-10-06T03:59:10.7136286Z  	
typecheck, test, PostgreSQL, e2e, build	Stop containers	2026-10-06T03:59:10.7216143Z  	-- Preserve existing V2 text categories where they exactly match a seeded
typecheck, test, PostgreSQL, e2e, build	Stop containers	2026-10-06T03:59:10.7256007Z  	-- label; unmatched historical text remains a snapshot and is not guessed.
typecheck, test, PostgreSQL, e2e, build	Stop containers	2026-10-06T03:59:10.7345951Z  	update ledger_v2.transactions t
typecheck, test, PostgreSQL, e2e, build	Stop containers	2026-10-06T03:59:10.7425950Z  	   set category_id = c.id
typecheck, test, PostgreSQL, e2e, build	Stop containers	2026-10-06T03:59:10.7498229Z  	  from ledger_v2.categories c
typecheck, test, PostgreSQL, e2e, build	Stop containers	2026-10-06T03:59:10.7599425Z  	 where t.category_id is null
typecheck, test, PostgreSQL, e2e, build	Stop containers	2026-10-06T03:59:10.7729581Z  	   and t.category is not null
typecheck, test, PostgreSQL, e2e, build	Stop containers	2026-10-06T03:59:10.7795876Z  	   and t.ledger_id = c.ledger_id
typecheck, test, PostgreSQL, e2e, build	Stop containers	2026-10-06T03:59:10.7811304Z  	   and t.couple_id = c.couple_id
typecheck, test, PostgreSQL, e2e, build	Stop containers	2026-10-06T03:59:10.7916172Z  	   and t.category = c.name;
typecheck, test, PostgreSQL, e2e, build	Stop containers	2026-10-06T03:59:10.7996080Z  	
typecheck, test, PostgreSQL, e2e, build	Stop containers	2026-10-06T03:59:10.8068861Z  	create index if not exists transactions_category_idx
typecheck, test, PostgreSQL, e2e, build	Stop containers	2026-10-06T03:59:10.8106019Z  	  on ledger_v2.transactions (ledger_id, category_id)
typecheck, test, PostgreSQL, e2e, build	Stop containers	2026-10-06T03:59:10.8155399Z  	  where category_id is not null;
typecheck, test, PostgreSQL, e2e, build	Stop containers	2026-10-06T03:59:10.8261399Z  	
typecheck, test, PostgreSQL, e2e, build	Stop containers	2026-10-06T03:59:10.8346025Z  	alter table ledger_v2.transactions
typecheck, test, PostgreSQL, e2e, build	Stop containers	2026-10-06T03:59:10.8420566Z  	  drop constraint if exists transactions_category_fk;
typecheck, test, PostgreSQL, e2e, build	Stop containers	2026-10-06T03:59:10.8474102Z  	
typecheck, test, PostgreSQL, e2e, build	Stop containers	2026-10-06T03:59:10.8557359Z  	alter table ledger_v2.transactions
typecheck, test, PostgreSQL, e2e, build	Stop containers	2026-10-06T03:59:10.8581803Z  	  add constraint transactions_category_fk
typecheck, test, PostgreSQL, e2e, build	Stop containers	2026-10-06T03:59:10.8676038Z  	  foreign key (category_id, ledger_id, couple_id)
typecheck, test, PostgreSQL, e2e, build	Stop containers	2026-10-06T03:59:10.8770154Z  	  references ledger_v2.categories(id, ledger_id, couple_id)
typecheck, test, PostgreSQL, e2e, build	Stop containers	2026-10-06T03:59:10.8833097Z  	  on delete restrict;
typecheck, test, PostgreSQL, e2e, build	Stop containers	2026-10-06T03:59:10.8908604Z  	
typecheck, test, PostgreSQL, e2e, build	Stop containers	2026-10-06T03:59:10.8942355Z  	alter table ledger_v2.transactions enable row level security;
typecheck, test, PostgreSQL, e2e, build	Stop containers	2026-10-06T03:59:10.8996102Z  	
typecheck, test, PostgreSQL, e2e, build	Stop containers	2026-10-06T03:59:10.9016846Z  	alter table ledger_v2.categories enable row level security;
typecheck, test, PostgreSQL, e2e, build	Stop containers	2026-10-06T03:59:10.9025897Z  	revoke all on ledger_v2.categories from public, anon, authenticated;
typecheck, test, PostgreSQL, e2e, build	Stop containers	2026-10-06T03:59:10.9066917Z  	grant select, insert, update, delete on ledger_v2.categories to service_role;
typecheck, test, PostgreSQL, e2e, build	Stop containers	2026-10-06T03:59:10.9095561Z  	
typecheck, test, PostgreSQL, e2e, build	Stop containers	2026-10-06T03:59:10.9134187Z  2026-10-06 03:37:57.161 UTC [59] LOG:  checkpoint starting: immediate force wait
typecheck, test, PostgreSQL, e2e, build	Stop containers	2026-10-06T03:59:10.9187288Z  2026-10-06 03:37:57.164 UTC [59] LOG:  checkpoint complete: wrote 7 buffers (0.0%); 0 WAL file(s) added, 0 removed, 0 recycled; write=0.001 s, sync=0.001 s, total=0.003 s; sync files=7, longest=0.001 s, average=0.001 s; distance=5912 kB, estimate=5912 kB; lsn=0/25E62D0, redo lsn=0/25E6278
typecheck, test, PostgreSQL, e2e, build	Stop containers	2026-10-06T03:59:10.9247041Z  2026-10-06 03:38:05.252 UTC [144] FATAL:  role "root" does not exist
typecheck, test, PostgreSQL, e2e, build	Stop containers	2026-10-06T03:59:10.9288908Z  2026-10-06 03:38:15.313 UTC [152] FATAL:  role "root" does not exist
typecheck, test, PostgreSQL, e2e, build	Stop containers	2026-10-06T03:59:10.9355808Z  2026-10-06 03:38:25.376 UTC [161] FATAL:  role "root" does not exist
typecheck, test, PostgreSQL, e2e, build	Stop containers	2026-10-06T03:59:10.9439982Z  2026-10-06 03:38:35.456 UTC [169] FATAL:  role "root" does not exist
typecheck, test, PostgreSQL, e2e, build	Stop containers	2026-10-06T03:59:10.9479402Z  2026-10-06 03:38:45.516 UTC [177] FATAL:  role "root" does not exist
typecheck, test, PostgreSQL, e2e, build	Stop containers	2026-10-06T03:59:10.9523697Z  2026-10-06 03:38:55.763 UTC [186] FATAL:  role "root" does not exist
typecheck, test, PostgreSQL, e2e, build	Stop containers	2026-10-06T03:59:10.9582920Z  2026-10-06 03:39:05.885 UTC [195] FATAL:  role "root" does not exist
typecheck, test, PostgreSQL, e2e, build	Stop containers	2026-10-06T03:59:10.9619702Z  2026-10-06 03:39:15.988 UTC [203] FATAL:  role "root" does not exist
typecheck, test, PostgreSQL, e2e, build	Stop containers	2026-10-06T03:59:10.9666617Z  2026-10-06 03:39:26.159 UTC [211] FATAL:  role "root" does not exist
typecheck, test, PostgreSQL, e2e, build	Stop containers	2026-10-06T03:59:10.9698224Z  2026-10-06 03:39:36.303 UTC [220] FATAL:  role "root" does not exist
typecheck, test, PostgreSQL, e2e, build	Stop containers	2026-10-06T03:59:10.9712609Z  2026-10-06 03:39:46.393 UTC [229] FATAL:  role "root" does not exist
typecheck, test, PostgreSQL, e2e, build	Stop containers	2026-10-06T03:59:10.9714208Z  2026-10-06 03:39:56.496 UTC [237] FATAL:  role "root" does not exist
typecheck, test, PostgreSQL, e2e, build	Stop containers	2026-10-06T03:59:10.9753129Z  2026-10-06 03:40:06.615 UTC [246] FATAL:  role "root" does not exist
typecheck, test, PostgreSQL, e2e, build	Stop containers	2026-10-06T03:59:10.9754275Z  2026-10-06 03:40:16.711 UTC [256] FATAL:  role "root" does not exist
typecheck, test, PostgreSQL, e2e, build	Stop containers	2026-10-06T03:59:10.9755508Z  2026-10-06 03:40:26.820 UTC [264] FATAL:  role "root" does not exist
typecheck, test, PostgreSQL, e2e, build	Stop containers	2026-10-06T03:59:10.9774723Z  2026-10-06 03:40:37.149 UTC [272] FATAL:  role "root" does not exist
typecheck, test, PostgreSQL, e2e, build	Stop containers	2026-10-06T03:59:10.9775990Z  2026-10-06 03:40:47.288 UTC [281] FATAL:  role "root" does not exist
typecheck, test, PostgreSQL, e2e, build	Stop containers	2026-10-06T03:59:10.9776880Z  2026-10-06 03:40:57.467 UTC [289] FATAL:  role "root" does not exist
typecheck, test, PostgreSQL, e2e, build	Stop containers	2026-10-06T03:59:10.9777730Z  2026-10-06 03:41:07.597 UTC [297] FATAL:  role "root" does not exist
typecheck, test, PostgreSQL, e2e, build	Stop containers	2026-10-06T03:59:10.9778572Z  2026-10-06 03:41:17.729 UTC [306] FATAL:  role "root" does not exist
typecheck, test, PostgreSQL, e2e, build	Stop containers	2026-10-06T03:59:10.9779418Z  2026-10-06 03:41:27.830 UTC [314] FATAL:  role "root" does not exist
typecheck, test, PostgreSQL, e2e, build	Stop containers	2026-10-06T03:59:10.9780255Z  2026-10-06 03:41:37.982 UTC [322] FATAL:  role "root" does not exist
typecheck, test, PostgreSQL, e2e, build	Stop containers	2026-10-06T03:59:10.9781100Z  2026-10-06 03:41:48.125 UTC [330] FATAL:  role "root" does not exist
typecheck, test, PostgreSQL, e2e, build	Stop containers	2026-10-06T03:59:10.9781940Z  2026-10-06 03:41:58.254 UTC [338] FATAL:  role "root" does not exist
typecheck, test, PostgreSQL, e2e, build	Stop containers	2026-10-06T03:59:10.9784357Z  2026-10-06 03:42:08.352 UTC [346] FATAL:  role "root" does not exist
typecheck, test, PostgreSQL, e2e, build	Stop containers	2026-10-06T03:59:10.9785588Z  2026-10-06 03:42:18.445 UTC [356] FATAL:  role "root" does not exist
typecheck, test, PostgreSQL, e2e, build	Stop containers	2026-10-06T03:59:10.9787493Z  2026-10-06 03:42:28.743 UTC [364] FATAL:  role "root" does not exist
typecheck, test, PostgreSQL, e2e, build	Stop containers	2026-10-06T03:59:10.9790468Z  2026-10-06 03:42:38.895 UTC [372] FATAL:  role "root" does not exist
typecheck, test, PostgreSQL, e2e, build	Stop containers	2026-10-06T03:59:10.9791349Z  2026-10-06 03:42:49.174 UTC [382] FATAL:  role "root" does not exist
typecheck, test, PostgreSQL, e2e, build	Stop containers	2026-10-06T03:59:10.9792301Z  2026-10-06 03:42:57.263 UTC [59] LOG:  checkpoint starting: time
typecheck, test, PostgreSQL, e2e, build	Stop containers	2026-10-06T03:59:10.9793157Z  2026-10-06 03:42:59.305 UTC [390] FATAL:  role "root" does not exist
typecheck, test, PostgreSQL, e2e, build	Stop containers	2026-10-06T03:59:10.9795344Z  2026-10-06 03:43:01.081 UTC [59] LOG:  checkpoint complete: wrote 39 buffers (0.2%); 0 WAL file(s) added, 0 removed, 0 recycled; write=3.808 s, sync=0.002 s, total=3.818 s; sync files=12, longest=0.002 s, average=0.001 s; distance=171 kB, estimate=5338 kB; lsn=0/2611090, redo lsn=0/2611038
typecheck, test, PostgreSQL, e2e, build	Stop containers	2026-10-06T03:59:10.9801537Z  2026-10-06 03:43:09.418 UTC [398] FATAL:  role "root" does not exist
typecheck, test, PostgreSQL, e2e, build	Stop containers	2026-10-06T03:59:10.9802553Z  2026-10-06 03:43:19.514 UTC [407] FATAL:  role "root" does not exist
typecheck, test, PostgreSQL, e2e, build	Stop containers	2026-10-06T03:59:10.9803529Z  2026-10-06 03:43:29.715 UTC [415] FATAL:  role "root" does not exist
typecheck, test, PostgreSQL, e2e, build	Stop containers	2026-10-06T03:59:10.9804488Z  2026-10-06 03:43:39.802 UTC [423] FATAL:  role "root" does not exist
typecheck, test, PostgreSQL, e2e, build	Stop containers	2026-10-06T03:59:10.9805733Z  2026-10-06 03:43:49.930 UTC [432] FATAL:  role "root" does not exist
typecheck, test, PostgreSQL, e2e, build	Stop containers	2026-10-06T03:59:10.9806660Z  2026-10-06 03:44:00.192 UTC [440] FATAL:  role "root" does not exist
typecheck, test, PostgreSQL, e2e, build	Stop containers	2026-10-06T03:59:10.9807531Z  2026-10-06 03:44:10.457 UTC [448] FATAL:  role "root" does not exist
typecheck, test, PostgreSQL, e2e, build	Stop containers	2026-10-06T03:59:10.9808423Z  2026-10-06 03:44:20.575 UTC [457] FATAL:  role "root" does not exist
typecheck, test, PostgreSQL, e2e, build	Stop containers	2026-10-06T03:59:10.9811373Z  2026-10-06 03:44:31.008 UTC [465] FATAL:  role "root" does not exist
typecheck, test, PostgreSQL, e2e, build	Stop containers	2026-10-06T03:59:10.9812362Z  2026-10-06 03:44:41.094 UTC [473] FATAL:  role "root" does not exist
typecheck, test, PostgreSQL, e2e, build	Stop containers	2026-10-06T03:59:10.9813306Z  2026-10-06 03:44:51.295 UTC [482] FATAL:  role "root" does not exist
typecheck, test, PostgreSQL, e2e, build	Stop containers	2026-10-06T03:59:10.9814247Z  2026-10-06 03:45:01.383 UTC [489] FATAL:  role "root" does not exist
typecheck, test, PostgreSQL, e2e, build	Stop containers	2026-10-06T03:59:10.9815628Z  2026-10-06 03:45:11.479 UTC [497] FATAL:  role "root" does not exist
typecheck, test, PostgreSQL, e2e, build	Stop containers	2026-10-06T03:59:10.9835358Z  2026-10-06 03:45:21.645 UTC [506] FATAL:  role "root" does not exist
typecheck, test, PostgreSQL, e2e, build	Stop containers	2026-10-06T03:59:10.9836658Z  2026-10-06 03:45:31.764 UTC [514] FATAL:  role "root" does not exist
typecheck, test, PostgreSQL, e2e, build	Stop containers	2026-10-06T03:59:10.9837536Z  2026-10-06 03:45:41.857 UTC [523] FATAL:  role "root" does not exist
typecheck, test, PostgreSQL, e2e, build	Stop containers	2026-10-06T03:59:10.9838382Z  2026-10-06 03:45:52.135 UTC [532] FATAL:  role "root" does not exist
typecheck, test, PostgreSQL, e2e, build	Stop containers	2026-10-06T03:59:10.9839308Z  2026-10-06 03:46:02.242 UTC [539] FATAL:  role "root" does not exist
typecheck, test, PostgreSQL, e2e, build	Stop containers	2026-10-06T03:59:10.9840235Z  2026-10-06 03:46:12.353 UTC [547] FATAL:  role "root" does not exist
typecheck, test, PostgreSQL, e2e, build	Stop containers	2026-10-06T03:59:10.9841143Z  2026-10-06 03:46:22.466 UTC [557] FATAL:  role "root" does not exist
typecheck, test, PostgreSQL, e2e, build	Stop containers	2026-10-06T03:59:10.9842032Z  2026-10-06 03:46:32.612 UTC [565] FATAL:  role "root" does not exist
typecheck, test, PostgreSQL, e2e, build	Stop containers	2026-10-06T03:59:10.9842915Z  2026-10-06 03:46:42.865 UTC [573] FATAL:  role "root" does not exist
typecheck, test, PostgreSQL, e2e, build	Stop containers	2026-10-06T03:59:10.9843809Z  2026-10-06 03:46:52.957 UTC [582] FATAL:  role "root" does not exist
typecheck, test, PostgreSQL, e2e, build	Stop containers	2026-10-06T03:59:10.9844725Z  2026-10-06 03:47:03.059 UTC [590] FATAL:  role "root" does not exist
typecheck, test, PostgreSQL, e2e, build	Stop containers	2026-10-06T03:59:10.9845929Z  2026-10-06 03:47:13.161 UTC [599] FATAL:  role "root" does not exist
typecheck, test, PostgreSQL, e2e, build	Stop containers	2026-10-06T03:59:10.9849637Z  2026-10-06 03:47:23.259 UTC [608] FATAL:  role "root" does not exist
typecheck, test, PostgreSQL, e2e, build	Stop containers	2026-10-06T03:59:10.9850617Z  2026-10-06 03:47:33.424 UTC [616] FATAL:  role "root" does not exist
typecheck, test, PostgreSQL, e2e, build	Stop containers	2026-10-06T03:59:10.9860609Z  2026-10-06 03:47:43.518 UTC [624] FATAL:  role "root" does not exist
typecheck, test, PostgreSQL, e2e, build	Stop containers	2026-10-06T03:59:10.9861540Z  2026-10-06 03:47:53.619 UTC [634] FATAL:  role "root" does not exist
typecheck, test, PostgreSQL, e2e, build	Stop containers	2026-10-06T03:59:10.9864071Z  2026-10-06 03:48:03.733 UTC [642] FATAL:  role "root" does not exist
typecheck, test, PostgreSQL, e2e, build	Stop containers	2026-10-06T03:59:10.9864958Z  2026-10-06 03:48:13.871 UTC [650] FATAL:  role "root" does not exist
typecheck, test, PostgreSQL, e2e, build	Stop containers	2026-10-06T03:59:10.9866182Z  2026-10-06 03:48:23.968 UTC [659] FATAL:  role "root" does not exist
typecheck, test, PostgreSQL, e2e, build	Stop containers	2026-10-06T03:59:10.9867033Z  2026-10-06 03:48:34.062 UTC [667] FATAL:  role "root" does not exist
typecheck, test, PostgreSQL, e2e, build	Stop containers	2026-10-06T03:59:10.9867875Z  2026-10-06 03:48:44.292 UTC [676] FATAL:  role "root" does not exist
typecheck, test, PostgreSQL, e2e, build	Stop containers	2026-10-06T03:59:10.9869044Z  2026-10-06 03:48:54.405 UTC [685] FATAL:  role "root" does not exist
typecheck, test, PostgreSQL, e2e, build	Stop containers	2026-10-06T03:59:10.9902290Z  2026-10-06 03:49:04.516 UTC [694] FATAL:  role "root" does not exist
typecheck, test, PostgreSQL, e2e, build	Stop containers	2026-10-06T03:59:10.9903342Z  2026-10-06 03:49:14.853 UTC [702] FATAL:  role "root" does not exist
typecheck, test, PostgreSQL, e2e, build	Stop containers	2026-10-06T03:59:10.9904316Z  2026-10-06 03:49:24.987 UTC [710] FATAL:  role "root" does not exist
typecheck, test, PostgreSQL, e2e, build	Stop containers	2026-10-06T03:59:10.9905665Z  2026-10-06 03:49:35.075 UTC [718] FATAL:  role "root" does not exist
typecheck, test, PostgreSQL, e2e, build	Stop containers	2026-10-06T03:59:10.9906640Z  2026-10-06 03:49:45.207 UTC [726] FATAL:  role "root" does not exist
typecheck, test, PostgreSQL, e2e, build	Stop containers	2026-10-06T03:59:10.9907724Z  2026-10-06 03:49:55.293 UTC [734] FATAL:  role "root" does not exist
typecheck, test, PostgreSQL, e2e, build	Stop containers	2026-10-06T03:59:10.9908625Z  2026-10-06 03:50:05.384 UTC [742] FATAL:  role "root" does not exist
typecheck, test, PostgreSQL, e2e, build	Stop containers	2026-10-06T03:59:10.9909538Z  2026-10-06 03:50:15.478 UTC [752] FATAL:  role "root" does not exist
typecheck, test, PostgreSQL, e2e, build	Stop containers	2026-10-06T03:59:10.9924327Z  2026-10-06 03:50:25.574 UTC [761] FATAL:  role "root" does not exist
typecheck, test, PostgreSQL, e2e, build	Stop containers	2026-10-06T03:59:10.9983306Z  2026-10-06 03:50:35.733 UTC [770] FATAL:  role "root" does not exist
typecheck, test, PostgreSQL, e2e, build	Stop containers	2026-10-06T03:59:11.0011439Z  2026-10-06 03:50:45.942 UTC [779] FATAL:  role "root" does not exist
typecheck, test, PostgreSQL, e2e, build	Stop containers	2026-10-06T03:59:11.0013092Z  2026-10-06 03:50:56.124 UTC [786] FATAL:  role "root" does not exist
typecheck, test, PostgreSQL, e2e, build	Stop containers	2026-10-06T03:59:11.0015932Z  2026-10-06 03:51:06.210 UTC [794] FATAL:  role "root" does not exist
typecheck, test, PostgreSQL, e2e, build	Stop containers	2026-10-06T03:59:11.0017018Z  2026-10-06 03:51:16.400 UTC [803] FATAL:  role "root" does not exist
typecheck, test, PostgreSQL, e2e, build	Stop containers	2026-10-06T03:59:11.0017972Z  2026-10-06 03:51:26.485 UTC [811] FATAL:  role "root" does not exist
typecheck, test, PostgreSQL, e2e, build	Stop containers	2026-10-06T03:59:11.0018952Z  2026-10-06 03:51:36.638 UTC [819] FATAL:  role "root" does not exist
typecheck, test, PostgreSQL, e2e, build	Stop containers	2026-10-06T03:59:11.0019877Z  2026-10-06 03:51:46.735 UTC [828] FATAL:  role "root" does not exist
typecheck, test, PostgreSQL, e2e, build	Stop containers	2026-10-06T03:59:11.0020855Z  2026-10-06 03:51:56.873 UTC [836] FATAL:  role "root" does not exist
typecheck, test, PostgreSQL, e2e, build	Stop containers	2026-10-06T03:59:11.0021755Z  2026-10-06 03:52:06.986 UTC [845] FATAL:  role "root" does not exist
typecheck, test, PostgreSQL, e2e, build	Stop containers	2026-10-06T03:59:11.0022690Z  2026-10-06 03:52:17.351 UTC [854] FATAL:  role "root" does not exist
typecheck, test, PostgreSQL, e2e, build	Stop containers	2026-10-06T03:59:11.0024080Z  2026-10-06 03:52:27.471 UTC [862] FATAL:  role "root" does not exist
typecheck, test, PostgreSQL, e2e, build	Stop containers	2026-10-06T03:59:11.0025290Z  2026-10-06 03:52:37.585 UTC [870] FATAL:  role "root" does not exist
typecheck, test, PostgreSQL, e2e, build	Stop containers	2026-10-06T03:59:11.0049946Z  2026-10-06 03:52:47.673 UTC [879] FATAL:  role "root" does not exist
typecheck, test, PostgreSQL, e2e, build	Stop containers	2026-10-06T03:59:11.0050961Z  2026-10-06 03:52:57.775 UTC [887] FATAL:  role "root" does not exist
typecheck, test, PostgreSQL, e2e, build	Stop containers	2026-10-06T03:59:11.0051892Z  2026-10-06 03:53:07.888 UTC [895] FATAL:  role "root" does not exist
typecheck, test, PostgreSQL, e2e, build	Stop containers	2026-10-06T03:59:11.0052866Z  2026-10-06 03:53:18.053 UTC [905] FATAL:  role "root" does not exist
typecheck, test, PostgreSQL, e2e, build	Stop containers	2026-10-06T03:59:11.0053809Z  2026-10-06 03:53:28.306 UTC [913] FATAL:  role "root" does not exist
typecheck, test, PostgreSQL, e2e, build	Stop containers	2026-10-06T03:59:11.0056302Z  2026-10-06 03:53:38.455 UTC [921] FATAL:  role "root" does not exist
typecheck, test, PostgreSQL, e2e, build	Stop containers	2026-10-06T03:59:11.0057311Z  2026-10-06 03:53:48.547 UTC [931] FATAL:  role "root" does not exist
typecheck, test, PostgreSQL, e2e, build	Stop containers	2026-10-06T03:59:11.0058236Z  2026-10-06 03:53:58.635 UTC [939] FATAL:  role "root" does not exist
typecheck, test, PostgreSQL, e2e, build	Stop containers	2026-10-06T03:59:11.0059173Z  2026-10-06 03:54:08.789 UTC [947] FATAL:  role "root" does not exist
typecheck, test, PostgreSQL, e2e, build	Stop containers	2026-10-06T03:59:11.0138673Z  2026-10-06 03:54:19.017 UTC [956] FATAL:  role "root" does not exist
typecheck, test, PostgreSQL, e2e, build	Stop containers	2026-10-06T03:59:11.0141143Z  2026-10-06 03:54:29.228 UTC [964] FATAL:  role "root" does not exist
typecheck, test, PostgreSQL, e2e, build	Stop containers	2026-10-06T03:59:11.0142133Z  2026-10-06 03:54:39.323 UTC [972] FATAL:  role "root" does not exist
typecheck, test, PostgreSQL, e2e, build	Stop containers	2026-10-06T03:59:11.0146605Z  2026-10-06 03:54:49.424 UTC [981] FATAL:  role "root" does not exist
typecheck, test, PostgreSQL, e2e, build	Stop containers	2026-10-06T03:59:11.0147679Z  2026-10-06 03:54:59.638 UTC [990] FATAL:  role "root" does not exist
typecheck, test, PostgreSQL, e2e, build	Stop containers	2026-10-06T03:59:11.0149969Z  2026-10-06 03:55:09.789 UTC [997] FATAL:  role "root" does not exist
typecheck, test, PostgreSQL, e2e, build	Stop containers	2026-10-06T03:59:11.0150932Z  2026-10-06 03:55:19.963 UTC [1006] FATAL:  role "root" does not exist
typecheck, test, PostgreSQL, e2e, build	Stop containers	2026-10-06T03:59:11.0151910Z  2026-10-06 03:55:30.080 UTC [1014] FATAL:  role "root" does not exist
typecheck, test, PostgreSQL, e2e, build	Stop containers	2026-10-06T03:59:11.0153241Z  2026-10-06 03:55:40.178 UTC [1023] FATAL:  role "root" does not exist
typecheck, test, PostgreSQL, e2e, build	Stop containers	2026-10-06T03:59:11.0155464Z  2026-10-06 03:55:50.272 UTC [1033] FATAL:  role "root" does not exist
typecheck, test, PostgreSQL, e2e, build	Stop containers	2026-10-06T03:59:11.0156479Z  2026-10-06 03:56:00.361 UTC [1041] FATAL:  role "root" does not exist
typecheck, test, PostgreSQL, e2e, build	Stop containers	2026-10-06T03:59:11.0157382Z  2026-10-06 03:56:10.556 UTC [1049] FATAL:  role "root" does not exist
typecheck, test, PostgreSQL, e2e, build	Stop containers	2026-10-06T03:59:11.0158267Z  2026-10-06 03:56:20.697 UTC [1058] FATAL:  role "root" does not exist
typecheck, test, PostgreSQL, e2e, build	Stop containers	2026-10-06T03:59:11.0159226Z  2026-10-06 03:56:30.806 UTC [1066] FATAL:  role "root" does not exist
typecheck, test, PostgreSQL, e2e, build	Stop containers	2026-10-06T03:59:11.0161936Z  2026-10-06 03:56:40.912 UTC [1074] FATAL:  role "root" does not exist
typecheck, test, PostgreSQL, e2e, build	Stop containers	2026-10-06T03:59:11.0163015Z  2026-10-06 03:56:51.090 UTC [1085] FATAL:  role "root" does not exist
typecheck, test, PostgreSQL, e2e, build	Stop containers	2026-10-06T03:59:11.0164790Z  2026-10-06 03:57:01.194 UTC [1093] FATAL:  role "root" does not exist
typecheck, test, PostgreSQL, e2e, build	Stop containers	2026-10-06T03:59:11.0165979Z  2026-10-06 03:57:11.297 UTC [1101] FATAL:  role "root" does not exist
typecheck, test, PostgreSQL, e2e, build	Stop containers	2026-10-06T03:59:11.0166884Z  2026-10-06 03:57:21.440 UTC [1110] FATAL:  role "root" does not exist
typecheck, test, PostgreSQL, e2e, build	Stop containers	2026-10-06T03:59:11.0167825Z  2026-10-06 03:57:31.684 UTC [1119] FATAL:  role "root" does not exist
typecheck, test, PostgreSQL, e2e, build	Stop containers	2026-10-06T03:59:11.0168849Z  2026-10-06 03:57:41.933 UTC [1127] FATAL:  role "root" does not exist
typecheck, test, PostgreSQL, e2e, build	Stop containers	2026-10-06T03:59:11.0169791Z  2026-10-06 03:57:52.091 UTC [1136] FATAL:  role "root" does not exist
typecheck, test, PostgreSQL, e2e, build	Stop containers	2026-10-06T03:59:11.0170729Z  2026-10-06 03:58:02.184 UTC [1144] FATAL:  role "root" does not exist
typecheck, test, PostgreSQL, e2e, build	Stop containers	2026-10-06T03:59:11.0171645Z  2026-10-06 03:58:12.413 UTC [1153] FATAL:  role "root" does not exist
typecheck, test, PostgreSQL, e2e, build	Stop containers	2026-10-06T03:59:11.0172544Z  2026-10-06 03:58:22.681 UTC [1163] FATAL:  role "root" does not exist
typecheck, test, PostgreSQL, e2e, build	Stop containers	2026-10-06T03:59:11.0173476Z  2026-10-06 03:58:32.972 UTC [1171] FATAL:  role "root" does not exist
typecheck, test, PostgreSQL, e2e, build	Stop containers	2026-10-06T03:59:11.0174341Z  2026-10-06 03:58:43.326 UTC [1180] FATAL:  role "root" does not exist
typecheck, test, PostgreSQL, e2e, build	Stop containers	2026-10-06T03:59:11.0175540Z  2026-10-06 03:58:53.508 UTC [1189] FATAL:  role "root" does not exist
typecheck, test, PostgreSQL, e2e, build	Stop containers	2026-10-06T03:59:11.0176486Z  2026-10-06 03:59:03.769 UTC [1197] FATAL:  role "root" does not exist
typecheck, test, PostgreSQL, e2e, build	Stop containers	2026-10-06T03:59:11.0188011Z Stop and remove container: fc3f4fc2998e47e58e0823d981d4387f_postgres17_9b9b5e
typecheck, test, PostgreSQL, e2e, build	Stop containers	2026-10-06T03:59:11.0197236Z ##[command]/usr/bin/docker rm --force ae9ff95e2db84f584b08a688aa576858532bd09c220ec68f17a5c93786bfa38c
typecheck, test, PostgreSQL, e2e, build	Stop containers	2026-10-06T03:59:11.3498441Z ae9ff95e2db84f584b08a688aa576858532bd09c220ec68f17a5c93786bfa38c
typecheck, test, PostgreSQL, e2e, build	Stop containers	2026-10-06T03:59:11.3778436Z Remove container network: github_network_4419afa3882c41e7a1cee337fea09e4c
typecheck, test, PostgreSQL, e2e, build	Stop containers	2026-10-06T03:59:11.4002384Z ##[command]/usr/bin/docker network rm github_network_4419afa3882c41e7a1cee337fea09e4c
typecheck, test, PostgreSQL, e2e, build	Stop containers	2026-10-06T03:59:11.5512878Z github_network_4419afa3882c41e7a1cee337fea09e4c
typecheck, test, PostgreSQL, e2e, build	Complete job	﻿2026-10-06T03:59:11.5848472Z Cleaning up orphan processes
typecheck, test, PostgreSQL, e2e, build	Complete job	2026-10-06T03:59:11.6772790Z Terminate orphan process: pid (6720) (node)
typecheck, test, PostgreSQL, e2e, build	Complete job	2026-10-06T03:59:11.6894936Z Terminate orphan process: pid (6737) (sh)
typecheck, test, PostgreSQL, e2e, build	Complete job	2026-10-06T03:59:11.7199774Z Terminate orphan process: pid (6738) (node)
typecheck, test, PostgreSQL, e2e, build	Complete job	2026-10-06T03:59:11.7277484Z Terminate orphan process: pid (6787) (sh)
typecheck, test, PostgreSQL, e2e, build	Complete job	2026-10-06T03:59:11.7393421Z Terminate orphan process: pid (6788) (node)
typecheck, test, PostgreSQL, e2e, build	Complete job	2026-10-06T03:59:11.7572350Z Terminate orphan process: pid (6805) (node)
typecheck, test, PostgreSQL, e2e, build	Complete job	2026-10-06T03:59:11.7808993Z Terminate orphan process: pid (6822) (next-server (v16.2.11))
typecheck, test, PostgreSQL, e2e, build	Complete job	2026-10-06T03:59:11.7942684Z Terminate orphan process: pid (6844) (node)
typecheck, test, PostgreSQL, e2e, build	Complete job	2026-10-06T03:59:11.8202045Z Terminate orphan process: pid (31953) (node)
typecheck, test, PostgreSQL, e2e, build	Complete job	2026-10-06T03:59:11.8284170Z Terminate orphan process: pid (31965) (chrome-headless-shell)
typecheck, test, PostgreSQL, e2e, build	Complete job	2026-10-06T03:59:11.8521783Z Terminate orphan process: pid (40239) (node)
typecheck, test, PostgreSQL, e2e, build	Complete job	2026-10-06T03:59:11.8575909Z Terminate orphan process: pid (40336) (bash)
typecheck, test, PostgreSQL, e2e, build	Complete job	2026-10-06T03:59:11.8657569Z Terminate orphan process: pid (40342) (MiniBrowser)
typecheck, test, PostgreSQL, e2e, build	Complete job	2026-10-06T03:59:11.8922682Z Terminate orphan process: pid (41051) (node)
typecheck, test, PostgreSQL, e2e, build	Complete job	2026-10-06T03:59:11.9591379Z Terminate orphan process: pid (41078) (bash)
typecheck, test, PostgreSQL, e2e, build	Complete job	2026-10-06T03:59:11.9843339Z Terminate orphan process: pid (41084) (MiniBrowser)
typecheck, test, PostgreSQL, e2e, build	Complete job	2026-10-06T03:59:12.0026349Z Terminate orphan process: pid (41681) (WPENetworkProcess)
typecheck, test, PostgreSQL, e2e, build	Complete job	2026-10-06T03:59:12.0116871Z Terminate orphan process: pid (41683) (WPEWebProcess)
typecheck, test, PostgreSQL, e2e, build	Complete job	2026-10-06T03:59:12.0185742Z Terminate orphan process: pid (42002) (node)
typecheck, test, PostgreSQL, e2e, build	Complete job	2026-10-06T03:59:12.0231974Z Terminate orphan process: pid (42031) (bash)
typecheck, test, PostgreSQL, e2e, build	Complete job	2026-10-06T03:59:12.0289219Z Terminate orphan process: pid (42037) (MiniBrowser)
typecheck, test, PostgreSQL, e2e, build	Complete job	2026-10-06T03:59:12.0374263Z Terminate orphan process: pid (42336) (WPEWebProcess)
typecheck, test, PostgreSQL, e2e, build	Complete job	2026-10-06T03:59:12.0427896Z Terminate orphan process: pid (42338) (ffmpeg-linux)
typecheck, test, PostgreSQL, e2e, build	Complete job	2026-10-06T03:59:12.0477292Z Terminate orphan process: pid (42440) (WPENetworkProcess)
typecheck, test, PostgreSQL, e2e, build	Complete job	2026-10-06T03:59:12.0556966Z Terminate orphan process: pid (42442) (WPEWebProcess)
typecheck, test, PostgreSQL, e2e, build	Complete job	2026-10-06T03:59:12.0634480Z Terminate orphan process: pid (42444) (ffmpeg-linux)
typecheck, test, PostgreSQL, e2e, build	Complete job	2026-10-06T03:59:12.0730396Z Terminate orphan process: pid (42509) (WPEWebProcess)
typecheck, test, PostgreSQL, e2e, build	Complete job	2026-10-06T03:59:12.0807520Z ##[warning]Node.js 20 is deprecated. The following actions target Node.js 20 but are being forced to run on Node.js 24: actions/checkout@v4, actions/setup-node@v4, actions/upload-artifact@v4, pnpm/action-setup@v4. For more information see: https://github.blog/changelog/2025-09-19-deprecation-of-node-20-on-github-actions-runners/
