$ playwright test

[WebServer] (node:99357) Warning: The 'NO_COLOR' env is ignored due to the 'FORCE_COLOR' env being set.
[WebServer] (Use `pnpm --trace-warnings ...` to show where the warning was created)

[WebServer] (node:99375) Warning: The 'NO_COLOR' env is ignored due to the 'FORCE_COLOR' env being set.
[WebServer] (Use `node --trace-warnings ...` to show where the warning was created)

[WebServer] (node:99382) Warning: The 'NO_COLOR' env is ignored due to the 'FORCE_COLOR' env being set.
[WebServer] (Use `node --trace-warnings ...` to show where the warning was created)

[WebServer] (node:99459) Warning: The 'NO_COLOR' env is ignored due to the 'FORCE_COLOR' env being set.
[WebServer] (Use `node --trace-warnings ...` to show where the warning was created)

Running 793 tests using 4 workers


(node:99498) Warning: The 'NO_COLOR' env is ignored due to the 'FORCE_COLOR' env being set.
(Use `node --trace-warnings ...` to show where the warning was created)


(node:99496) Warning: The 'NO_COLOR' env is ignored due to the 'FORCE_COLOR' env being set.
(Use `node --trace-warnings ...` to show where the warning was created)


(node:99499) Warning: The 'NO_COLOR' env is ignored due to the 'FORCE_COLOR' env being set.
(Use `node --trace-warnings ...` to show where the warning was created)


(node:99497) Warning: The 'NO_COLOR' env is ignored due to the 'FORCE_COLOR' env being set.
(Use `node --trace-warnings ...` to show where the warning was created)

[1/793] [chromium-iphone] › tests/p2-b-identity.spec.ts:22:5 › name is the single Home identity; switch A B A reuses canonical scope
[2/793] [chromium-iphone] › tests/p1-b-entry.spec.ts:25:5 › normal create commits row, balance and next payer together without a bootstrap refresh
[3/793] [chromium-iphone] › tests/p1-c-navigation.spec.ts:15:5 › 01 normal launch replaces current URL with explicit canonical Ledger
[4/793] [chromium-iphone] › tests/p2-a-entry.spec.ts:55:35 › command body matches P1-B and kernel: default-simple-1-1
[5/793] [chromium-iphone] › tests/p1-c-navigation.spec.ts:16:5 › 02 explicit B deep link reads only B
[6/793] [chromium-iphone] › tests/p1-b-entry.spec.ts:39:5 › double tap owns one operation and guards switching while submitting
[7/793] [chromium-iphone] › tests/p2-a-entry.spec.ts:55:35 › command body matches P1-B and kernel: non-50-50-second-member-partner-2-1
[8/793] [chromium-iphone] › tests/p2-b-identity.spec.ts:52:5 › deep-link viewed B and LINE default A remain distinct and selected is announced
[9/793] [chromium-iphone] › tests/p1-c-navigation.spec.ts:17:130 › 03 nonexistent explicit target offers bounded recovery
[10/793] [chromium-iphone] › tests/p2-b-identity.spec.ts:65:5 › activation syncing and failure stay bounded while B remains readable
[11/793] [chromium-iphone] › tests/p1-b-entry.spec.ts:54:5 › commit then dropped response reloads UNKNOWN and explicit replay returns original result with identical body/key
[12/793] [chromium-iphone] › tests/p2-a-entry.spec.ts:55:35 › command body matches P1-B and kernel: both-payers-second-member-0-1
[13/793] [chromium-iphone] › tests/p1-c-navigation.spec.ts:17:130 › 04 unauthorized explicit target offers bounded recovery
[14/793] [chromium-iphone] › tests/p2-b-identity.spec.ts:87:39 › 40 character identities stay complete and wrap at 100% text
[15/793] [chromium-iphone] › tests/p2-a-entry.spec.ts:55:35 › command body matches P1-B and kernel: equal-second-member
[16/793] [chromium-iphone] › tests/p1-b-entry.spec.ts:72:5 › compatible partial commit plus GET 500 stays COMMITTED, including reload and read-only retry
[17/793] [chromium-iphone] › tests/p1-c-navigation.spec.ts:18:5 › 05 invalid explicit B never paints A content
[18/793] [chromium-iphone] › tests/p2-b-identity.spec.ts:87:39 › 40 character identities stay complete and wrap at 200% text
[19/793] [chromium-iphone] › tests/p1-c-navigation.spec.ts:19:5 › 06 transaction with correct Ledger reconstructs and focuses detail
[20/793] [chromium-iphone] › tests/p1-b-entry.spec.ts:83:63 › malformed 2xx cannot claim success
[21/793] [chromium-iphone] › tests/p2-a-entry.spec.ts:55:35 › command body matches P1-B and kernel: percentage-fractional
[22/793] [chromium-iphone] › tests/p1-c-navigation.spec.ts:20:5 › 07 transaction with wrong Ledger shows link error without guessing another Ledger
[23/793] [chromium-iphone] › tests/p1-b-entry.spec.ts:83:63 › wrong-scope 2xx cannot claim success
[24/793] [chromium-iphone] › tests/p1-c-navigation.spec.ts:21:5 › 08 transaction without Ledger does not scan for ownership
[25/793] [chromium-iphone] › tests/p2-b-identity.spec.ts:115:5 › 40 unbroken Latin characters wrap without horizontal scroll at 200%
[26/793] [chromium-iphone] › tests/p2-a-entry.spec.ts:55:35 › command body matches P1-B and kernel: exact-partner-payer
[27/793] [chromium-iphone] › tests/p1-c-navigation.spec.ts:22:5 › 09 app row pushes detail and Back restores row focus
[28/793] [chromium-iphone] › tests/p1-b-entry.spec.ts:89:5 › storage unavailable or incorrect read-back prevents POST and keeps editing
[29/793] [chromium-iphone] › tests/p2-b-identity.spec.ts:125:5 › keyboard enters titled dialog, moves options without writes, selects and returns focus
[30/793] [chromium-iphone] › tests/p1-b-entry.spec.ts:98:5 › recovery identity mismatch reveals no stored financial content and cannot replay
[31/793] [chromium-iphone] › tests/p2-a-entry.spec.ts:55:35 › command body matches P1-B and kernel: income-both
[32/793] [chromium-iphone] › tests/p1-c-navigation.spec.ts:23:5 › 10 direct detail visible Back replaces to Home without leaving product
[33/793] [chromium-iphone] › tests/p2-b-identity.spec.ts:148:5 › create cancel returns to the same switcher and never changes scope or history
[34/793] [chromium-iphone] › tests/p1-c-navigation.spec.ts:24:5 › 11 reload detail preserves URL and drops stale app origin
[35/793] [chromium-iphone] › tests/p1-b-entry.spec.ts:108:5 › recovery couple mismatch cannot hydrate even when actor and ledger IDs match
[36/793] [chromium-iphone] › tests/p2-a-entry.spec.ts:55:35 › command body matches P1-B and kernel: transfer-partner-direction
[37/793] [chromium-iphone] › tests/p2-b-identity.spec.ts:168:40 › create success accepts new name and scope from switcher
[38/793] [chromium-iphone] › tests/p1-b-entry.spec.ts:115:5 › Ledger A recovery takes priority over URL B without activating or moving a write to B
[39/793] [chromium-iphone] › tests/p1-c-navigation.spec.ts:25:95 › 12 收支概況 push reload deterministic Back
[40/793] [chromium-iphone] › tests/p2-b-identity.spec.ts:168:40 › create success accepts new name and scope from empty list
[41/793] [chromium-iphone] › tests/p2-a-entry.spec.ts:82:5 › one host, cancel preserves draft, Apply only edits draft and returns focus
[42/793] [chromium-iphone] › tests/p1-b-entry.spec.ts:129:5 › unknown followed by 401 remains unknown with original operation
[43/793] [chromium-iphone] › tests/p1-c-navigation.spec.ts:25:95 › 13 帳本設定 push reload deterministic Back
[44/793] [chromium-iphone] › tests/p2-b-identity.spec.ts:189:5 › empty list cancel returns to one clear create entry
[45/793] [chromium-iphone] › tests/p2-a-entry.spec.ts:102:5 › both payments and exact shares retain explicit amounts after total changes
[46/793] [chromium-iphone] › tests/p1-b-entry.spec.ts:138:5 › authorized A recovery remains available when the linked Ledger no longer exists
[47/793] [chromium-iphone] › tests/p2-b-identity.spec.ts:206:5 › archived-only list has no broken identity trigger
[48/793] [chromium-iphone] › tests/p1-c-navigation.spec.ts:26:5 › 14 recurring URL reconstructs secondary surface
[49/793] [chromium-iphone] › tests/p2-b-identity.spec.ts:214:5 › create rejection preserves name and scope; cancelled retry writes nothing
[50/793] [chromium-iphone] › tests/p1-b-entry.spec.ts:151:5 › an actor change in the existing document is detected before replay POST
[51/793] [chromium-iphone] › tests/p1-c-navigation.spec.ts:27:5 › 15 Search pushes URL and Back returns Home
[52/793] [chromium-iphone] › tests/p2-a-entry.spec.ts:119:5 › IME, Enter, disabled reasons, inline association and first-invalid focus
[53/793] [chromium-iphone] › tests/p1-b-entry.spec.ts:160:5 › a new authorization failure hides cached financial content without discarding commit proof
[54/793] [chromium-iphone] › tests/p2-b-identity.spec.ts:227:5 › create is single flight and keeps its only dialog until response
[55/793] [chromium-iphone] › tests/p1-c-navigation.spec.ts:28:5 › 16 manual A to B replaces Home and focuses accepted Ledger
[56/793] [chromium-iphone] › tests/p1-b-entry.spec.ts:171:5 › timeout after dispatch becomes unknown and preserves the exact recovery operation
[57/793] [chromium-iphone] › tests/p2-c-timeline.spec.ts:59:5 › 01–05 20+20 client window preserves identity and single date headings across 20/21 and 40/41
[58/793] [chromium-iphone] › tests/p2-a-entry.spec.ts:141:5 › incomplete percentages do not pretend to be equal and default snapshot stays frozen
[59/793] [chromium-iphone] › tests/p1-b-entry.spec.ts:181:5 › correction drop-response reload replay retains original replacement and expected version
[60/793] [chromium-iphone] › tests/p1-c-navigation.spec.ts:29:5 › 17 A to B to A is generation safe for queued preference
[61/793] [chromium-iphone] › tests/p2-a-entry.spec.ts:154:68 › correction hydrates actual stored expense with historical exact shares
[62/793] [chromium-iphone] › tests/p1-c-navigation.spec.ts:30:77 › 18 late A bootstrap success cannot update B
[63/793] [chromium-iphone] › tests/p2-c-timeline.spec.ts:82:5 › 06 today yesterday cross-year and future use occurrence date under Taipei semantics
[64/793] [chromium-iphone] › tests/p1-b-entry.spec.ts:192:5 › first rejection preserves editable draft and unchanged retry reuses the key
[65/793] [chromium-iphone] › tests/p1-c-navigation.spec.ts:30:77 › 19 late A bootstrap failure cannot update B
[66/793] [chromium-iphone] › tests/p1-b-entry.spec.ts:201:5 › one create/correction draft requires explicit keep or discard
[67/793] [chromium-iphone] › tests/p2-a-entry.spec.ts:154:68 › correction hydrates actual stored income with historical exact shares
[68/793] [chromium-iphone] › tests/p2-c-timeline.spec.ts:91:5 › 07 long purpose stays bounded on row and appears in full with long note in Detail
[69/793] [chromium-iphone] › tests/p1-c-navigation.spec.ts:31:5 › 20 activation failure keeps B readable and retry touches preference only
[70/793] [chromium-iphone] › tests/p1-b-entry.spec.ts:213:5 › creating a Ledger after discarding A opens a usable draft in the new Ledger
[71/793] [chromium-iphone] › tests/p2-a-entry.spec.ts:154:68 › correction hydrates actual stored transfer with historical exact shares
[72/793] [chromium-iphone] › tests/p2-c-timeline.spec.ts:100:5 › 08 huge canonical TWD remains exact and readable at 200% text
[73/793] [chromium-iphone] › tests/p1-c-navigation.spec.ts:32:5 › 21 deep link B has NOT-SENT activate evidence
[74/793] [chromium-iphone] › tests/p2-a-entry.spec.ts:172:5 › More retains non-default values and 200% text remains reachable without overflow
[75/793] [chromium-iphone] › tests/p1-b-entry.spec.ts:238:45 › correction success preserves commit when refresh succeeds
[76/793] [chromium-iphone] › tests/p1-c-navigation.spec.ts:33:5 › 22 explicit Switcher B sends preference activation once
[77/793] [chromium-iphone] › tests/p2-c-timeline.spec.ts:114:8 › 09 expense row and Detail use truthful type/payment semantics
[78/793] [chromium-iphone] › tests/p1-c-navigation.spec.ts:34:5 › 23 initial draft switches without confirmation and receives fresh defaults
[79/793] [chromium-iphone] › tests/p2-a-entry.spec.ts:186:5 › switching both to transfer requires an explicit sender and never dispatches a guessed direction
[80/793] [chromium-iphone] › tests/p1-b-entry.spec.ts:238:45 › correction success preserves commit when refresh fails
[81/793] [chromium-iphone] › tests/p1-c-navigation.spec.ts:35:5 › 24 amount-only dirty cancel preserves value focus URL and NOT-SENT activation
[82/793] [chromium-iphone] › tests/p2-a-entry.spec.ts:197:5 › second-member controls retain Ledger order, full kernel preview and associated incomplete errors
[83/793] [chromium-iphone] › tests/p1-c-navigation.spec.ts:36:5 › 25 amount-only discard accepts B exactly once
[84/793] [chromium-iphone] › tests/p1-b-entry.spec.ts:260:5 › a stale posted receipt cannot downgrade balance/next payer or resurrect a later void
[85/793] [chromium-iphone] › tests/p2-c-timeline.spec.ts:114:8 › 10 income row and Detail use truthful type/payment semantics
[86/793] [chromium-iphone] › tests/p1-c-navigation.spec.ts:37:5 › 26 description dirty is guarded and semantic reversion becomes clean
[87/793] [chromium-iphone] › tests/p2-c-timeline.spec.ts:114:8 › 11 transfer row and Detail use truthful type/payment semantics
[88/793] [chromium-iphone] › tests/p1-b-entry.spec.ts:273:5 › a stale posted receipt cannot resurrect a replaced transaction
[89/793] [chromium-iphone] › tests/p1-c-navigation.spec.ts:38:5 › 27 advanced-field-only note is dirty with empty amount and retains focus

(node:1217) Warning: The 'NO_COLOR' env is ignored due to the 'FORCE_COLOR' env being set.
(Use `node --trace-warnings ...` to show where the warning was created)

[90/793] [chromium-iphone] › tests/p1-c-races.spec.ts:7:5 › native push and replace remain observable and preserve unrelated and Next state
[91/793] [chromium-iphone] › tests/p2-c-timeline.spec.ts:114:8 › 12 both-payer row and Detail use truthful type/payment semantics
[92/793] [chromium-iphone] › tests/p1-c-navigation.spec.ts:39:5 › 28 SUBMITTING blocks switch without aborting original POST
[93/793] [chromium-iphone] › tests/p1-b-entry.spec.ts:287:5 › partner login odd 681 uses kernel member order and opening defaults despite a background change
[94/793] [chromium-iphone] › tests/p1-c-races.spec.ts:22:5 › LIFF redirect parameters are untouched until init resolves
[95/793] [chromium-iphone] › tests/p2-c-timeline.spec.ts:145:5 › 13–17 canonical Detail focuses heading, opens at top and returns scroll/focus to row beyond initial 20
[96/793] [chromium-iphone] › tests/p1-c-navigation.spec.ts:40:76 › 29 COMMITTED with pending refresh permits switch
[97/793] [chromium-iphone] › tests/p1-c-races.spec.ts:37:5 › delayed deep-link B cannot pull a subsequent manual A selection back
[98/793] [chromium-iphone] › tests/p1-b-entry.spec.ts:297:5 › midnight preserves the current draft date and opens the next draft with today's Taipei date
[99/793] [chromium-iphone] › tests/p1-c-races.spec.ts:46:42 › A-B-A late first A bootstrap success cannot overwrite new A
[100/793] [chromium-iphone] › tests/p1-c-navigation.spec.ts:40:76 › 30 COMMITTED with failed refresh permits switch
[101/793] [chromium-iphone] › tests/p2-c-timeline.spec.ts:160:5 › 18–19 direct Detail and reload replace Back to scoped Home without app-origin history escape
[102/793] [chromium-iphone] › tests/p1-b-entry.spec.ts:310:5 › recovery persistence overhead is bounded and stores only submitted operations
[103/793] [chromium-iphone] › tests/p1-c-navigation.spec.ts:41:5 › 31 UNKNOWN blocks financial scope and activation is NOT-SENT
[104/793] [chromium-iphone] › tests/p1-c-races.spec.ts:46:42 › A-B-A late first A bootstrap failure cannot overwrite new A
[105/793] [chromium-iphone] › tests/p2-c-timeline.spec.ts:169:129 › 20 wrong scoped or nonexistent transaction never falls back
[106/793] [chromium-iphone] › tests/p1-c-races.spec.ts:61:7 › A-B-A late categories success stays in its generation
[107/793] [chromium-iphone] › tests/p1-c-navigation.spec.ts:42:5 › 32 UNKNOWN replay remains bound to original Ledger body and key

(node:1480) Warning: The 'NO_COLOR' env is ignored due to the 'FORCE_COLOR' env being set.
(Use `node --trace-warnings ...` to show where the warning was created)

[108/793] [chromium-iphone] › tests/v2-liff.spec.ts:230:5 › P1-A keeps the native transaction date fully readable at mobile widths and enlarged text
[109/793] [chromium-iphone] › tests/p2-c-timeline.spec.ts:169:129 › 21 wrong scoped or nonexistent transaction never falls back
[110/793] [chromium-iphone] › tests/p1-c-races.spec.ts:61:7 › A-B-A late categories failure stays in its generation
[111/793] [chromium-iphone] › tests/p1-c-navigation.spec.ts:43:5 › 33 latest pending destination wins without queued switches
[112/793] [chromium-iphone] › tests/p2-c-timeline.spec.ts:179:5 › 22–24 replaced and void historical deep links resolve and 查看新版 opens exact replacement
[113/793] [chromium-iphone] › tests/v2-liff.spec.ts:323:5 › uses the V2 startup request budget
[114/793] [chromium-iphone] › tests/p1-c-navigation.spec.ts:44:76 › 34 popstate dirty cancel restores truth without activation
[115/793] [chromium-iphone] › tests/p1-c-races.spec.ts:61:7 › A-B-A late recurring success stays in its generation
[116/793] [chromium-iphone] › tests/v2-liff.spec.ts:334:5 › P1-A restores zoom and keeps primary controls readable and tappable
[117/793] [chromium-iphone] › tests/p2-c-timeline.spec.ts:187:5 › 25–26 edit uses shared P2-A controls and clean cancel returns to Detail
[118/793] [chromium-iphone] › tests/p1-c-navigation.spec.ts:44:76 › 35 popstate dirty accept restores truth without activation
[119/793] [chromium-iphone] › tests/p1-c-races.spec.ts:61:7 › A-B-A late recurring failure stays in its generation
[120/793] [chromium-iphone] › tests/p1-c-navigation.spec.ts:45:5 › 36 repeated Back and Forward do not loop or inflate history
[121/793] [chromium-iphone] › tests/p2-c-timeline.spec.ts:196:46 › 27 correction known commit remains success when read succeeds
[122/793] [chromium-iphone] › tests/v2-liff.spec.ts:421:5 › P1-A keeps keyboard focus visible and honors reduced motion
[123/793] [chromium-iphone] › tests/p1-c-races.spec.ts:61:7 › A-B-A late statistics success stays in its generation
[124/793] [chromium-iphone] › tests/p1-c-navigation.spec.ts:46:5 › 37 late activation and secondary errors cannot contaminate newer Ledger
[125/793] [chromium-iphone] › tests/v2-liff.spec.ts:452:5 › P1-A keeps long Ledger names and large TWD balances reachable at 200% text size
[126/793] [chromium-iphone] › tests/p2-c-timeline.spec.ts:196:46 › 28 correction known commit remains success when read 500
[127/793] [chromium-iphone] › tests/p1-c-races.spec.ts:61:7 › A-B-A late statistics failure stays in its generation
[128/793] [chromium-iphone] › tests/v2-liff.spec.ts:475:5 › loads statistics and recurring rules only when their secondary UI is opened
[129/793] [chromium-iphone] › tests/p1-c-navigation.spec.ts:47:5 › 38 Escape equals visible cancel and host never stacks dialogs
[130/793] [chromium-iphone] › tests/p2-c-timeline.spec.ts:207:46 › 29 explicit void preserves known success when read succeeds
[131/793] [chromium-iphone] › tests/p1-c-races.spec.ts:61:7 › A-B-A late history success stays in its generation
[132/793] [chromium-iphone] › tests/v2-liff.spec.ts:482:5 › shows server-confirmed saving and success feedback without waiting for history reload
[133/793] [chromium-iphone] › tests/p1-c-navigation.spec.ts:48:5 › 39 native dialog labels traps background and restores Ledger trigger focus
[134/793] [chromium-iphone] › tests/p2-c-timeline.spec.ts:207:46 › 30 explicit void preserves known success when read 500
[135/793] [chromium-iphone] › tests/p1-c-races.spec.ts:61:7 › A-B-A late history failure stays in its generation
[136/793] [chromium-iphone] › tests/v2-liff.spec.ts:506:5 › payer and split choices use the existing native host while low-frequency fields stay under More
[137/793] [chromium-iphone] › tests/p1-c-navigation.spec.ts:49:5 › 40 per-Ledger Home scroll restores A to B to A
[138/793] [chromium-iphone] › tests/p2-c-timeline.spec.ts:218:5 › 31 historical void Detail retains service restore ability
[139/793] [chromium-iphone] › tests/v2-liff.spec.ts:531:5 › uses continuous balance language for either payer and balanced state
[140/793] [chromium-iphone] › tests/p1-c-navigation.spec.ts:50:5 › 41 Search query does not carry from A into B
[141/793] [chromium-iphone] › tests/p1-c-races.spec.ts:91:5 › same-ledger Detail identity change cannot reuse previous attachments
[142/793] [chromium-iphone] › tests/v2-liff.spec.ts:542:5 › keeps the daily UI usable on a narrow mobile viewport
[143/793] [chromium-iphone] › tests/p1-c-navigation.spec.ts:51:5 › 42 proposal compatibility remains reachable without claimed Ledger ownership
[144/793] [chromium-iphone] › tests/p2-c-timeline.spec.ts:226:5 › 32–34 receipt existing open upload and delete stay within Detail attachment capability
[145/793] [chromium-iphone] › tests/p1-c-races.spec.ts:101:5 › search failure is visible on Search and absent after leaving its scope
[146/793] [chromium-iphone] › tests/p1-c-navigation.spec.ts:52:5 › 43 200 percent text has no body overflow and important controls remain 44px
[147/793] [chromium-iphone] › tests/v2-liff.spec.ts:559:5 › keeps voided transactions distinct in canonical Detail and excludes them from daily history
[148/793] [chromium-iphone] › tests/p2-c-timeline.spec.ts:238:5 › 35 attachment failure preserves posted financial state and sends no financial mutation
[149/793] [chromium-iphone] › tests/p1-c-races.spec.ts:110:5 › same-ledger proposal compatibility responses stay with their proposal id
[150/793] [chromium-iphone] › tests/p1-c-navigation.spec.ts:53:5 › 44 reduced motion retains native focus and navigation
[151/793] [chromium-iphone] › tests/v2-liff.spec.ts:574:5 › uses the canonical save response without reloading the Ledger
[152/793] [chromium-iphone] › tests/p1-c-races.spec.ts:122:52 › popstate while SUBMITTING keeps original scope and sends no destination request
[153/793] [chromium-iphone] › tests/p2-c-timeline.spec.ts:247:5 › 36–37 timeline has one interactive row and no legacy details or duplicate financial/receipt actions
[154/793] [chromium-iphone] › tests/p1-c-navigation.spec.ts:55:5 › 45 browser Back restores the original transaction row focus
[155/793] [chromium-iphone] › tests/v2-liff.spec.ts:583:5 › keeps the draft on a rejected POST and does not add a local row
[156/793] [chromium-iphone] › tests/p1-c-races.spec.ts:122:52 › popstate while UNKNOWN keeps original scope and sends no destination request
[157/793] [chromium-iphone] › tests/p2-c-timeline.spec.ts:256:5 › 38–39 Search preserves secondary filters and include-void reveals historical row, with origin Back
[158/793] [chromium-iphone] › tests/v2-liff.spec.ts:595:5 › reuses the idempotency key on an unchanged retry
[159/793] [chromium-iphone] › tests/p1-c-navigation.spec.ts:62:5 › 46 dirty discard into a secondary surface focuses heading after dialog closes
[160/793] [chromium-iphone] › tests/p1-c-races.spec.ts:139:5 › late refresh and background resume do not steal editing focus
[161/793] [chromium-iphone] › tests/v2-liff.spec.ts:609:5 › keeps a committed transaction out of a nonmatching search projection
[162/793] [chromium-iphone] › tests/p1-c-navigation.spec.ts:70:5 › 47 amount and purpose closing guard cancels without losing input
[163/793] [chromium-iphone] › tests/p1-c-races.spec.ts:150:49 › 收支概況 Back restores Home scroll; reload resets it
[164/793] [chromium-iphone] › tests/p2-c-timeline.spec.ts:267:5 › 40 P2-B Ledger switch keeps truthful identity and scopes timeline data
[165/793] [chromium-iphone] › tests/v2-liff.spec.ts:649:5 › V3-0 ignores reversed bootstrap responses after explicit draft discard
[166/793] [chromium-iphone] › tests/p1-c-navigation.spec.ts:80:5 › 48 UNKNOWN latest destination survives replay and replaces initial deep-link intent
[167/793] [chromium-iphone] › tests/p2-c-timeline.spec.ts:273:5 › 41 P2-A create editor remains usable and canonical upsert keeps future row first
[168/793] [chromium-iphone] › tests/p1-c-races.spec.ts:150:49 › 帳本設定 Back restores Home scroll; reload resets it
[169/793] [chromium-iphone] › tests/p1-c-navigation.spec.ts:92:5 › 49 committed recovery awaiting A read permits B without hydrating A into B
[170/793] [chromium-iphone] › tests/v2-liff.spec.ts:672:5 › V3-0 rapid A B A switches ignore the first A generation and stale errors
[171/793] [chromium-iphone] › tests/p2-c-timeline.spec.ts:282:5 › 42 dirty correction leave guard keeps draft/focus or explicitly discards with one dialog host
[172/793] [chromium-iphone] › tests/p1-c-races.spec.ts:150:49 › 搜尋 Back restores Home scroll; reload resets it
[173/793] [chromium-iphone] › tests/p1-c-navigation.spec.ts:103:46 › 50 bootstrap 401 has a scoped recovery action
[174/793] [chromium-iphone] › tests/v2-liff.spec.ts:691:7 › V3-0 ignores reversed statistics responses across Ledgers
[175/793] [chromium-iphone] › tests/p1-c-navigation.spec.ts:103:46 › 50 bootstrap 403 has a scoped recovery action
[176/793] [chromium-iphone] › tests/p2-c-timeline.spec.ts:291:5 › first read has three static timeline skeletons and refresh failure preserves known effective rows
[177/793] [chromium-iphone] › tests/p1-c-races.spec.ts:164:47 › unsaved setting 新增自訂分類 shares the leave host and preserves focus on cancel
[178/793] [chromium-iphone] › tests/v2-liff.spec.ts:691:7 › V3-0 ignores reversed categories responses across Ledgers
[179/793] [chromium-iphone] › tests/p1-c-navigation.spec.ts:103:46 › 50 bootstrap 404 has a scoped recovery action
[180/793] [chromium-iphone] › tests/p2-c-timeline.spec.ts:300:5 › empty effective history avoids fake zeros and historical records remain deep-linkable
[181/793] [chromium-iphone] › tests/p1-c-races.spec.ts:164:47 › unsaved setting 週期交易名稱 shares the leave host and preserves focus on cancel
[182/793] [chromium-iphone] › tests/p1-c-navigation.spec.ts:103:46 › 50 bootstrap 500 has a scoped recovery action
[183/793] [chromium-iphone] › tests/p1-c-races.spec.ts:177:88 › stats read 401 offers the correct recovery action without changing Ledger preference
[184/793] [chromium-iphone] › tests/p2-c-timeline.spec.ts:306:5 › Detail pending read and read500 never guess a transaction or reveal foreign scope
[185/793] [chromium-iphone] › tests/v2-liff.spec.ts:691:7 › V3-0 ignores reversed recurring responses across Ledgers
[186/793] [chromium-iphone] › tests/p1-c-races.spec.ts:177:88 › stats read 500 offers the correct recovery action without changing Ledger preference

(node:3248) Warning: The 'NO_COLOR' env is ignored due to the 'FORCE_COLOR' env being set.
(Use `node --trace-warnings ...` to show where the warning was created)

[187/793] [webkit-iphone] › tests/p1-b-entry.spec.ts:25:5 › normal create commits row, balance and next payer together without a bootstrap refresh
[188/793] [chromium-iphone] › tests/p1-c-races.spec.ts:177:88 › recurring read 401 offers the correct recovery action without changing Ledger preference
  1) [chromium-iphone] › tests/p2-c-timeline.spec.ts:306:5 › Detail pending read and read500 never guess a transaction or reveal foreign scope 

    Test timeout of 30000ms exceeded.

    Error: expect(locator).toBeVisible() failed

    Locator: getByRole('alert').filter({ hasText: /fixture read failure/ })
    Expected: visible
    Error: element(s) not found

    Call log:
      - Expect "toBeVisible" with timeout 5000ms
      - waiting for getByRole('alert').filter({ hasText: /fixture read failure/ })


      309 |   await expect(page.getByText("單人付款晚餐", { exact: true })).toHaveCount(0); await capture(page, info, "detail-loading"); hold.release(); await expect(detail(page)).toBeVisible();
      310 |   fixture.state.holdReads.delete(A); fixture.state.failReads.set(A, 500); await page.reload();
    > 311 |   await expect(page.getByRole("alert").filter({ hasText: /fixture read failure/ })).toBeVisible(); await expect(page.getByRole("button", { name: /重新整理|重新讀取/ }).first()).toBeVisible();
          |                                                                                     ^
      312 |   await capture(page, info, "detail-read-error");
      313 | });
      314 |
        at /Users/nc8/.codex/worktrees/p2-c-timeline-detail/New project/tests/p2-c-timeline.spec.ts:311:85

    attachment #1: detail-loading (image/png) ──────────────────────────────────────────────────────
    output/playwright/results/p2-c-timeline-Detail-pendi-a938f-ion-or-reveal-foreign-scope-chromium-iphone/attachments/detail-loading-b1ff06017d3ca4766f429ac437b856eecbf0a268.png
    ────────────────────────────────────────────────────────────────────────────────────────────────

    attachment #2: screenshot (image/png) ──────────────────────────────────────────────────────────
    output/playwright/results/p2-c-timeline-Detail-pendi-a938f-ion-or-reveal-foreign-scope-chromium-iphone/test-failed-1.png
    ────────────────────────────────────────────────────────────────────────────────────────────────

    attachment #3: video (video/webm) ──────────────────────────────────────────────────────────────
    output/playwright/results/p2-c-timeline-Detail-pendi-a938f-ion-or-reveal-foreign-scope-chromium-iphone/video.webm
    ────────────────────────────────────────────────────────────────────────────────────────────────

    Error Context: output/playwright/results/p2-c-timeline-Detail-pendi-a938f-ion-or-reveal-foreign-scope-chromium-iphone/error-context.md

    attachment #5: trace (application/zip) ─────────────────────────────────────────────────────────
    output/playwright/results/p2-c-timeline-Detail-pendi-a938f-ion-or-reveal-foreign-scope-chromium-iphone/trace.zip
    Usage:

        pnpm exec playwright show-trace output/playwright/results/p2-c-timeline-Detail-pendi-a938f-ion-or-reveal-foreign-scope-chromium-iphone/trace.zip

    ────────────────────────────────────────────────────────────────────────────────────────────────


  2) [chromium-iphone] › tests/v2-liff.spec.ts:691:7 › V3-0 ignores reversed recurring responses across Ledgers 

    Test timeout of 30000ms exceeded.

    Error: locator.click: Test timeout of 30000ms exceeded.
    Call log:
      - waiting for getByRole('button', { name: '固定記帳', exact: true })
        - locator resolved to <button type="button" class="inline-flex shrink-0 items-center justify-center gap-2 whitespace-nowrap rounded-xl font-semibold transition-colors disabled:pointer-events-none disabled:opacity-50 [&_svg]:pointer-events-none [&_svg]:shrink-0 border border-[var(--border)] bg-[var(--card)] text-foreground hover:bg-muted h-11 min-w-11 px-3 text-sm">固定記帳</button>


      300 |   if (await page.getByRole("button", { name: "返回帳本", exact: true }).isVisible()) await returnHome(page);
      301 |   await page.getByRole("button", { name: surface === "stats" ? "收支概況" : surface === "search" ? "搜尋" : "帳本設定", exact: true }).click();
    > 302 |   if (surface === "recurring") await page.getByRole("button", { name: "固定記帳", exact: true }).click();
          |                                                                                              ^
      303 | }
      304 |
      305 | function controls(page: Page) {
        at openSecondary (/Users/nc8/.codex/worktrees/p2-c-timeline-detail/New project/tests/v2-liff.spec.ts:302:94)
        at /Users/nc8/.codex/worktrees/p2-c-timeline-detail/New project/tests/v2-liff.spec.ts:696:35

    attachment #1: screenshot (image/png) ──────────────────────────────────────────────────────────
    output/playwright/results/v2-liff-V3-0-ignores-rever-87a3e-ng-responses-across-Ledgers-chromium-iphone/test-failed-1.png
    ────────────────────────────────────────────────────────────────────────────────────────────────

    Error Context: output/playwright/results/v2-liff-V3-0-ignores-rever-87a3e-ng-responses-across-Ledgers-chromium-iphone/error-context.md

    attachment #3: trace (application/zip) ─────────────────────────────────────────────────────────
    output/playwright/results/v2-liff-V3-0-ignores-rever-87a3e-ng-responses-across-Ledgers-chromium-iphone/trace.zip
    Usage:

        pnpm exec playwright show-trace output/playwright/results/v2-liff-V3-0-ignores-rever-87a3e-ng-responses-across-Ledgers-chromium-iphone/trace.zip

    ────────────────────────────────────────────────────────────────────────────────────────────────


[189/793] [chromium-iphone] › tests/p1-c-races.spec.ts:177:88 › recurring read 500 offers the correct recovery action without changing Ledger preference

(node:3353) Warning: The 'NO_COLOR' env is ignored due to the 'FORCE_COLOR' env being set.
(Use `node --trace-warnings ...` to show where the warning was created)


(node:3354) Warning: The 'NO_COLOR' env is ignored due to the 'FORCE_COLOR' env being set.
(Use `node --trace-warnings ...` to show where the warning was created)

[190/793] [chromium-iphone] › tests/p2-c-timeline.spec.ts:315:5 › 200% long notes and reduced motion keep Back and More actions reachable without overflow
[191/793] [chromium-iphone] › tests/v2-liff.spec.ts:691:7 › V3-0 ignores reversed transactions responses across Ledgers
[192/793] [chromium-iphone] › tests/p1-c-races.spec.ts:177:88 › search read 401 offers the correct recovery action without changing Ledger preference
[193/793] [webkit-iphone] › tests/p1-b-entry.spec.ts:39:5 › double tap owns one operation and guards switching while submitting
[194/793] [chromium-iphone] › tests/p1-c-races.spec.ts:177:88 › search read 500 offers the correct recovery action without changing Ledger preference
[195/793] [chromium-iphone] › tests/p2-c-timeline.spec.ts:322:5 › filtered Search preserves insertion-independent origin scroll and loaded second history page without a new request
[196/793] [chromium-iphone] › tests/v2-liff.spec.ts:719:5 › V3-0 switching Ledger after a deep link stays on the manual selection
[197/793] [chromium-iphone] › tests/p1-c-races.spec.ts:200:5 › stale app-origin row marker falls back to a surviving Home row
[198/793] [webkit-iphone] › tests/p1-b-entry.spec.ts:54:5 › commit then dropped response reloads UNKNOWN and explicit replay returns original result with identical body/key
[199/793] [chromium-iphone] › tests/v2-liff.spec.ts:737:5 › V3-0 guards a late A save, then explicit discard cannot reuse A feedback or key in B
[200/793] [chromium-iphone] › tests/p2-c-timeline.spec.ts:337:45 › Search mutation refresh restores loaded history window and reads the same two pages

(node:3574) Warning: The 'NO_COLOR' env is ignored due to the 'FORCE_COLOR' env being set.
(Use `node --trace-warnings ...` to show where the warning was created)

[201/793] [webkit-iphone] › tests/p1-c-navigation.spec.ts:15:5 › 01 normal launch replaces current URL with explicit canonical Ledger
[202/793] [chromium-iphone] › tests/p2-c-timeline.spec.ts:337:45 › Search mutation refresh restores loaded history window and preserves known rows on read500
[203/793] [webkit-iphone] › tests/p1-b-entry.spec.ts:72:5 › compatible partial commit plus GET 500 stays COMMITTED, including reload and read-only retry

(node:3663) Warning: The 'NO_COLOR' env is ignored due to the 'FORCE_COLOR' env being set.
(Use `node --trace-warnings ...` to show where the warning was created)

[204/793] [webkit-iphone] › tests/p2-a-entry.spec.ts:55:35 › command body matches P1-B and kernel: default-simple-1-1
[205/793] [webkit-iphone] › tests/p1-c-navigation.spec.ts:16:5 › 02 explicit B deep link reads only B
[206/793] [webkit-iphone] › tests/p1-b-entry.spec.ts:83:63 › malformed 2xx cannot claim success
[207/793] [chromium-iphone] › tests/p2-c-timeline.spec.ts:357:5 › direct Detail retry focuses purpose heading after initial bootstrap read500
[208/793] [webkit-iphone] › tests/p1-c-navigation.spec.ts:17:130 › 03 nonexistent explicit target offers bounded recovery
[209/793] [webkit-iphone] › tests/p2-a-entry.spec.ts:55:35 › command body matches P1-B and kernel: non-50-50-second-member-partner-2-1
[210/793] [webkit-iphone] › tests/p1-b-entry.spec.ts:83:63 › wrong-scope 2xx cannot claim success
[211/793] [chromium-iphone] › tests/p2-c-timeline.spec.ts:365:5 › ambiguous void response retains original mutation key and expectedVersion across a successful background read
[212/793] [webkit-iphone] › tests/p1-c-navigation.spec.ts:17:130 › 04 unauthorized explicit target offers bounded recovery
[213/793] [webkit-iphone] › tests/p1-c-navigation.spec.ts:18:5 › 05 invalid explicit B never paints A content
[214/793] [webkit-iphone] › tests/p1-b-entry.spec.ts:89:5 › storage unavailable or incorrect read-back prevents POST and keeps editing
[215/793] [webkit-iphone] › tests/p2-a-entry.spec.ts:55:35 › command body matches P1-B and kernel: both-payers-second-member-0-1
[216/793] [chromium-iphone] › tests/p2-c-timeline.spec.ts:381:5 › voiding an origin row beyond twenty returns focus to its nearest surviving timeline row
[217/793] [webkit-iphone] › tests/p1-c-navigation.spec.ts:19:5 › 06 transaction with correct Ledger reconstructs and focuses detail
[218/793] [webkit-iphone] › tests/p1-b-entry.spec.ts:98:5 › recovery identity mismatch reveals no stored financial content and cannot replay
[219/793] [webkit-iphone] › tests/p2-a-entry.spec.ts:55:35 › command body matches P1-B and kernel: equal-second-member
[220/793] [chromium-iphone] › tests/p2-c-timeline.spec.ts:391:5 › browser records native view-transition support for bounded Detail-close motion
[221/793] [webkit-iphone] › tests/p1-c-navigation.spec.ts:20:5 › 07 transaction with wrong Ledger shows link error without guessing another Ledger
[222/793] [webkit-iphone] › tests/p2-a-entry.spec.ts:55:35 › command body matches P1-B and kernel: percentage-fractional
[223/793] [webkit-iphone] › tests/p1-b-entry.spec.ts:108:5 › recovery couple mismatch cannot hydrate even when actor and ledger IDs match
[224/793] [webkit-iphone] › tests/p1-c-navigation.spec.ts:21:5 › 08 transaction without Ledger does not scan for ownership
[225/793] [chromium-iphone] › tests/p2-c-timeline.spec.ts:411:5 › aborted filtered Search append returns an enabled retry and preserves the loaded first page
[226/793] [webkit-iphone] › tests/p2-a-entry.spec.ts:55:35 › command body matches P1-B and kernel: exact-partner-payer
[227/793] [webkit-iphone] › tests/p1-b-entry.spec.ts:115:5 › Ledger A recovery takes priority over URL B without activating or moving a write to B
[228/793] [webkit-iphone] › tests/p1-c-navigation.spec.ts:22:5 › 09 app row pushes detail and Back restores row focus
[229/793] [webkit-iphone] › tests/p2-a-entry.spec.ts:55:35 › command body matches P1-B and kernel: income-both
[230/793] [chromium-iphone] › tests/p2-c-timeline.spec.ts:426:5 › Back expands root render window when a new canonical row moves the surviving origin beyond row twenty
[231/793] [webkit-iphone] › tests/p1-b-entry.spec.ts:129:5 › unknown followed by 401 remains unknown with original operation
[232/793] [webkit-iphone] › tests/p1-b-entry.spec.ts:138:5 › authorized A recovery remains available when the linked Ledger no longer exists
[233/793] [webkit-iphone] › tests/p1-c-navigation.spec.ts:23:5 › 10 direct detail visible Back replaces to Home without leaving product
[234/793] [webkit-iphone] › tests/p2-a-entry.spec.ts:55:35 › command body matches P1-B and kernel: transfer-partner-direction

(node:4368) Warning: The 'NO_COLOR' env is ignored due to the 'FORCE_COLOR' env being set.
(Use `node --trace-warnings ...` to show where the warning was created)

[235/793] [webkit-iphone] › tests/p2-b-identity.spec.ts:22:5 › name is the single Home identity; switch A B A reuses canonical scope
[236/793] [webkit-iphone] › tests/p1-c-navigation.spec.ts:24:5 › 11 reload detail preserves URL and drops stale app origin
[237/793] [webkit-iphone] › tests/p1-b-entry.spec.ts:151:5 › an actor change in the existing document is detected before replay POST
[238/793] [webkit-iphone] › tests/p2-a-entry.spec.ts:82:5 › one host, cancel preserves draft, Apply only edits draft and returns focus
[239/793] [webkit-iphone] › tests/p1-b-entry.spec.ts:160:5 › a new authorization failure hides cached financial content without discarding commit proof
[240/793] [webkit-iphone] › tests/p1-c-navigation.spec.ts:25:95 › 12 收支概況 push reload deterministic Back
[241/793] [webkit-iphone] › tests/p2-a-entry.spec.ts:102:5 › both payments and exact shares retain explicit amounts after total changes
[242/793] [webkit-iphone] › tests/p1-b-entry.spec.ts:171:5 › timeout after dispatch becomes unknown and preserves the exact recovery operation
[243/793] [webkit-iphone] › tests/p1-c-navigation.spec.ts:25:95 › 13 帳本設定 push reload deterministic Back
[244/793] [webkit-iphone] › tests/p1-b-entry.spec.ts:181:5 › correction drop-response reload replay retains original replacement and expected version
[245/793] [webkit-iphone] › tests/p2-a-entry.spec.ts:119:5 › IME, Enter, disabled reasons, inline association and first-invalid focus
[246/793] [webkit-iphone] › tests/p2-b-identity.spec.ts:52:5 › deep-link viewed B and LINE default A remain distinct and selected is announced
[247/793] [webkit-iphone] › tests/p2-a-entry.spec.ts:141:5 › incomplete percentages do not pretend to be equal and default snapshot stays frozen
[248/793] [webkit-iphone] › tests/p1-c-navigation.spec.ts:26:5 › 14 recurring URL reconstructs secondary surface
[249/793] [webkit-iphone] › tests/p1-b-entry.spec.ts:192:5 › first rejection preserves editable draft and unchanged retry reuses the key
[250/793] [webkit-iphone] › tests/p1-c-navigation.spec.ts:27:5 › 15 Search pushes URL and Back returns Home
[251/793] [webkit-iphone] › tests/p2-b-identity.spec.ts:65:5 › activation syncing and failure stay bounded while B remains readable
[252/793] [webkit-iphone] › tests/p1-b-entry.spec.ts:201:5 › one create/correction draft requires explicit keep or discard
[253/793] [webkit-iphone] › tests/p2-a-entry.spec.ts:154:68 › correction hydrates actual stored expense with historical exact shares
[254/793] [webkit-iphone] › tests/p1-c-navigation.spec.ts:28:5 › 16 manual A to B replaces Home and focuses accepted Ledger
[255/793] [webkit-iphone] › tests/p2-b-identity.spec.ts:87:39 › 40 character identities stay complete and wrap at 100% text
[256/793] [webkit-iphone] › tests/p1-b-entry.spec.ts:213:5 › creating a Ledger after discarding A opens a usable draft in the new Ledger
[257/793] [webkit-iphone] › tests/p2-a-entry.spec.ts:154:68 › correction hydrates actual stored income with historical exact shares
[258/793] [webkit-iphone] › tests/p1-c-navigation.spec.ts:29:5 › 17 A to B to A is generation safe for queued preference
[259/793] [webkit-iphone] › tests/p2-b-identity.spec.ts:87:39 › 40 character identities stay complete and wrap at 200% text
[260/793] [webkit-iphone] › tests/p1-b-entry.spec.ts:238:45 › correction success preserves commit when refresh succeeds
[261/793] [webkit-iphone] › tests/p2-a-entry.spec.ts:154:68 › correction hydrates actual stored transfer with historical exact shares
[262/793] [webkit-iphone] › tests/p1-c-navigation.spec.ts:30:77 › 18 late A bootstrap success cannot update B
[263/793] [webkit-iphone] › tests/p2-a-entry.spec.ts:172:5 › More retains non-default values and 200% text remains reachable without overflow
[264/793] [webkit-iphone] › tests/p2-b-identity.spec.ts:115:5 › 40 unbroken Latin characters wrap without horizontal scroll at 200%
[265/793] [webkit-iphone] › tests/p1-b-entry.spec.ts:238:45 › correction success preserves commit when refresh fails
[266/793] [webkit-iphone] › tests/p1-c-navigation.spec.ts:30:77 › 19 late A bootstrap failure cannot update B
[267/793] [webkit-iphone] › tests/p2-b-identity.spec.ts:125:5 › keyboard enters titled dialog, moves options without writes, selects and returns focus
[268/793] [webkit-iphone] › tests/p1-b-entry.spec.ts:260:5 › a stale posted receipt cannot downgrade balance/next payer or resurrect a later void
[269/793] [webkit-iphone] › tests/p2-a-entry.spec.ts:186:5 › switching both to transfer requires an explicit sender and never dispatches a guessed direction
[270/793] [webkit-iphone] › tests/p1-c-navigation.spec.ts:31:5 › 20 activation failure keeps B readable and retry touches preference only
[271/793] [webkit-iphone] › tests/p2-b-identity.spec.ts:148:5 › create cancel returns to the same switcher and never changes scope or history
[272/793] [webkit-iphone] › tests/p2-a-entry.spec.ts:197:5 › second-member controls retain Ledger order, full kernel preview and associated incomplete errors
[273/793] [webkit-iphone] › tests/p1-b-entry.spec.ts:273:5 › a stale posted receipt cannot resurrect a replaced transaction
[274/793] [webkit-iphone] › tests/p1-c-navigation.spec.ts:32:5 › 21 deep link B has NOT-SENT activate evidence
[275/793] [webkit-iphone] › tests/p2-b-identity.spec.ts:168:40 › create success accepts new name and scope from switcher
[276/793] [webkit-iphone] › tests/p2-c-timeline.spec.ts:59:5 › 01–05 20+20 client window preserves identity and single date headings across 20/21 and 40/41
[277/793] [webkit-iphone] › tests/p1-b-entry.spec.ts:287:5 › partner login odd 681 uses kernel member order and opening defaults despite a background change
[278/793] [webkit-iphone] › tests/p1-c-navigation.spec.ts:33:5 › 22 explicit Switcher B sends preference activation once
[279/793] [webkit-iphone] › tests/p2-b-identity.spec.ts:168:40 › create success accepts new name and scope from empty list
[280/793] [webkit-iphone] › tests/p1-b-entry.spec.ts:297:5 › midnight preserves the current draft date and opens the next draft with today's Taipei date
[281/793] [webkit-iphone] › tests/p2-c-timeline.spec.ts:82:5 › 06 today yesterday cross-year and future use occurrence date under Taipei semantics
[282/793] [webkit-iphone] › tests/p1-c-navigation.spec.ts:34:5 › 23 initial draft switches without confirmation and receives fresh defaults
[283/793] [webkit-iphone] › tests/p1-b-entry.spec.ts:310:5 › recovery persistence overhead is bounded and stores only submitted operations
[284/793] [webkit-iphone] › tests/p2-b-identity.spec.ts:189:5 › empty list cancel returns to one clear create entry
[285/793] [webkit-iphone] › tests/p2-c-timeline.spec.ts:91:5 › 07 long purpose stays bounded on row and appears in full with long note in Detail
[286/793] [webkit-iphone] › tests/p1-c-navigation.spec.ts:35:5 › 24 amount-only dirty cancel preserves value focus URL and NOT-SENT activation
[287/793] [webkit-iphone] › tests/p2-b-identity.spec.ts:206:5 › archived-only list has no broken identity trigger
[288/793] [webkit-iphone] › tests/p2-c-timeline.spec.ts:100:5 › 08 huge canonical TWD remains exact and readable at 200% text

(node:5483) Warning: The 'NO_COLOR' env is ignored due to the 'FORCE_COLOR' env being set.
(Use `node --trace-warnings ...` to show where the warning was created)

[289/793] [webkit-iphone] › tests/p1-c-races.spec.ts:7:5 › native push and replace remain observable and preserve unrelated and Next state
[290/793] [webkit-iphone] › tests/p2-b-identity.spec.ts:214:5 › create rejection preserves name and scope; cancelled retry writes nothing
[291/793] [webkit-iphone] › tests/p1-c-navigation.spec.ts:36:5 › 25 amount-only discard accepts B exactly once
[292/793] [webkit-iphone] › tests/p2-c-timeline.spec.ts:114:8 › 09 expense row and Detail use truthful type/payment semantics
[293/793] [webkit-iphone] › tests/p2-b-identity.spec.ts:227:5 › create is single flight and keeps its only dialog until response
[294/793] [webkit-iphone] › tests/p1-c-races.spec.ts:22:5 › LIFF redirect parameters are untouched until init resolves
[295/793] [webkit-iphone] › tests/p1-c-navigation.spec.ts:37:5 › 26 description dirty is guarded and semantic reversion becomes clean
[296/793] [webkit-iphone] › tests/p1-c-races.spec.ts:37:5 › delayed deep-link B cannot pull a subsequent manual A selection back
[297/793] [webkit-iphone] › tests/p1-c-navigation.spec.ts:38:5 › 27 advanced-field-only note is dirty with empty amount and retains focus

(node:5678) Warning: The 'NO_COLOR' env is ignored due to the 'FORCE_COLOR' env being set.
(Use `node --trace-warnings ...` to show where the warning was created)

[298/793] [webkit-iphone] › tests/v2-liff.spec.ts:230:5 › P1-A keeps the native transaction date fully readable at mobile widths and enlarged text
[299/793] [webkit-iphone] › tests/p2-c-timeline.spec.ts:114:8 › 10 income row and Detail use truthful type/payment semantics
[300/793] [webkit-iphone] › tests/p1-c-races.spec.ts:46:42 › A-B-A late first A bootstrap success cannot overwrite new A
[301/793] [webkit-iphone] › tests/p1-c-navigation.spec.ts:39:5 › 28 SUBMITTING blocks switch without aborting original POST
[302/793] [webkit-iphone] › tests/p1-c-races.spec.ts:46:42 › A-B-A late first A bootstrap failure cannot overwrite new A
[303/793] [webkit-iphone] › tests/p2-c-timeline.spec.ts:114:8 › 11 transfer row and Detail use truthful type/payment semantics
[304/793] [webkit-iphone] › tests/p1-c-navigation.spec.ts:40:76 › 29 COMMITTED with pending refresh permits switch
[305/793] [webkit-iphone] › tests/p1-c-navigation.spec.ts:40:76 › 30 COMMITTED with failed refresh permits switch
[306/793] [webkit-iphone] › tests/p1-c-races.spec.ts:61:7 › A-B-A late categories success stays in its generation
[307/793] [webkit-iphone] › tests/p2-c-timeline.spec.ts:114:8 › 12 both-payer row and Detail use truthful type/payment semantics
[308/793] [webkit-iphone] › tests/v2-liff.spec.ts:323:5 › uses the V2 startup request budget
[309/793] [webkit-iphone] › tests/v2-liff.spec.ts:334:5 › P1-A restores zoom and keeps primary controls readable and tappable
[310/793] [webkit-iphone] › tests/p1-c-navigation.spec.ts:41:5 › 31 UNKNOWN blocks financial scope and activation is NOT-SENT
[311/793] [webkit-iphone] › tests/p2-c-timeline.spec.ts:145:5 › 13–17 canonical Detail focuses heading, opens at top and returns scroll/focus to row beyond initial 20
[312/793] [webkit-iphone] › tests/p1-c-races.spec.ts:61:7 › A-B-A late categories failure stays in its generation
[313/793] [webkit-iphone] › tests/p1-c-navigation.spec.ts:42:5 › 32 UNKNOWN replay remains bound to original Ledger body and key
[314/793] [webkit-iphone] › tests/p1-c-races.spec.ts:61:7 › A-B-A late recurring success stays in its generation
[315/793] [webkit-iphone] › tests/p2-c-timeline.spec.ts:160:5 › 18–19 direct Detail and reload replace Back to scoped Home without app-origin history escape
[316/793] [webkit-iphone] › tests/v2-liff.spec.ts:421:5 › P1-A keeps keyboard focus visible and honors reduced motion
[317/793] [webkit-iphone] › tests/v2-liff.spec.ts:452:5 › P1-A keeps long Ledger names and large TWD balances reachable at 200% text size
[318/793] [webkit-iphone] › tests/p1-c-navigation.spec.ts:43:5 › 33 latest pending destination wins without queued switches
[319/793] [webkit-iphone] › tests/p1-c-races.spec.ts:61:7 › A-B-A late recurring failure stays in its generation
[320/793] [webkit-iphone] › tests/p2-c-timeline.spec.ts:169:129 › 20 wrong scoped or nonexistent transaction never falls back
[321/793] [webkit-iphone] › tests/p2-c-timeline.spec.ts:169:129 › 21 wrong scoped or nonexistent transaction never falls back
[322/793] [webkit-iphone] › tests/v2-liff.spec.ts:475:5 › loads statistics and recurring rules only when their secondary UI is opened
[323/793] [webkit-iphone] › tests/p1-c-navigation.spec.ts:44:76 › 34 popstate dirty cancel restores truth without activation
[324/793] [webkit-iphone] › tests/p1-c-races.spec.ts:61:7 › A-B-A late statistics success stays in its generation
[325/793] [webkit-iphone] › tests/p2-c-timeline.spec.ts:179:5 › 22–24 replaced and void historical deep links resolve and 查看新版 opens exact replacement
[326/793] [webkit-iphone] › tests/v2-liff.spec.ts:482:5 › shows server-confirmed saving and success feedback without waiting for history reload
[327/793] [webkit-iphone] › tests/p1-c-navigation.spec.ts:44:76 › 35 popstate dirty accept restores truth without activation
[328/793] [webkit-iphone] › tests/p1-c-races.spec.ts:61:7 › A-B-A late statistics failure stays in its generation
[329/793] [webkit-iphone] › tests/p1-c-navigation.spec.ts:45:5 › 36 repeated Back and Forward do not loop or inflate history
[330/793] [webkit-iphone] › tests/v2-liff.spec.ts:506:5 › payer and split choices use the existing native host while low-frequency fields stay under More
[331/793] [webkit-iphone] › tests/p2-c-timeline.spec.ts:187:5 › 25–26 edit uses shared P2-A controls and clean cancel returns to Detail
[332/793] [webkit-iphone] › tests/p1-c-races.spec.ts:61:7 › A-B-A late history success stays in its generation
[333/793] [webkit-iphone] › tests/p1-c-navigation.spec.ts:46:5 › 37 late activation and secondary errors cannot contaminate newer Ledger
[334/793] [webkit-iphone] › tests/v2-liff.spec.ts:531:5 › uses continuous balance language for either payer and balanced state
[335/793] [webkit-iphone] › tests/p2-c-timeline.spec.ts:196:46 › 27 correction known commit remains success when read succeeds
[336/793] [webkit-iphone] › tests/p1-c-races.spec.ts:61:7 › A-B-A late history failure stays in its generation
[337/793] [webkit-iphone] › tests/v2-liff.spec.ts:542:5 › keeps the daily UI usable on a narrow mobile viewport
[338/793] [webkit-iphone] › tests/p1-c-navigation.spec.ts:47:5 › 38 Escape equals visible cancel and host never stacks dialogs
[339/793] [webkit-iphone] › tests/p2-c-timeline.spec.ts:196:46 › 28 correction known commit remains success when read 500
[340/793] [webkit-iphone] › tests/p1-c-navigation.spec.ts:48:5 › 39 native dialog labels traps background and restores Ledger trigger focus
[341/793] [webkit-iphone] › tests/p1-c-races.spec.ts:91:5 › same-ledger Detail identity change cannot reuse previous attachments
[342/793] [webkit-iphone] › tests/v2-liff.spec.ts:559:5 › keeps voided transactions distinct in canonical Detail and excludes them from daily history
[343/793] [webkit-iphone] › tests/p2-c-timeline.spec.ts:207:46 › 29 explicit void preserves known success when read succeeds
[344/793] [webkit-iphone] › tests/p1-c-races.spec.ts:101:5 › search failure is visible on Search and absent after leaving its scope
[345/793] [webkit-iphone] › tests/p1-c-navigation.spec.ts:49:5 › 40 per-Ledger Home scroll restores A to B to A
[346/793] [webkit-iphone] › tests/v2-liff.spec.ts:574:5 › uses the canonical save response without reloading the Ledger
[347/793] [webkit-iphone] › tests/p2-c-timeline.spec.ts:207:46 › 30 explicit void preserves known success when read 500
[348/793] [webkit-iphone] › tests/p1-c-races.spec.ts:110:5 › same-ledger proposal compatibility responses stay with their proposal id
[349/793] [webkit-iphone] › tests/v2-liff.spec.ts:583:5 › keeps the draft on a rejected POST and does not add a local row
[350/793] [webkit-iphone] › tests/p1-c-navigation.spec.ts:50:5 › 41 Search query does not carry from A into B
[351/793] [webkit-iphone] › tests/p1-c-races.spec.ts:122:52 › popstate while SUBMITTING keeps original scope and sends no destination request
[352/793] [webkit-iphone] › tests/v2-liff.spec.ts:595:5 › reuses the idempotency key on an unchanged retry
[353/793] [webkit-iphone] › tests/p2-c-timeline.spec.ts:218:5 › 31 historical void Detail retains service restore ability
[354/793] [webkit-iphone] › tests/p1-c-navigation.spec.ts:51:5 › 42 proposal compatibility remains reachable without claimed Ledger ownership
[355/793] [webkit-iphone] › tests/p1-c-races.spec.ts:122:52 › popstate while UNKNOWN keeps original scope and sends no destination request
[356/793] [webkit-iphone] › tests/v2-liff.spec.ts:609:5 › keeps a committed transaction out of a nonmatching search projection
[357/793] [webkit-iphone] › tests/p1-c-navigation.spec.ts:52:5 › 43 200 percent text has no body overflow and important controls remain 44px
[358/793] [webkit-iphone] › tests/p2-c-timeline.spec.ts:226:5 › 32–34 receipt existing open upload and delete stay within Detail attachment capability
[359/793] [webkit-iphone] › tests/p1-c-races.spec.ts:139:5 › late refresh and background resume do not steal editing focus
[360/793] [webkit-iphone] › tests/v2-liff.spec.ts:649:5 › V3-0 ignores reversed bootstrap responses after explicit draft discard
[361/793] [webkit-iphone] › tests/p1-c-races.spec.ts:150:49 › 收支概況 Back restores Home scroll; reload resets it
[362/793] [webkit-iphone] › tests/p1-c-navigation.spec.ts:53:5 › 44 reduced motion retains native focus and navigation
[363/793] [webkit-iphone] › tests/p2-c-timeline.spec.ts:238:5 › 35 attachment failure preserves posted financial state and sends no financial mutation
[364/793] [webkit-iphone] › tests/v2-liff.spec.ts:672:5 › V3-0 rapid A B A switches ignore the first A generation and stale errors
[365/793] [webkit-iphone] › tests/p1-c-navigation.spec.ts:55:5 › 45 browser Back restores the original transaction row focus
[366/793] [webkit-iphone] › tests/p2-c-timeline.spec.ts:247:5 › 36–37 timeline has one interactive row and no legacy details or duplicate financial/receipt actions
[367/793] [webkit-iphone] › tests/p1-c-races.spec.ts:150:49 › 帳本設定 Back restores Home scroll; reload resets it
[368/793] [webkit-iphone] › tests/p1-c-navigation.spec.ts:62:5 › 46 dirty discard into a secondary surface focuses heading after dialog closes
[369/793] [webkit-iphone] › tests/v2-liff.spec.ts:691:7 › V3-0 ignores reversed statistics responses across Ledgers
[370/793] [webkit-iphone] › tests/p2-c-timeline.spec.ts:256:5 › 38–39 Search preserves secondary filters and include-void reveals historical row, with origin Back
[371/793] [webkit-iphone] › tests/p1-c-races.spec.ts:150:49 › 搜尋 Back restores Home scroll; reload resets it
[372/793] [webkit-iphone] › tests/p1-c-navigation.spec.ts:70:5 › 47 amount and purpose closing guard cancels without losing input
[373/793] [webkit-iphone] › tests/p2-c-timeline.spec.ts:267:5 › 40 P2-B Ledger switch keeps truthful identity and scopes timeline data
[374/793] [webkit-iphone] › tests/p1-c-navigation.spec.ts:80:5 › 48 UNKNOWN latest destination survives replay and replaces initial deep-link intent
[375/793] [webkit-iphone] › tests/v2-liff.spec.ts:691:7 › V3-0 ignores reversed categories responses across Ledgers
[376/793] [webkit-iphone] › tests/p1-c-races.spec.ts:164:47 › unsaved setting 新增自訂分類 shares the leave host and preserves focus on cancel
[377/793] [webkit-iphone] › tests/p1-c-races.spec.ts:164:47 › unsaved setting 週期交易名稱 shares the leave host and preserves focus on cancel
[378/793] [webkit-iphone] › tests/p2-c-timeline.spec.ts:273:5 › 41 P2-A create editor remains usable and canonical upsert keeps future row first
[379/793] [webkit-iphone] › tests/v2-liff.spec.ts:691:7 › V3-0 ignores reversed recurring responses across Ledgers
[380/793] [webkit-iphone] › tests/p1-c-navigation.spec.ts:92:5 › 49 committed recovery awaiting A read permits B without hydrating A into B
[381/793] [webkit-iphone] › tests/p1-c-races.spec.ts:177:88 › stats read 401 offers the correct recovery action without changing Ledger preference
[382/793] [webkit-iphone] › tests/p2-c-timeline.spec.ts:282:5 › 42 dirty correction leave guard keeps draft/focus or explicitly discards with one dialog host
[383/793] [webkit-iphone] › tests/p1-c-races.spec.ts:177:88 › stats read 500 offers the correct recovery action without changing Ledger preference
[384/793] [webkit-iphone] › tests/v2-liff.spec.ts:691:7 › V3-0 ignores reversed transactions responses across Ledgers
[385/793] [webkit-iphone] › tests/p1-c-navigation.spec.ts:103:46 › 50 bootstrap 401 has a scoped recovery action
[386/793] [webkit-iphone] › tests/p1-c-races.spec.ts:177:88 › recurring read 401 offers the correct recovery action without changing Ledger preference
[387/793] [webkit-iphone] › tests/p1-c-navigation.spec.ts:103:46 › 50 bootstrap 403 has a scoped recovery action
[388/793] [webkit-iphone] › tests/p2-c-timeline.spec.ts:291:5 › first read has three static timeline skeletons and refresh failure preserves known effective rows
[389/793] [webkit-iphone] › tests/p1-c-races.spec.ts:177:88 › recurring read 500 offers the correct recovery action without changing Ledger preference
[390/793] [webkit-iphone] › tests/p1-c-navigation.spec.ts:103:46 › 50 bootstrap 404 has a scoped recovery action
[391/793] [webkit-iphone] › tests/v2-liff.spec.ts:719:5 › V3-0 switching Ledger after a deep link stays on the manual selection
[392/793] [webkit-iphone] › tests/p1-c-races.spec.ts:177:88 › search read 401 offers the correct recovery action without changing Ledger preference
[393/793] [webkit-iphone] › tests/p1-c-navigation.spec.ts:103:46 › 50 bootstrap 500 has a scoped recovery action
[394/793] [webkit-iphone] › tests/p2-c-timeline.spec.ts:300:5 › empty effective history avoids fake zeros and historical records remain deep-linkable
[395/793] [webkit-iphone] › tests/p1-c-races.spec.ts:177:88 › search read 500 offers the correct recovery action without changing Ledger preference
[396/793] [webkit-iphone] › tests/v2-liff.spec.ts:737:5 › V3-0 guards a late A save, then explicit discard cannot reuse A feedback or key in B
[397/793] [webkit-iphone] › tests/p2-c-timeline.spec.ts:306:5 › Detail pending read and read500 never guess a transaction or reveal foreign scope

(node:6932) Warning: The 'NO_COLOR' env is ignored due to the 'FORCE_COLOR' env being set.
(Use `node --trace-warnings ...` to show where the warning was created)

[398/793] [chromium-393] › tests/p1-b-entry.spec.ts:25:5 › normal create commits row, balance and next payer together without a bootstrap refresh
[399/793] [webkit-iphone] › tests/p1-c-races.spec.ts:200:5 › stale app-origin row marker falls back to a surviving Home row
[400/793] [webkit-iphone] › tests/p2-c-timeline.spec.ts:315:5 › 200% long notes and reduced motion keep Back and More actions reachable without overflow

(node:6978) Warning: The 'NO_COLOR' env is ignored due to the 'FORCE_COLOR' env being set.
(Use `node --trace-warnings ...` to show where the warning was created)

[401/793] [chromium-393] › tests/p1-c-navigation.spec.ts:15:5 › 01 normal launch replaces current URL with explicit canonical Ledger

(node:6979) Warning: The 'NO_COLOR' env is ignored due to the 'FORCE_COLOR' env being set.
(Use `node --trace-warnings ...` to show where the warning was created)

[402/793] [chromium-393] › tests/p2-a-entry.spec.ts:55:35 › command body matches P1-B and kernel: default-simple-1-1
[403/793] [chromium-393] › tests/p1-b-entry.spec.ts:39:5 › double tap owns one operation and guards switching while submitting
[404/793] [webkit-iphone] › tests/p2-c-timeline.spec.ts:322:5 › filtered Search preserves insertion-independent origin scroll and loaded second history page without a new request
[405/793] [chromium-393] › tests/p1-c-navigation.spec.ts:16:5 › 02 explicit B deep link reads only B
[406/793] [chromium-393] › tests/p2-a-entry.spec.ts:55:35 › command body matches P1-B and kernel: non-50-50-second-member-partner-2-1
[407/793] [chromium-393] › tests/p1-b-entry.spec.ts:54:5 › commit then dropped response reloads UNKNOWN and explicit replay returns original result with identical body/key
[408/793] [chromium-393] › tests/p1-c-navigation.spec.ts:17:130 › 03 nonexistent explicit target offers bounded recovery
[409/793] [webkit-iphone] › tests/p2-c-timeline.spec.ts:337:45 › Search mutation refresh restores loaded history window and reads the same two pages
[410/793] [chromium-393] › tests/p2-a-entry.spec.ts:55:35 › command body matches P1-B and kernel: both-payers-second-member-0-1
[411/793] [chromium-393] › tests/p1-c-navigation.spec.ts:17:130 › 04 unauthorized explicit target offers bounded recovery
[412/793] [chromium-393] › tests/p1-b-entry.spec.ts:72:5 › compatible partial commit plus GET 500 stays COMMITTED, including reload and read-only retry
[413/793] [chromium-393] › tests/p1-c-navigation.spec.ts:18:5 › 05 invalid explicit B never paints A content
[414/793] [chromium-393] › tests/p2-a-entry.spec.ts:55:35 › command body matches P1-B and kernel: equal-second-member
[415/793] [chromium-393] › tests/p1-c-navigation.spec.ts:19:5 › 06 transaction with correct Ledger reconstructs and focuses detail
[416/793] [chromium-393] › tests/p1-b-entry.spec.ts:83:63 › malformed 2xx cannot claim success
[417/793] [chromium-393] › tests/p1-c-navigation.spec.ts:20:5 › 07 transaction with wrong Ledger shows link error without guessing another Ledger
[418/793] [chromium-393] › tests/p1-b-entry.spec.ts:83:63 › wrong-scope 2xx cannot claim success
[419/793] [webkit-iphone] › tests/p2-c-timeline.spec.ts:337:45 › Search mutation refresh restores loaded history window and preserves known rows on read500
[420/793] [chromium-393] › tests/p2-a-entry.spec.ts:55:35 › command body matches P1-B and kernel: percentage-fractional
[421/793] [chromium-393] › tests/p1-c-navigation.spec.ts:21:5 › 08 transaction without Ledger does not scan for ownership
[422/793] [chromium-393] › tests/p1-b-entry.spec.ts:89:5 › storage unavailable or incorrect read-back prevents POST and keeps editing
[423/793] [chromium-393] › tests/p1-c-navigation.spec.ts:22:5 › 09 app row pushes detail and Back restores row focus
[424/793] [chromium-393] › tests/p1-b-entry.spec.ts:98:5 › recovery identity mismatch reveals no stored financial content and cannot replay
[425/793] [chromium-393] › tests/p2-a-entry.spec.ts:55:35 › command body matches P1-B and kernel: exact-partner-payer
[426/793] [chromium-393] › tests/p1-c-navigation.spec.ts:23:5 › 10 direct detail visible Back replaces to Home without leaving product
[427/793] [chromium-393] › tests/p1-c-navigation.spec.ts:24:5 › 11 reload detail preserves URL and drops stale app origin
[428/793] [chromium-393] › tests/p1-b-entry.spec.ts:108:5 › recovery couple mismatch cannot hydrate even when actor and ledger IDs match
[429/793] [chromium-393] › tests/p2-a-entry.spec.ts:55:35 › command body matches P1-B and kernel: income-both
[430/793] [webkit-iphone] › tests/p2-c-timeline.spec.ts:357:5 › direct Detail retry focuses purpose heading after initial bootstrap read500
[431/793] [chromium-393] › tests/p1-c-navigation.spec.ts:25:95 › 12 收支概況 push reload deterministic Back
[432/793] [chromium-393] › tests/p1-b-entry.spec.ts:115:5 › Ledger A recovery takes priority over URL B without activating or moving a write to B
[433/793] [chromium-393] › tests/p2-a-entry.spec.ts:55:35 › command body matches P1-B and kernel: transfer-partner-direction
[434/793] [chromium-393] › tests/p1-c-navigation.spec.ts:25:95 › 13 帳本設定 push reload deterministic Back
[435/793] [webkit-iphone] › tests/p2-c-timeline.spec.ts:365:5 › ambiguous void response retains original mutation key and expectedVersion across a successful background read
[436/793] [chromium-393] › tests/p1-b-entry.spec.ts:129:5 › unknown followed by 401 remains unknown with original operation
[437/793] [chromium-393] › tests/p2-a-entry.spec.ts:82:5 › one host, cancel preserves draft, Apply only edits draft and returns focus
[438/793] [chromium-393] › tests/p1-c-navigation.spec.ts:26:5 › 14 recurring URL reconstructs secondary surface
[439/793] [chromium-393] › tests/p1-b-entry.spec.ts:138:5 › authorized A recovery remains available when the linked Ledger no longer exists
[440/793] [chromium-393] › tests/p1-c-navigation.spec.ts:27:5 › 15 Search pushes URL and Back returns Home
[441/793] [chromium-393] › tests/p2-a-entry.spec.ts:102:5 › both payments and exact shares retain explicit amounts after total changes
[442/793] [webkit-iphone] › tests/p2-c-timeline.spec.ts:381:5 › voiding an origin row beyond twenty returns focus to its nearest surviving timeline row
[443/793] [chromium-393] › tests/p1-b-entry.spec.ts:151:5 › an actor change in the existing document is detected before replay POST
[444/793] [chromium-393] › tests/p1-b-entry.spec.ts:160:5 › a new authorization failure hides cached financial content without discarding commit proof
[445/793] [chromium-393] › tests/p1-c-navigation.spec.ts:28:5 › 16 manual A to B replaces Home and focuses accepted Ledger
[446/793] [chromium-393] › tests/p2-a-entry.spec.ts:119:5 › IME, Enter, disabled reasons, inline association and first-invalid focus
[447/793] [chromium-393] › tests/p1-b-entry.spec.ts:171:5 › timeout after dispatch becomes unknown and preserves the exact recovery operation
[448/793] [chromium-393] › tests/p1-c-navigation.spec.ts:29:5 › 17 A to B to A is generation safe for queued preference
[449/793] [chromium-393] › tests/p1-b-entry.spec.ts:181:5 › correction drop-response reload replay retains original replacement and expected version
[450/793] [webkit-iphone] › tests/p2-c-timeline.spec.ts:391:5 › browser records native view-transition support for bounded Detail-close motion
[451/793] [chromium-393] › tests/p2-a-entry.spec.ts:141:5 › incomplete percentages do not pretend to be equal and default snapshot stays frozen
[452/793] [chromium-393] › tests/p1-c-navigation.spec.ts:30:77 › 18 late A bootstrap success cannot update B
[453/793] [chromium-393] › tests/p1-c-navigation.spec.ts:30:77 › 19 late A bootstrap failure cannot update B
[454/793] [chromium-393] › tests/p1-b-entry.spec.ts:192:5 › first rejection preserves editable draft and unchanged retry reuses the key
[455/793] [chromium-393] › tests/p2-a-entry.spec.ts:154:68 › correction hydrates actual stored expense with historical exact shares
[456/793] [chromium-393] › tests/p1-c-navigation.spec.ts:31:5 › 20 activation failure keeps B readable and retry touches preference only
[457/793] [webkit-iphone] › tests/p2-c-timeline.spec.ts:411:5 › aborted filtered Search append returns an enabled retry and preserves the loaded first page
[458/793] [chromium-393] › tests/p1-b-entry.spec.ts:201:5 › one create/correction draft requires explicit keep or discard
[459/793] [chromium-393] › tests/p1-c-navigation.spec.ts:32:5 › 21 deep link B has NOT-SENT activate evidence
[460/793] [chromium-393] › tests/p1-b-entry.spec.ts:213:5 › creating a Ledger after discarding A opens a usable draft in the new Ledger
[461/793] [chromium-393] › tests/p2-a-entry.spec.ts:154:68 › correction hydrates actual stored income with historical exact shares
[462/793] [chromium-393] › tests/p1-c-navigation.spec.ts:33:5 › 22 explicit Switcher B sends preference activation once
[463/793] [chromium-393] › tests/p1-b-entry.spec.ts:238:45 › correction success preserves commit when refresh succeeds
[464/793] [chromium-393] › tests/p1-c-navigation.spec.ts:34:5 › 23 initial draft switches without confirmation and receives fresh defaults
[465/793] [chromium-393] › tests/p2-a-entry.spec.ts:154:68 › correction hydrates actual stored transfer with historical exact shares
[466/793] [webkit-iphone] › tests/p2-c-timeline.spec.ts:426:5 › Back expands root render window when a new canonical row moves the surviving origin beyond row twenty
[467/793] [chromium-393] › tests/p1-c-navigation.spec.ts:35:5 › 24 amount-only dirty cancel preserves value focus URL and NOT-SENT activation
[468/793] [chromium-393] › tests/p2-a-entry.spec.ts:172:5 › More retains non-default values and 200% text remains reachable without overflow
[469/793] [chromium-393] › tests/p1-b-entry.spec.ts:238:45 › correction success preserves commit when refresh fails
[470/793] [chromium-393] › tests/p1-c-navigation.spec.ts:36:5 › 25 amount-only discard accepts B exactly once
[471/793] [chromium-393] › tests/p1-c-navigation.spec.ts:37:5 › 26 description dirty is guarded and semantic reversion becomes clean
[472/793] [chromium-393] › tests/p2-a-entry.spec.ts:186:5 › switching both to transfer requires an explicit sender and never dispatches a guessed direction
[473/793] [chromium-393] › tests/p1-b-entry.spec.ts:260:5 › a stale posted receipt cannot downgrade balance/next payer or resurrect a later void

(node:7679) Warning: The 'NO_COLOR' env is ignored due to the 'FORCE_COLOR' env being set.
(Use `node --trace-warnings ...` to show where the warning was created)

[474/793] [chromium-393] › tests/p2-b-identity.spec.ts:22:5 › name is the single Home identity; switch A B A reuses canonical scope
[475/793] [chromium-393] › tests/p1-c-navigation.spec.ts:38:5 › 27 advanced-field-only note is dirty with empty amount and retains focus
[476/793] [chromium-393] › tests/p2-a-entry.spec.ts:197:5 › second-member controls retain Ledger order, full kernel preview and associated incomplete errors
[477/793] [chromium-393] › tests/p1-b-entry.spec.ts:273:5 › a stale posted receipt cannot resurrect a replaced transaction
[478/793] [chromium-393] › tests/p1-c-navigation.spec.ts:39:5 › 28 SUBMITTING blocks switch without aborting original POST
[479/793] [chromium-393] › tests/p2-b-identity.spec.ts:52:5 › deep-link viewed B and LINE default A remain distinct and selected is announced
[480/793] [chromium-393] › tests/p2-c-timeline.spec.ts:59:5 › 01–05 20+20 client window preserves identity and single date headings across 20/21 and 40/41
[481/793] [chromium-393] › tests/p1-c-navigation.spec.ts:40:76 › 29 COMMITTED with pending refresh permits switch
[482/793] [chromium-393] › tests/p2-b-identity.spec.ts:65:5 › activation syncing and failure stay bounded while B remains readable
[483/793] [chromium-393] › tests/p1-b-entry.spec.ts:287:5 › partner login odd 681 uses kernel member order and opening defaults despite a background change
[484/793] [chromium-393] › tests/p1-c-navigation.spec.ts:40:76 › 30 COMMITTED with failed refresh permits switch
[485/793] [chromium-393] › tests/p2-b-identity.spec.ts:87:39 › 40 character identities stay complete and wrap at 100% text
[486/793] [chromium-393] › tests/p1-b-entry.spec.ts:297:5 › midnight preserves the current draft date and opens the next draft with today's Taipei date
[487/793] [chromium-393] › tests/p1-c-navigation.spec.ts:41:5 › 31 UNKNOWN blocks financial scope and activation is NOT-SENT
[488/793] [chromium-393] › tests/p2-c-timeline.spec.ts:82:5 › 06 today yesterday cross-year and future use occurrence date under Taipei semantics
[489/793] [chromium-393] › tests/p1-b-entry.spec.ts:310:5 › recovery persistence overhead is bounded and stores only submitted operations
[490/793] [chromium-393] › tests/p2-b-identity.spec.ts:87:39 › 40 character identities stay complete and wrap at 200% text
[491/793] [chromium-393] › tests/p1-c-navigation.spec.ts:42:5 › 32 UNKNOWN replay remains bound to original Ledger body and key
[492/793] [chromium-393] › tests/p2-c-timeline.spec.ts:91:5 › 07 long purpose stays bounded on row and appears in full with long note in Detail
[493/793] [chromium-393] › tests/p1-c-navigation.spec.ts:43:5 › 33 latest pending destination wins without queued switches

(node:7883) Warning: The 'NO_COLOR' env is ignored due to the 'FORCE_COLOR' env being set.
(Use `node --trace-warnings ...` to show where the warning was created)

[494/793] [chromium-393] › tests/p1-c-races.spec.ts:7:5 › native push and replace remain observable and preserve unrelated and Next state
[495/793] [chromium-393] › tests/p2-b-identity.spec.ts:115:5 › 40 unbroken Latin characters wrap without horizontal scroll at 200%
[496/793] [chromium-393] › tests/p2-c-timeline.spec.ts:100:5 › 08 huge canonical TWD remains exact and readable at 200% text
[497/793] [chromium-393] › tests/p1-c-navigation.spec.ts:44:76 › 34 popstate dirty cancel restores truth without activation
[498/793] [chromium-393] › tests/p2-b-identity.spec.ts:125:5 › keyboard enters titled dialog, moves options without writes, selects and returns focus
[499/793] [chromium-393] › tests/p1-c-races.spec.ts:22:5 › LIFF redirect parameters are untouched until init resolves
[500/793] [chromium-393] › tests/p1-c-navigation.spec.ts:44:76 › 35 popstate dirty accept restores truth without activation
[501/793] [chromium-393] › tests/p1-c-races.spec.ts:37:5 › delayed deep-link B cannot pull a subsequent manual A selection back
[502/793] [chromium-393] › tests/p2-b-identity.spec.ts:148:5 › create cancel returns to the same switcher and never changes scope or history
[503/793] [chromium-393] › tests/p1-c-navigation.spec.ts:45:5 › 36 repeated Back and Forward do not loop or inflate history
[504/793] [chromium-393] › tests/p2-c-timeline.spec.ts:114:8 › 09 expense row and Detail use truthful type/payment semantics
[505/793] [chromium-393] › tests/p1-c-races.spec.ts:46:42 › A-B-A late first A bootstrap success cannot overwrite new A
[506/793] [chromium-393] › tests/p2-b-identity.spec.ts:168:40 › create success accepts new name and scope from switcher
[507/793] [chromium-393] › tests/p1-c-navigation.spec.ts:46:5 › 37 late activation and secondary errors cannot contaminate newer Ledger
[508/793] [chromium-393] › tests/p1-c-races.spec.ts:46:42 › A-B-A late first A bootstrap failure cannot overwrite new A
[509/793] [chromium-393] › tests/p2-b-identity.spec.ts:168:40 › create success accepts new name and scope from empty list
[510/793] [chromium-393] › tests/p1-c-navigation.spec.ts:47:5 › 38 Escape equals visible cancel and host never stacks dialogs
[511/793] [chromium-393] › tests/p1-c-races.spec.ts:61:7 › A-B-A late categories success stays in its generation
[512/793] [chromium-393] › tests/p2-c-timeline.spec.ts:114:8 › 10 income row and Detail use truthful type/payment semantics
[513/793] [chromium-393] › tests/p1-c-navigation.spec.ts:48:5 › 39 native dialog labels traps background and restores Ledger trigger focus
[514/793] [chromium-393] › tests/p2-b-identity.spec.ts:189:5 › empty list cancel returns to one clear create entry
[515/793] [chromium-393] › tests/p1-c-races.spec.ts:61:7 › A-B-A late categories failure stays in its generation
[516/793] [chromium-393] › tests/p2-c-timeline.spec.ts:114:8 › 11 transfer row and Detail use truthful type/payment semantics
[517/793] [chromium-393] › tests/p2-b-identity.spec.ts:206:5 › archived-only list has no broken identity trigger
[518/793] [chromium-393] › tests/p1-c-navigation.spec.ts:49:5 › 40 per-Ledger Home scroll restores A to B to A
[519/793] [chromium-393] › tests/p2-b-identity.spec.ts:214:5 › create rejection preserves name and scope; cancelled retry writes nothing
[520/793] [chromium-393] › tests/p1-c-races.spec.ts:61:7 › A-B-A late recurring success stays in its generation
[521/793] [chromium-393] › tests/p2-c-timeline.spec.ts:114:8 › 12 both-payer row and Detail use truthful type/payment semantics
[522/793] [chromium-393] › tests/p1-c-navigation.spec.ts:50:5 › 41 Search query does not carry from A into B
[523/793] [chromium-393] › tests/p1-c-races.spec.ts:61:7 › A-B-A late recurring failure stays in its generation
[524/793] [chromium-393] › tests/p2-b-identity.spec.ts:227:5 › create is single flight and keeps its only dialog until response
[525/793] [chromium-393] › tests/p2-c-timeline.spec.ts:145:5 › 13–17 canonical Detail focuses heading, opens at top and returns scroll/focus to row beyond initial 20
[526/793] [chromium-393] › tests/p1-c-navigation.spec.ts:51:5 › 42 proposal compatibility remains reachable without claimed Ledger ownership
[527/793] [chromium-393] › tests/p1-c-races.spec.ts:61:7 › A-B-A late statistics success stays in its generation
[528/793] [chromium-393] › tests/p1-c-navigation.spec.ts:52:5 › 43 200 percent text has no body overflow and important controls remain 44px

(node:8267) Warning: The 'NO_COLOR' env is ignored due to the 'FORCE_COLOR' env being set.
(Use `node --trace-warnings ...` to show where the warning was created)

[529/793] [webkit-393] › tests/p1-b-entry.spec.ts:25:5 › normal create commits row, balance and next payer together without a bootstrap refresh
[530/793] [chromium-393] › tests/p1-c-races.spec.ts:61:7 › A-B-A late statistics failure stays in its generation
[531/793] [chromium-393] › tests/p2-c-timeline.spec.ts:160:5 › 18–19 direct Detail and reload replace Back to scoped Home without app-origin history escape
[532/793] [chromium-393] › tests/p1-c-navigation.spec.ts:53:5 › 44 reduced motion retains native focus and navigation
[533/793] [chromium-393] › tests/p1-c-races.spec.ts:61:7 › A-B-A late history success stays in its generation
[534/793] [chromium-393] › tests/p1-c-navigation.spec.ts:55:5 › 45 browser Back restores the original transaction row focus
[535/793] [chromium-393] › tests/p2-c-timeline.spec.ts:169:129 › 20 wrong scoped or nonexistent transaction never falls back
[536/793] [chromium-393] › tests/p1-c-navigation.spec.ts:62:5 › 46 dirty discard into a secondary surface focuses heading after dialog closes
[537/793] [chromium-393] › tests/p1-c-races.spec.ts:61:7 › A-B-A late history failure stays in its generation
[538/793] [chromium-393] › tests/p2-c-timeline.spec.ts:169:129 › 21 wrong scoped or nonexistent transaction never falls back
[539/793] [chromium-393] › tests/p1-c-navigation.spec.ts:70:5 › 47 amount and purpose closing guard cancels without losing input
[540/793] [chromium-393] › tests/p2-c-timeline.spec.ts:179:5 › 22–24 replaced and void historical deep links resolve and 查看新版 opens exact replacement
[541/793] [chromium-393] › tests/p1-c-navigation.spec.ts:80:5 › 48 UNKNOWN latest destination survives replay and replaces initial deep-link intent
[542/793] [webkit-393] › tests/p1-b-entry.spec.ts:39:5 › double tap owns one operation and guards switching while submitting
[543/793] [chromium-393] › tests/p1-c-races.spec.ts:91:5 › same-ledger Detail identity change cannot reuse previous attachments
[544/793] [chromium-393] › tests/p2-c-timeline.spec.ts:187:5 › 25–26 edit uses shared P2-A controls and clean cancel returns to Detail
[545/793] [chromium-393] › tests/p1-c-races.spec.ts:101:5 › search failure is visible on Search and absent after leaving its scope
[546/793] [chromium-393] › tests/p1-c-navigation.spec.ts:92:5 › 49 committed recovery awaiting A read permits B without hydrating A into B
[547/793] [chromium-393] › tests/p2-c-timeline.spec.ts:196:46 › 27 correction known commit remains success when read succeeds
[548/793] [webkit-393] › tests/p1-b-entry.spec.ts:54:5 › commit then dropped response reloads UNKNOWN and explicit replay returns original result with identical body/key
[549/793] [chromium-393] › tests/p1-c-races.spec.ts:110:5 › same-ledger proposal compatibility responses stay with their proposal id
[550/793] [chromium-393] › tests/p1-c-navigation.spec.ts:103:46 › 50 bootstrap 401 has a scoped recovery action
[551/793] [chromium-393] › tests/p1-c-races.spec.ts:122:52 › popstate while SUBMITTING keeps original scope and sends no destination request
[552/793] [chromium-393] › tests/p2-c-timeline.spec.ts:196:46 › 28 correction known commit remains success when read 500
[553/793] [chromium-393] › tests/p1-c-navigation.spec.ts:103:46 › 50 bootstrap 403 has a scoped recovery action
[554/793] [chromium-393] › tests/p1-c-races.spec.ts:122:52 › popstate while UNKNOWN keeps original scope and sends no destination request
[555/793] [chromium-393] › tests/p1-c-navigation.spec.ts:103:46 › 50 bootstrap 404 has a scoped recovery action
[556/793] [chromium-393] › tests/p2-c-timeline.spec.ts:207:46 › 29 explicit void preserves known success when read succeeds
[557/793] [webkit-393] › tests/p1-b-entry.spec.ts:72:5 › compatible partial commit plus GET 500 stays COMMITTED, including reload and read-only retry
[558/793] [chromium-393] › tests/p1-c-races.spec.ts:139:5 › late refresh and background resume do not steal editing focus
[559/793] [chromium-393] › tests/p1-c-navigation.spec.ts:103:46 › 50 bootstrap 500 has a scoped recovery action
[560/793] [chromium-393] › tests/p1-c-races.spec.ts:150:49 › 收支概況 Back restores Home scroll; reload resets it
[561/793] [chromium-393] › tests/p2-c-timeline.spec.ts:207:46 › 30 explicit void preserves known success when read 500

(node:8582) Warning: The 'NO_COLOR' env is ignored due to the 'FORCE_COLOR' env being set.
(Use `node --trace-warnings ...` to show where the warning was created)

[562/793] [webkit-393] › tests/p1-c-navigation.spec.ts:15:5 › 01 normal launch replaces current URL with explicit canonical Ledger
[563/793] [webkit-393] › tests/p1-b-entry.spec.ts:83:63 › malformed 2xx cannot claim success
[564/793] [chromium-393] › tests/p1-c-races.spec.ts:150:49 › 帳本設定 Back restores Home scroll; reload resets it
[565/793] [chromium-393] › tests/p2-c-timeline.spec.ts:218:5 › 31 historical void Detail retains service restore ability
[566/793] [chromium-393] › tests/p1-c-races.spec.ts:150:49 › 搜尋 Back restores Home scroll; reload resets it
[567/793] [webkit-393] › tests/p1-b-entry.spec.ts:83:63 › wrong-scope 2xx cannot claim success
[568/793] [chromium-393] › tests/p2-c-timeline.spec.ts:226:5 › 32–34 receipt existing open upload and delete stay within Detail attachment capability
[569/793] [webkit-393] › tests/p1-b-entry.spec.ts:89:5 › storage unavailable or incorrect read-back prevents POST and keeps editing
[570/793] [webkit-393] › tests/p1-c-navigation.spec.ts:16:5 › 02 explicit B deep link reads only B
[571/793] [chromium-393] › tests/p1-c-races.spec.ts:164:47 › unsaved setting 新增自訂分類 shares the leave host and preserves focus on cancel
[572/793] [chromium-393] › tests/p2-c-timeline.spec.ts:238:5 › 35 attachment failure preserves posted financial state and sends no financial mutation
[573/793] [chromium-393] › tests/p1-c-races.spec.ts:164:47 › unsaved setting 週期交易名稱 shares the leave host and preserves focus on cancel
[574/793] [webkit-393] › tests/p1-b-entry.spec.ts:98:5 › recovery identity mismatch reveals no stored financial content and cannot replay
[575/793] [webkit-393] › tests/p1-c-navigation.spec.ts:17:130 › 03 nonexistent explicit target offers bounded recovery
[576/793] [chromium-393] › tests/p2-c-timeline.spec.ts:247:5 › 36–37 timeline has one interactive row and no legacy details or duplicate financial/receipt actions
[577/793] [chromium-393] › tests/p1-c-races.spec.ts:177:88 › stats read 401 offers the correct recovery action without changing Ledger preference
[578/793] [chromium-393] › tests/p2-c-timeline.spec.ts:256:5 › 38–39 Search preserves secondary filters and include-void reveals historical row, with origin Back
[579/793] [webkit-393] › tests/p1-c-navigation.spec.ts:17:130 › 04 unauthorized explicit target offers bounded recovery
[580/793] [chromium-393] › tests/p1-c-races.spec.ts:177:88 › stats read 500 offers the correct recovery action without changing Ledger preference
[581/793] [webkit-393] › tests/p1-b-entry.spec.ts:108:5 › recovery couple mismatch cannot hydrate even when actor and ledger IDs match
[582/793] [chromium-393] › tests/p1-c-races.spec.ts:177:88 › recurring read 401 offers the correct recovery action without changing Ledger preference
[583/793] [chromium-393] › tests/p2-c-timeline.spec.ts:267:5 › 40 P2-B Ledger switch keeps truthful identity and scopes timeline data
[584/793] [chromium-393] › tests/p1-c-races.spec.ts:177:88 › recurring read 500 offers the correct recovery action without changing Ledger preference
[585/793] [webkit-393] › tests/p1-c-navigation.spec.ts:18:5 › 05 invalid explicit B never paints A content
[586/793] [chromium-393] › tests/p2-c-timeline.spec.ts:273:5 › 41 P2-A create editor remains usable and canonical upsert keeps future row first
[587/793] [webkit-393] › tests/p1-b-entry.spec.ts:115:5 › Ledger A recovery takes priority over URL B without activating or moving a write to B
[588/793] [chromium-393] › tests/p1-c-races.spec.ts:177:88 › search read 401 offers the correct recovery action without changing Ledger preference
[589/793] [webkit-393] › tests/p1-c-navigation.spec.ts:19:5 › 06 transaction with correct Ledger reconstructs and focuses detail
[590/793] [chromium-393] › tests/p1-c-races.spec.ts:177:88 › search read 500 offers the correct recovery action without changing Ledger preference
[591/793] [webkit-393] › tests/p1-c-navigation.spec.ts:20:5 › 07 transaction with wrong Ledger shows link error without guessing another Ledger
[592/793] [webkit-393] › tests/p1-b-entry.spec.ts:129:5 › unknown followed by 401 remains unknown with original operation
[593/793] [chromium-393] › tests/p2-c-timeline.spec.ts:282:5 › 42 dirty correction leave guard keeps draft/focus or explicitly discards with one dialog host
[594/793] [chromium-393] › tests/p1-c-races.spec.ts:200:5 › stale app-origin row marker falls back to a surviving Home row
[595/793] [webkit-393] › tests/p1-c-navigation.spec.ts:21:5 › 08 transaction without Ledger does not scan for ownership
[596/793] [webkit-393] › tests/p1-b-entry.spec.ts:138:5 › authorized A recovery remains available when the linked Ledger no longer exists
[597/793] [webkit-393] › tests/p1-c-navigation.spec.ts:22:5 › 09 app row pushes detail and Back restores row focus
[598/793] [chromium-393] › tests/p2-c-timeline.spec.ts:291:5 › first read has three static timeline skeletons and refresh failure preserves known effective rows

(node:8968) Warning: The 'NO_COLOR' env is ignored due to the 'FORCE_COLOR' env being set.
(Use `node --trace-warnings ...` to show where the warning was created)

[599/793] [webkit-393] › tests/p2-a-entry.spec.ts:55:35 › command body matches P1-B and kernel: default-simple-1-1
[600/793] [webkit-393] › tests/p1-b-entry.spec.ts:151:5 › an actor change in the existing document is detected before replay POST
[601/793] [webkit-393] › tests/p1-c-navigation.spec.ts:23:5 › 10 direct detail visible Back replaces to Home without leaving product
[602/793] [chromium-393] › tests/p2-c-timeline.spec.ts:300:5 › empty effective history avoids fake zeros and historical records remain deep-linkable
[603/793] [webkit-393] › tests/p1-c-navigation.spec.ts:24:5 › 11 reload detail preserves URL and drops stale app origin
[604/793] [webkit-393] › tests/p1-b-entry.spec.ts:160:5 › a new authorization failure hides cached financial content without discarding commit proof
[605/793] [chromium-393] › tests/p2-c-timeline.spec.ts:306:5 › Detail pending read and read500 never guess a transaction or reveal foreign scope
[606/793] [webkit-393] › tests/p1-b-entry.spec.ts:171:5 › timeout after dispatch becomes unknown and preserves the exact recovery operation
[607/793] [webkit-393] › tests/p1-c-navigation.spec.ts:25:95 › 12 收支概況 push reload deterministic Back
[608/793] [webkit-393] › tests/p2-a-entry.spec.ts:55:35 › command body matches P1-B and kernel: non-50-50-second-member-partner-2-1
[609/793] [chromium-393] › tests/p2-c-timeline.spec.ts:315:5 › 200% long notes and reduced motion keep Back and More actions reachable without overflow
[610/793] [webkit-393] › tests/p1-b-entry.spec.ts:181:5 › correction drop-response reload replay retains original replacement and expected version
[611/793] [webkit-393] › tests/p1-c-navigation.spec.ts:25:95 › 13 帳本設定 push reload deterministic Back
[612/793] [webkit-393] › tests/p2-a-entry.spec.ts:55:35 › command body matches P1-B and kernel: both-payers-second-member-0-1
[613/793] [chromium-393] › tests/p2-c-timeline.spec.ts:322:5 › filtered Search preserves insertion-independent origin scroll and loaded second history page without a new request
[614/793] [webkit-393] › tests/p1-c-navigation.spec.ts:26:5 › 14 recurring URL reconstructs secondary surface
[615/793] [webkit-393] › tests/p2-a-entry.spec.ts:55:35 › command body matches P1-B and kernel: equal-second-member
[616/793] [webkit-393] › tests/p1-b-entry.spec.ts:192:5 › first rejection preserves editable draft and unchanged retry reuses the key
[617/793] [chromium-393] › tests/p2-c-timeline.spec.ts:337:45 › Search mutation refresh restores loaded history window and reads the same two pages
[618/793] [webkit-393] › tests/p1-c-navigation.spec.ts:27:5 › 15 Search pushes URL and Back returns Home
[619/793] [webkit-393] › tests/p1-b-entry.spec.ts:201:5 › one create/correction draft requires explicit keep or discard
[620/793] [webkit-393] › tests/p2-a-entry.spec.ts:55:35 › command body matches P1-B and kernel: percentage-fractional
[621/793] [webkit-393] › tests/p1-c-navigation.spec.ts:28:5 › 16 manual A to B replaces Home and focuses accepted Ledger
[622/793] [webkit-393] › tests/p1-b-entry.spec.ts:213:5 › creating a Ledger after discarding A opens a usable draft in the new Ledger
[623/793] [webkit-393] › tests/p2-a-entry.spec.ts:55:35 › command body matches P1-B and kernel: exact-partner-payer
[624/793] [chromium-393] › tests/p2-c-timeline.spec.ts:337:45 › Search mutation refresh restores loaded history window and preserves known rows on read500
[625/793] [webkit-393] › tests/p1-c-navigation.spec.ts:29:5 › 17 A to B to A is generation safe for queued preference
[626/793] [webkit-393] › tests/p1-b-entry.spec.ts:238:45 › correction success preserves commit when refresh succeeds
[627/793] [webkit-393] › tests/p2-a-entry.spec.ts:55:35 › command body matches P1-B and kernel: income-both
[628/793] [webkit-393] › tests/p1-c-navigation.spec.ts:30:77 › 18 late A bootstrap success cannot update B
[629/793] [chromium-393] › tests/p2-c-timeline.spec.ts:357:5 › direct Detail retry focuses purpose heading after initial bootstrap read500
[630/793] [webkit-393] › tests/p2-a-entry.spec.ts:55:35 › command body matches P1-B and kernel: transfer-partner-direction
[631/793] [webkit-393] › tests/p1-c-navigation.spec.ts:30:77 › 19 late A bootstrap failure cannot update B
[632/793] [webkit-393] › tests/p1-b-entry.spec.ts:238:45 › correction success preserves commit when refresh fails
[633/793] [chromium-393] › tests/p2-c-timeline.spec.ts:365:5 › ambiguous void response retains original mutation key and expectedVersion across a successful background read
[634/793] [webkit-393] › tests/p1-c-navigation.spec.ts:31:5 › 20 activation failure keeps B readable and retry touches preference only
[635/793] [webkit-393] › tests/p2-a-entry.spec.ts:82:5 › one host, cancel preserves draft, Apply only edits draft and returns focus
[636/793] [chromium-393] › tests/p2-c-timeline.spec.ts:381:5 › voiding an origin row beyond twenty returns focus to its nearest surviving timeline row
[637/793] [webkit-393] › tests/p1-b-entry.spec.ts:260:5 › a stale posted receipt cannot downgrade balance/next payer or resurrect a later void
[638/793] [webkit-393] › tests/p1-c-navigation.spec.ts:32:5 › 21 deep link B has NOT-SENT activate evidence
[639/793] [webkit-393] › tests/p2-a-entry.spec.ts:102:5 › both payments and exact shares retain explicit amounts after total changes
[640/793] [webkit-393] › tests/p1-b-entry.spec.ts:273:5 › a stale posted receipt cannot resurrect a replaced transaction
[641/793] [chromium-393] › tests/p2-c-timeline.spec.ts:391:5 › browser records native view-transition support for bounded Detail-close motion
[642/793] [webkit-393] › tests/p1-c-navigation.spec.ts:33:5 › 22 explicit Switcher B sends preference activation once
[643/793] [chromium-393] › tests/p2-c-timeline.spec.ts:411:5 › aborted filtered Search append returns an enabled retry and preserves the loaded first page
[644/793] [webkit-393] › tests/p1-b-entry.spec.ts:287:5 › partner login odd 681 uses kernel member order and opening defaults despite a background change
[645/793] [webkit-393] › tests/p2-a-entry.spec.ts:119:5 › IME, Enter, disabled reasons, inline association and first-invalid focus
[646/793] [webkit-393] › tests/p1-c-navigation.spec.ts:34:5 › 23 initial draft switches without confirmation and receives fresh defaults
[647/793] [webkit-393] › tests/p1-c-navigation.spec.ts:35:5 › 24 amount-only dirty cancel preserves value focus URL and NOT-SENT activation
[648/793] [chromium-393] › tests/p2-c-timeline.spec.ts:426:5 › Back expands root render window when a new canonical row moves the surviving origin beyond row twenty
[649/793] [webkit-393] › tests/p1-b-entry.spec.ts:297:5 › midnight preserves the current draft date and opens the next draft with today's Taipei date
[650/793] [webkit-393] › tests/p2-a-entry.spec.ts:141:5 › incomplete percentages do not pretend to be equal and default snapshot stays frozen
[651/793] [webkit-393] › tests/p1-b-entry.spec.ts:310:5 › recovery persistence overhead is bounded and stores only submitted operations
[652/793] [webkit-393] › tests/p1-c-navigation.spec.ts:36:5 › 25 amount-only discard accepts B exactly once
[653/793] [webkit-393] › tests/p2-a-entry.spec.ts:154:68 › correction hydrates actual stored expense with historical exact shares

(node:9804) Warning: The 'NO_COLOR' env is ignored due to the 'FORCE_COLOR' env being set.
(Use `node --trace-warnings ...` to show where the warning was created)

[654/793] [webkit-393] › tests/p2-b-identity.spec.ts:22:5 › name is the single Home identity; switch A B A reuses canonical scope
[655/793] [webkit-393] › tests/p2-c-timeline.spec.ts:59:5 › 01–05 20+20 client window preserves identity and single date headings across 20/21 and 40/41
[656/793] [webkit-393] › tests/p1-c-navigation.spec.ts:37:5 › 26 description dirty is guarded and semantic reversion becomes clean
[657/793] [webkit-393] › tests/p2-a-entry.spec.ts:154:68 › correction hydrates actual stored income with historical exact shares
[658/793] [webkit-393] › tests/p1-c-navigation.spec.ts:38:5 › 27 advanced-field-only note is dirty with empty amount and retains focus
[659/793] [webkit-393] › tests/p2-a-entry.spec.ts:154:68 › correction hydrates actual stored transfer with historical exact shares
[660/793] [webkit-393] › tests/p2-c-timeline.spec.ts:82:5 › 06 today yesterday cross-year and future use occurrence date under Taipei semantics
[661/793] [webkit-393] › tests/p1-c-navigation.spec.ts:39:5 › 28 SUBMITTING blocks switch without aborting original POST
[662/793] [webkit-393] › tests/p2-b-identity.spec.ts:52:5 › deep-link viewed B and LINE default A remain distinct and selected is announced
[663/793] [webkit-393] › tests/p2-a-entry.spec.ts:172:5 › More retains non-default values and 200% text remains reachable without overflow
[664/793] [webkit-393] › tests/p2-c-timeline.spec.ts:91:5 › 07 long purpose stays bounded on row and appears in full with long note in Detail
[665/793] [webkit-393] › tests/p1-c-navigation.spec.ts:40:76 › 29 COMMITTED with pending refresh permits switch
[666/793] [webkit-393] › tests/p2-b-identity.spec.ts:65:5 › activation syncing and failure stay bounded while B remains readable
[667/793] [webkit-393] › tests/p2-a-entry.spec.ts:186:5 › switching both to transfer requires an explicit sender and never dispatches a guessed direction
[668/793] [webkit-393] › tests/p1-c-navigation.spec.ts:40:76 › 30 COMMITTED with failed refresh permits switch
[669/793] [webkit-393] › tests/p2-c-timeline.spec.ts:100:5 › 08 huge canonical TWD remains exact and readable at 200% text
[670/793] [webkit-393] › tests/p2-b-identity.spec.ts:87:39 › 40 character identities stay complete and wrap at 100% text
[671/793] [webkit-393] › tests/p1-c-navigation.spec.ts:41:5 › 31 UNKNOWN blocks financial scope and activation is NOT-SENT
[672/793] [webkit-393] › tests/p2-a-entry.spec.ts:197:5 › second-member controls retain Ledger order, full kernel preview and associated incomplete errors
[673/793] [webkit-393] › tests/p2-b-identity.spec.ts:87:39 › 40 character identities stay complete and wrap at 200% text
[674/793] [webkit-393] › tests/p2-c-timeline.spec.ts:114:8 › 09 expense row and Detail use truthful type/payment semantics
[675/793] [webkit-393] › tests/p1-c-navigation.spec.ts:42:5 › 32 UNKNOWN replay remains bound to original Ledger body and key
[676/793] [webkit-393] › tests/p2-b-identity.spec.ts:115:5 › 40 unbroken Latin characters wrap without horizontal scroll at 200%

(node:10173) Warning: The 'NO_COLOR' env is ignored due to the 'FORCE_COLOR' env being set.
(Use `node --trace-warnings ...` to show where the warning was created)

[677/793] [webkit-393] › tests/p1-c-races.spec.ts:7:5 › native push and replace remain observable and preserve unrelated and Next state
[678/793] [webkit-393] › tests/p2-c-timeline.spec.ts:114:8 › 10 income row and Detail use truthful type/payment semantics
[679/793] [webkit-393] › tests/p2-b-identity.spec.ts:125:5 › keyboard enters titled dialog, moves options without writes, selects and returns focus
[680/793] [webkit-393] › tests/p1-c-navigation.spec.ts:43:5 › 33 latest pending destination wins without queued switches
[681/793] [webkit-393] › tests/p2-c-timeline.spec.ts:114:8 › 11 transfer row and Detail use truthful type/payment semantics
[682/793] [webkit-393] › tests/p1-c-navigation.spec.ts:44:76 › 34 popstate dirty cancel restores truth without activation
[683/793] [webkit-393] › tests/p2-b-identity.spec.ts:148:5 › create cancel returns to the same switcher and never changes scope or history
[684/793] [webkit-393] › tests/p1-c-races.spec.ts:22:5 › LIFF redirect parameters are untouched until init resolves
[685/793] [webkit-393] › tests/p2-c-timeline.spec.ts:114:8 › 12 both-payer row and Detail use truthful type/payment semantics
[686/793] [webkit-393] › tests/p1-c-navigation.spec.ts:44:76 › 35 popstate dirty accept restores truth without activation
[687/793] [webkit-393] › tests/p1-c-races.spec.ts:37:5 › delayed deep-link B cannot pull a subsequent manual A selection back
[688/793] [webkit-393] › tests/p2-b-identity.spec.ts:168:40 › create success accepts new name and scope from switcher
[689/793] [webkit-393] › tests/p1-c-navigation.spec.ts:45:5 › 36 repeated Back and Forward do not loop or inflate history
[690/793] [webkit-393] › tests/p2-c-timeline.spec.ts:145:5 › 13–17 canonical Detail focuses heading, opens at top and returns scroll/focus to row beyond initial 20
[691/793] [webkit-393] › tests/p1-c-races.spec.ts:46:42 › A-B-A late first A bootstrap success cannot overwrite new A
[692/793] [webkit-393] › tests/p2-b-identity.spec.ts:168:40 › create success accepts new name and scope from empty list
[693/793] [webkit-393] › tests/p1-c-navigation.spec.ts:46:5 › 37 late activation and secondary errors cannot contaminate newer Ledger
[694/793] [webkit-393] › tests/p1-c-races.spec.ts:46:42 › A-B-A late first A bootstrap failure cannot overwrite new A
[695/793] [webkit-393] › tests/p2-c-timeline.spec.ts:160:5 › 18–19 direct Detail and reload replace Back to scoped Home without app-origin history escape
[696/793] [webkit-393] › tests/p2-b-identity.spec.ts:189:5 › empty list cancel returns to one clear create entry
[697/793] [webkit-393] › tests/p1-c-navigation.spec.ts:47:5 › 38 Escape equals visible cancel and host never stacks dialogs
[698/793] [webkit-393] › tests/p1-c-races.spec.ts:61:7 › A-B-A late categories success stays in its generation
[699/793] [webkit-393] › tests/p2-b-identity.spec.ts:206:5 › archived-only list has no broken identity trigger
[700/793] [webkit-393] › tests/p1-c-navigation.spec.ts:48:5 › 39 native dialog labels traps background and restores Ledger trigger focus
[701/793] [webkit-393] › tests/p2-c-timeline.spec.ts:169:129 › 20 wrong scoped or nonexistent transaction never falls back
[702/793] [webkit-393] › tests/p2-b-identity.spec.ts:214:5 › create rejection preserves name and scope; cancelled retry writes nothing
[703/793] [webkit-393] › tests/p1-c-races.spec.ts:61:7 › A-B-A late categories failure stays in its generation
[704/793] [webkit-393] › tests/p2-c-timeline.spec.ts:169:129 › 21 wrong scoped or nonexistent transaction never falls back
[705/793] [webkit-393] › tests/p1-c-navigation.spec.ts:49:5 › 40 per-Ledger Home scroll restores A to B to A
[706/793] [webkit-393] › tests/p2-c-timeline.spec.ts:179:5 › 22–24 replaced and void historical deep links resolve and 查看新版 opens exact replacement
[707/793] [webkit-393] › tests/p2-b-identity.spec.ts:227:5 › create is single flight and keeps its only dialog until response
[708/793] [webkit-393] › tests/p1-c-races.spec.ts:61:7 › A-B-A late recurring success stays in its generation
[709/793] [webkit-393] › tests/p1-c-navigation.spec.ts:50:5 › 41 Search query does not carry from A into B
[710/793] [webkit-393] › tests/p1-c-navigation.spec.ts:51:5 › 42 proposal compatibility remains reachable without claimed Ledger ownership
[711/793] [webkit-393] › tests/p1-c-races.spec.ts:61:7 › A-B-A late recurring failure stays in its generation
[712/793] [webkit-393] › tests/p2-c-timeline.spec.ts:187:5 › 25–26 edit uses shared P2-A controls and clean cancel returns to Detail

(node:10569) Warning: The 'NO_COLOR' env is ignored due to the 'FORCE_COLOR' env being set.
(Use `node --trace-warnings ...` to show where the warning was created)

[713/793] [chromium-wide] › tests/v2-liff.spec.ts:230:5 › P1-A keeps the native transaction date fully readable at mobile widths and enlarged text
[714/793] [webkit-393] › tests/p1-c-navigation.spec.ts:52:5 › 43 200 percent text has no body overflow and important controls remain 44px
[715/793] [webkit-393] › tests/p1-c-races.spec.ts:61:7 › A-B-A late statistics success stays in its generation
[716/793] [webkit-393] › tests/p2-c-timeline.spec.ts:196:46 › 27 correction known commit remains success when read succeeds
[717/793] [webkit-393] › tests/p1-c-navigation.spec.ts:53:5 › 44 reduced motion retains native focus and navigation
[718/793] [chromium-wide] › tests/v2-liff.spec.ts:323:5 › uses the V2 startup request budget
[719/793] [webkit-393] › tests/p1-c-races.spec.ts:61:7 › A-B-A late statistics failure stays in its generation
[720/793] [webkit-393] › tests/p2-c-timeline.spec.ts:196:46 › 28 correction known commit remains success when read 500
[721/793] [chromium-wide] › tests/v2-liff.spec.ts:334:5 › P1-A restores zoom and keeps primary controls readable and tappable
[722/793] [webkit-393] › tests/p1-c-navigation.spec.ts:55:5 › 45 browser Back restores the original transaction row focus
[723/793] [webkit-393] › tests/p1-c-races.spec.ts:61:7 › A-B-A late history success stays in its generation
[724/793] [webkit-393] › tests/p1-c-navigation.spec.ts:62:5 › 46 dirty discard into a secondary surface focuses heading after dialog closes
[725/793] [webkit-393] › tests/p2-c-timeline.spec.ts:207:46 › 29 explicit void preserves known success when read succeeds
[726/793] [chromium-wide] › tests/v2-liff.spec.ts:421:5 › P1-A keeps keyboard focus visible and honors reduced motion
[727/793] [webkit-393] › tests/p1-c-races.spec.ts:61:7 › A-B-A late history failure stays in its generation
[728/793] [chromium-wide] › tests/v2-liff.spec.ts:452:5 › P1-A keeps long Ledger names and large TWD balances reachable at 200% text size
[729/793] [webkit-393] › tests/p1-c-navigation.spec.ts:70:5 › 47 amount and purpose closing guard cancels without losing input
[730/793] [webkit-393] › tests/p2-c-timeline.spec.ts:207:46 › 30 explicit void preserves known success when read 500
[731/793] [chromium-wide] › tests/v2-liff.spec.ts:475:5 › loads statistics and recurring rules only when their secondary UI is opened
[732/793] [webkit-393] › tests/p1-c-navigation.spec.ts:80:5 › 48 UNKNOWN latest destination survives replay and replaces initial deep-link intent
[733/793] [chromium-wide] › tests/v2-liff.spec.ts:482:5 › shows server-confirmed saving and success feedback without waiting for history reload
[734/793] [webkit-393] › tests/p2-c-timeline.spec.ts:218:5 › 31 historical void Detail retains service restore ability
[735/793] [webkit-393] › tests/p1-c-races.spec.ts:91:5 › same-ledger Detail identity change cannot reuse previous attachments
[736/793] [chromium-wide] › tests/v2-liff.spec.ts:506:5 › payer and split choices use the existing native host while low-frequency fields stay under More
[737/793] [webkit-393] › tests/p1-c-navigation.spec.ts:92:5 › 49 committed recovery awaiting A read permits B without hydrating A into B
[738/793] [webkit-393] › tests/p1-c-races.spec.ts:101:5 › search failure is visible on Search and absent after leaving its scope
[739/793] [webkit-393] › tests/p2-c-timeline.spec.ts:226:5 › 32–34 receipt existing open upload and delete stay within Detail attachment capability
[740/793] [chromium-wide] › tests/v2-liff.spec.ts:531:5 › uses continuous balance language for either payer and balanced state
[741/793] [webkit-393] › tests/p1-c-navigation.spec.ts:103:46 › 50 bootstrap 401 has a scoped recovery action
[742/793] [webkit-393] › tests/p1-c-races.spec.ts:110:5 › same-ledger proposal compatibility responses stay with their proposal id
[743/793] [chromium-wide] › tests/v2-liff.spec.ts:542:5 › keeps the daily UI usable on a narrow mobile viewport
[744/793] [webkit-393] › tests/p2-c-timeline.spec.ts:238:5 › 35 attachment failure preserves posted financial state and sends no financial mutation
[745/793] [webkit-393] › tests/p1-c-navigation.spec.ts:103:46 › 50 bootstrap 403 has a scoped recovery action
[746/793] [webkit-393] › tests/p1-c-races.spec.ts:122:52 › popstate while SUBMITTING keeps original scope and sends no destination request
[747/793] [webkit-393] › tests/p1-c-navigation.spec.ts:103:46 › 50 bootstrap 404 has a scoped recovery action
[748/793] [chromium-wide] › tests/v2-liff.spec.ts:559:5 › keeps voided transactions distinct in canonical Detail and excludes them from daily history
[749/793] [webkit-393] › tests/p2-c-timeline.spec.ts:247:5 › 36–37 timeline has one interactive row and no legacy details or duplicate financial/receipt actions
[750/793] [webkit-393] › tests/p1-c-races.spec.ts:122:52 › popstate while UNKNOWN keeps original scope and sends no destination request
[751/793] [webkit-393] › tests/p1-c-navigation.spec.ts:103:46 › 50 bootstrap 500 has a scoped recovery action
[752/793] [chromium-wide] › tests/v2-liff.spec.ts:574:5 › uses the canonical save response without reloading the Ledger
[753/793] [webkit-393] › tests/p2-c-timeline.spec.ts:256:5 › 38–39 Search preserves secondary filters and include-void reveals historical row, with origin Back
[754/793] [webkit-393] › tests/p1-c-races.spec.ts:139:5 › late refresh and background resume do not steal editing focus
[755/793] [chromium-wide] › tests/v2-liff.spec.ts:583:5 › keeps the draft on a rejected POST and does not add a local row
[756/793] [webkit-393] › tests/p1-c-races.spec.ts:150:49 › 收支概況 Back restores Home scroll; reload resets it
[757/793] [chromium-wide] › tests/v2-liff.spec.ts:595:5 › reuses the idempotency key on an unchanged retry
[758/793] [webkit-393] › tests/p2-c-timeline.spec.ts:267:5 › 40 P2-B Ledger switch keeps truthful identity and scopes timeline data
[759/793] [chromium-wide] › tests/v2-liff.spec.ts:609:5 › keeps a committed transaction out of a nonmatching search projection
[760/793] [webkit-393] › tests/p1-c-races.spec.ts:150:49 › 帳本設定 Back restores Home scroll; reload resets it
[761/793] [webkit-393] › tests/p2-c-timeline.spec.ts:273:5 › 41 P2-A create editor remains usable and canonical upsert keeps future row first
[762/793] [chromium-wide] › tests/v2-liff.spec.ts:649:5 › V3-0 ignores reversed bootstrap responses after explicit draft discard
[763/793] [webkit-393] › tests/p1-c-races.spec.ts:150:49 › 搜尋 Back restores Home scroll; reload resets it
[764/793] [webkit-393] › tests/p2-c-timeline.spec.ts:282:5 › 42 dirty correction leave guard keeps draft/focus or explicitly discards with one dialog host
[765/793] [chromium-wide] › tests/v2-liff.spec.ts:672:5 › V3-0 rapid A B A switches ignore the first A generation and stale errors
[766/793] [webkit-393] › tests/p1-c-races.spec.ts:164:47 › unsaved setting 新增自訂分類 shares the leave host and preserves focus on cancel
[767/793] [webkit-393] › tests/p2-c-timeline.spec.ts:291:5 › first read has three static timeline skeletons and refresh failure preserves known effective rows
[768/793] [chromium-wide] › tests/v2-liff.spec.ts:691:7 › V3-0 ignores reversed statistics responses across Ledgers
[769/793] [webkit-393] › tests/p1-c-races.spec.ts:164:47 › unsaved setting 週期交易名稱 shares the leave host and preserves focus on cancel
[770/793] [webkit-393] › tests/p2-c-timeline.spec.ts:300:5 › empty effective history avoids fake zeros and historical records remain deep-linkable
[771/793] [webkit-393] › tests/p1-c-races.spec.ts:177:88 › stats read 401 offers the correct recovery action without changing Ledger preference
[772/793] [chromium-wide] › tests/v2-liff.spec.ts:691:7 › V3-0 ignores reversed categories responses across Ledgers
[773/793] [webkit-393] › tests/p2-c-timeline.spec.ts:306:5 › Detail pending read and read500 never guess a transaction or reveal foreign scope
[774/793] [webkit-393] › tests/p1-c-races.spec.ts:177:88 › stats read 500 offers the correct recovery action without changing Ledger preference
[775/793] [chromium-wide] › tests/v2-liff.spec.ts:691:7 › V3-0 ignores reversed recurring responses across Ledgers
[776/793] [webkit-393] › tests/p1-c-races.spec.ts:177:88 › recurring read 401 offers the correct recovery action without changing Ledger preference
[777/793] [webkit-393] › tests/p2-c-timeline.spec.ts:315:5 › 200% long notes and reduced motion keep Back and More actions reachable without overflow
[778/793] [webkit-393] › tests/p1-c-races.spec.ts:177:88 › recurring read 500 offers the correct recovery action without changing Ledger preference
[779/793] [chromium-wide] › tests/v2-liff.spec.ts:691:7 › V3-0 ignores reversed transactions responses across Ledgers
[780/793] [webkit-393] › tests/p1-c-races.spec.ts:177:88 › search read 401 offers the correct recovery action without changing Ledger preference
[781/793] [webkit-393] › tests/p2-c-timeline.spec.ts:322:5 › filtered Search preserves insertion-independent origin scroll and loaded second history page without a new request
[782/793] [webkit-393] › tests/p1-c-races.spec.ts:177:88 › search read 500 offers the correct recovery action without changing Ledger preference
[783/793] [chromium-wide] › tests/v2-liff.spec.ts:719:5 › V3-0 switching Ledger after a deep link stays on the manual selection
[784/793] [webkit-393] › tests/p1-c-races.spec.ts:200:5 › stale app-origin row marker falls back to a surviving Home row
[785/793] [webkit-393] › tests/p2-c-timeline.spec.ts:337:45 › Search mutation refresh restores loaded history window and reads the same two pages
[786/793] [chromium-wide] › tests/v2-liff.spec.ts:737:5 › V3-0 guards a late A save, then explicit discard cannot reuse A feedback or key in B
[787/793] [webkit-393] › tests/p2-c-timeline.spec.ts:337:45 › Search mutation refresh restores loaded history window and preserves known rows on read500
[788/793] [webkit-393] › tests/p2-c-timeline.spec.ts:357:5 › direct Detail retry focuses purpose heading after initial bootstrap read500
[789/793] [webkit-393] › tests/p2-c-timeline.spec.ts:365:5 › ambiguous void response retains original mutation key and expectedVersion across a successful background read
[790/793] [webkit-393] › tests/p2-c-timeline.spec.ts:381:5 › voiding an origin row beyond twenty returns focus to its nearest surviving timeline row
[791/793] [webkit-393] › tests/p2-c-timeline.spec.ts:391:5 › browser records native view-transition support for bounded Detail-close motion
[792/793] [webkit-393] › tests/p2-c-timeline.spec.ts:411:5 › aborted filtered Search append returns an enabled retry and preserves the loaded first page
[793/793] [webkit-393] › tests/p2-c-timeline.spec.ts:426:5 › Back expands root render window when a new canonical row moves the surviving origin beyond row twenty
  2 failed
    [chromium-iphone] › tests/p2-c-timeline.spec.ts:306:5 › Detail pending read and read500 never guess a transaction or reveal foreign scope 
    [chromium-iphone] › tests/v2-liff.spec.ts:691:7 › V3-0 ignores reversed recurring responses across Ledgers 
  791 passed (11.6m)
[ELIFECYCLE] Command failed with exit code 1.
